{
   "type": "FeatureCollection",
   "features": [
  {
    "type": "Feature",
    "geometry": {
       "type": "Point",
       "coordinates":  [ 121.5869915,25.07823331 ]
    },
    "properties": {
    "場館編號":1055,
    "場館名稱":"內湖高中活動中心",
    "所在地址":"臺北市內湖區紫陽里文德路218號",
    "場館連絡電話":"02-27977035",
    "場館官方網站":"http://web.nhsh.tp.edu.tw/"
    }
  },
  {
    "type": "Feature",
    "geometry": {
       "type": "Point",
       "coordinates":  [ 121.5186596,25.06083302 ]
    },
    "properties": {
    "場館編號":1063,
    "場館名稱":"成淵高中綜合球場",
    "所在地址":"臺北市大同區承德路二段235號",
    "場館連絡電話":"02-25531969",
    "場館官方網站":"http://www.cyhs.tp.edu.tw"
    }
  },
  {
    "type": "Feature",
    "geometry": {
       "type": "Point",
       "coordinates":  [ 121.5235519,25.08645398 ]
    },
    "properties": {
    "場館編號":1068,
    "場館名稱":"百齡高中活動中心",
    "所在地址":"臺北市士林區義信里承德路4段177號",
    "場館連絡電話":"02-28831568",
    "場館官方網站":"http://www.blsh.tp.edu.tw"
    }
  },
  {
    "type": "Feature",
    "geometry": {
       "type": "Point",
       "coordinates":  [ 121.584819,24.98787653 ]
    },
    "properties": {
    "場館編號":1069,
    "場館名稱":"政大附中體育館",
    "所在地址":"臺北市文山區政大一街353號",
    "場館連絡電話":"02-82377500#9323",
    "場館官方網站":"http://www.ahs.nccu.edu.tw"
    }
  },
  {
    "type": "Feature",
    "geometry": {
       "type": "Point",
       "coordinates":  [ 121.5239382,25.08650256 ]
    },
    "properties": {
    "場館編號":1072,
    "場館名稱":"百齡高中籃球場",
    "所在地址":"臺北市士林區義信里承德路4段177號",
    "場館連絡電話":"02-28831568",
    "場館官方網站":"http://www.blsh.tp.edu.tw"
    }
  },
  {
    "type": "Feature",
    "geometry": {
       "type": "Point",
       "coordinates":  [ 121.5773785,25.08526852 ]
    },
    "properties": {
    "場館編號":1077,
    "場館名稱":"麗山高中體育館",
    "所在地址":"臺北市內湖區環山路二段100號",
    "場館連絡電話":"02-26570435#302",
    "場館官方網站":"http://www.lssh.tp.edu.tw"
    }
  },
  {
    "type": "Feature",
    "geometry": {
       "type": "Point",
       "coordinates":  [ 121.5238255,25.08651714 ]
    },
    "properties": {
    "場館編號":1079,
    "場館名稱":"百齡高中排球場(館)",
    "所在地址":"臺北市士林區義信里承德路4段177號",
    "場館連絡電話":"02-28831568",
    "場館官方網站":"http://www.blsh.tp.edu.tw"
    }
  },
  {
    "type": "Feature",
    "geometry": {
       "type": "Point",
       "coordinates":  [ 121.5241313,25.0862062 ]
    },
    "properties": {
    "場館編號":1085,
    "場館名稱":"百齡高中田徑場",
    "所在地址":"臺北市士林區義信里承德路4段177號",
    "場館連絡電話":"02-28831568",
    "場館官方網站":"http://www.blsh.tp.edu.tw"
    }
  },
  {
    "type": "Feature",
    "geometry": {
       "type": "Point",
       "coordinates":  [ 121.5736556,24.98500288 ]
    },
    "properties": {
    "場館編號":1101,
    "場館名稱":"政治大學體育館",
    "所在地址":"臺北市文山區指南路二段64號",
    "場館連絡電話":"02-29393091#62964",
    "場館官方網站":"http://sports.nccu.edu.tw/"
    }
  },
  {
    "type": "Feature",
    "geometry": {
       "type": "Point",
       "coordinates":  [ 121.5715568,24.99565282 ]
    },
    "properties": {
    "場館編號":1108,
    "場館名稱":"木柵高工活動中心",
    "所在地址":"臺北市文山區萬芳里木柵路4段77號",
    "場館連絡電話":"02-22300506#303",
    "場館官方網站":"http://www.mcvs.tp.edu.tw"
    }
  },
  {
    "type": "Feature",
    "geometry": {
       "type": "Point",
       "coordinates":  [ 121.5787874,24.98421109 ]
    },
    "properties": {
    "場館編號":1117,
    "場館名稱":"政大實小操場",
    "所在地址":"臺北市文山區指南路三段12號",
    "場館連絡電話":"02-29393610#622",
    "場館官方網站":"http://www.es.nccu.edu.tw"
    }
  },
  {
    "type": "Feature",
    "geometry": {
       "type": "Point",
       "coordinates":  [ 121.5741116,24.98458958 ]
    },
    "properties": {
    "場館編號":1125,
    "場館名稱":"政治大學綜合球類練習區",
    "所在地址":"臺北市文山區指南路二段64號",
    "場館連絡電話":"02-29393091#62964",
    "場館官方網站":"http://sports.nccu.edu.tw"
    }
  },
  {
    "type": "Feature",
    "geometry": {
       "type": "Point",
       "coordinates":  [ 121.5776038,24.98548426 ]
    },
    "properties": {
    "場館編號":1133,
    "場館名稱":"國立政治大學游泳館",
    "所在地址":"臺北市文山區指南路二段64號",
    "場館連絡電話":"02-29393091#62964",
    "場館官方網站":"http://www.nccu.edu.tw"
    }
  },
  {
    "type": "Feature",
    "geometry": {
       "type": "Point",
       "coordinates":  [ 121.5151899,25.05782647 ]
    },
    "properties": {
    "場館編號":1135,
    "場館名稱":"靜修女中體育館",
    "所在地址":"臺北市大同區雙連里寧夏路72號",
    "場館連絡電話":"02-25574345#304",
    "場館官方網站":"http://www.bish.tp.edu.tw"
    }
  },
  {
    "type": "Feature",
    "geometry": {
       "type": "Point",
       "coordinates":  [ 121.5151598,25.05787895 ]
    },
    "properties": {
    "場館編號":1137,
    "場館名稱":"靜修女中攀岩場",
    "所在地址":"臺北市大同區雙連里寧夏路72號",
    "場館連絡電話":"02-25574345",
    "場館官方網站":"http://www.bish.tp.edu.tw"
    }
  },
  {
    "type": "Feature",
    "geometry": {
       "type": "Point",
       "coordinates":  [ 121.5782449,24.98230179 ]
    },
    "properties": {
    "場館編號":1146,
    "場館名稱":"政治大學網球場",
    "所在地址":"臺北市文山區指南路二段64號",
    "場館連絡電話":"02-29393091#62964",
    "場館官方網站":"http://sports.nccu.edu.tw/"
    }
  },
  {
    "type": "Feature",
    "geometry": {
       "type": "Point",
       "coordinates":  [ 121.5779418,24.98121015 ]
    },
    "properties": {
    "場館編號":1158,
    "場館名稱":"政治大學環山運動園區",
    "所在地址":"臺北市文山區指南路二段64號",
    "場館連絡電話":"02-29393091#62964",
    "場館官方網站":"http://sports.nccu.edu.tw/"
    }
  },
  {
    "type": "Feature",
    "geometry": {
       "type": "Point",
       "coordinates":  [ 121.5743959,24.98532137 ]
    },
    "properties": {
    "場館編號":1160,
    "場館名稱":"政治大學田徑場",
    "所在地址":"臺北市文山區指南路二段64號",
    "場館連絡電話":"02-29393091#62964",
    "場館官方網站":"http://sports.nccu.edu.tw"
    }
  },
  {
    "type": "Feature",
    "geometry": {
       "type": "Point",
       "coordinates":  [ 121.6081274,25.05535635 ]
    },
    "properties": {
    "場館編號":1193,
    "場館名稱":"南港高工活動中心",
    "所在地址":"臺北市南港區南港里興中路29號",
    "場館連絡電話":"02-27825432#1209",
    "場館官方網站":"http://www.nkhs.tp.edu.tw"
    }
  },
  {
    "type": "Feature",
    "geometry": {
       "type": "Point",
       "coordinates":  [ 121.6084439,25.0561436 ]
    },
    "properties": {
    "場館編號":2218,
    "場館名稱":"南港高工田徑場",
    "所在地址":"臺北市南港區南港里興中路29號",
    "場館連絡電話":"02-27825432#1209",
    "場館官方網站":"http://www.nkhs.tp.edu.tw"
    }
  },
  {
    "type": "Feature",
    "geometry": {
       "type": "Point",
       "coordinates":  [ 121.6085082,25.05597352 ]
    },
    "properties": {
    "場館編號":2231,
    "場館名稱":"南港高工籃球場",
    "所在地址":"臺北市南港區南港里興中路29號",
    "場館連絡電話":"02-27825432#1209",
    "場館官方網站":"http://www.nkhs.tp.edu.tw"
    }
  },
  {
    "type": "Feature",
    "geometry": {
       "type": "Point",
       "coordinates":  [ 121.4962792,25.02774087 ]
    },
    "properties": {
    "場館編號":2237,
    "場館名稱":"市立華江高中活動中心",
    "所在地址":"臺北市萬華區西藏路213號",
    "場館連絡電話":"02-23396689",
    "場館官方網站":"http://www.hcsh.tp.edu.tw/"
    }
  },
  {
    "type": "Feature",
    "geometry": {
       "type": "Point",
       "coordinates":  [ 121.5555882,24.99879676 ]
    },
    "properties": {
    "場館編號":2295,
    "場館名稱":"中國科技大學體育館",
    "所在地址":"臺北市文山區興隆路三段56號",
    "場館連絡電話":"02-29313416#2149",
    "場館官方網站":"http://www.cute.edu.tw/"
    }
  },
  {
    "type": "Feature",
    "geometry": {
       "type": "Point",
       "coordinates":  [ 121.5548265,24.9972993 ]
    },
    "properties": {
    "場館編號":2304,
    "場館名稱":"中國科技大學環形/直線慢跑道(非田徑場型)",
    "所在地址":"臺北市文山區興隆路三段56號",
    "場館連絡電話":"02-29313416#2149",
    "場館官方網站":"http://www.cute.edu.tw/"
    }
  },
  {
    "type": "Feature",
    "geometry": {
       "type": "Point",
       "coordinates":  [ 121.5862635,25.08216132 ]
    },
    "properties": {
    "場館編號":2308,
    "場館名稱":"臺灣戲曲學院籃球場",
    "所在地址":"臺北市內湖區內湖路二段177號",
    "場館連絡電話":"02-27962666",
    "場館官方網站":"http://www.tcpa.edu.tw/bin/home.php"
    }
  },
  {
    "type": "Feature",
    "geometry": {
       "type": "Point",
       "coordinates":  [ 121.5865815,25.08222434 ]
    },
    "properties": {
    "場館編號":2318,
    "場館名稱":"國立臺灣戲曲學院田徑場",
    "所在地址":"臺北市內湖區內湖路二段177號",
    "場館連絡電話":"02-27962666",
    "場館官方網站":"http://www.tcpa.edu.tw/bin/home.php"
    }
  },
  {
    "type": "Feature",
    "geometry": {
       "type": "Point",
       "coordinates":  [ 121.5429604,25.07926335 ]
    },
    "properties": {
    "場館編號":2332,
    "場館名稱":"大直高中活動中心",
    "所在地址":"臺北市中山區劍潭里北安路420號",
    "場館連絡電話":"02-25334017",
    "場館官方網站":"http://www.dcsh.tp.edu.tw"
    }
  },
  {
    "type": "Feature",
    "geometry": {
       "type": "Point",
       "coordinates":  [ 121.5433896,25.07816529 ]
    },
    "properties": {
    "場館編號":2365,
    "場館名稱":"大直高中田徑場",
    "所在地址":"臺北市中山區劍潭里北安路420號",
    "場館連絡電話":"02-25334017",
    "場館官方網站":"http://www.dcsh.tp.edu.tw"
    }
  },
  {
    "type": "Feature",
    "geometry": {
       "type": "Point",
       "coordinates":  [ 121.608578,25.05549242 ]
    },
    "properties": {
    "場館編號":2376,
    "場館名稱":"南港高工排球場(館)",
    "所在地址":"臺北市南港區南港里興中路29號",
    "場館連絡電話":"02-27825432#1209",
    "場館官方網站":"http://www.nkhs.tp.edu.tw"
    }
  },
  {
    "type": "Feature",
    "geometry": {
       "type": "Point",
       "coordinates":  [ 121.5749002,25.07966176 ]
    },
    "properties": {
    "場館編號":2378,
    "場館名稱":"內湖高工排球場(館)",
    "所在地址":"臺北市內湖區港墘里內湖路1段520號",
    "場館連絡電話":"02-26574874#205",
    "場館官方網站":"http://www.nihs.tp.edu.tw"
    }
  },
  {
    "type": "Feature",
    "geometry": {
       "type": "Point",
       "coordinates":  [ 121.5447092,25.02263701 ]
    },
    "properties": {
    "場館編號":2381,
    "場館名稱":"羽球場館",
    "所在地址":"臺北市大安區和平東路二段134號",
    "場館連絡電話":"02-27321104#83412",
    "場館官方網站":"http://www.ntue.edu.tw/"
    }
  },
  {
    "type": "Feature",
    "geometry": {
       "type": "Point",
       "coordinates":  [ 121.5260732,25.04230271 ]
    },
    "properties": {
    "場館編號":2428,
    "場館名稱":"臺北商業大學學生活動中心",
    "所在地址":"臺北市中正區濟南路一段321號",
    "場館連絡電話":"02-23226177",
    "場館官方網站":"http://www.ntub.edu.tw"
    }
  },
  {
    "type": "Feature",
    "geometry": {
       "type": "Point",
       "coordinates":  [ 121.545825,25.02273423 ]
    },
    "properties": {
    "場館編號":2433,
    "場館名稱":"臺北教育大學田徑場",
    "所在地址":"臺北市大安區和平東路二段134號",
    "場館連絡電話":"02-27321104#83412",
    "場館官方網站":"http://www.ntue.edu.tw/"
    }
  },
  {
    "type": "Feature",
    "geometry": {
       "type": "Point",
       "coordinates":  [ 121.5252364,25.04212775 ]
    },
    "properties": {
    "場館編號":2435,
    "場館名稱":"臺北商業大學籃球場",
    "所在地址":"臺北市中正區濟南路一段321號",
    "場館連絡電話":"02-23226177",
    "場館官方網站":"http://www.ntub.edu.tw"
    }
  },
  {
    "type": "Feature",
    "geometry": {
       "type": "Point",
       "coordinates":  [ 121.5256441,25.04225411 ]
    },
    "properties": {
    "場館編號":2439,
    "場館名稱":"臺北商業大學排球場",
    "所在地址":"臺北市中正區濟南路一段321號",
    "場館連絡電話":"02-23226177",
    "場館官方網站":"http://www.ntub.edu.tw"
    }
  },
  {
    "type": "Feature",
    "geometry": {
       "type": "Point",
       "coordinates":  [ 121.5154801,25.05792636 ]
    },
    "properties": {
    "場館編號":2445,
    "場館名稱":"靜修女中多功能體適能場地",
    "所在地址":"臺北市大同區雙連里寧夏路72號",
    "場館連絡電話":"02-25574345#304",
    "場館官方網站":"http://www.bish.tp.edu.tw"
    }
  },
  {
    "type": "Feature",
    "geometry": {
       "type": "Point",
       "coordinates":  [ 121.5384489,25.04897064 ]
    },
    "properties": {
    "場館編號":2448,
    "場館名稱":"中山女中活動中心",
    "所在地址":"臺北市中山區力行里長安東路2段141號",
    "場館連絡電話":"02-25073148#340",
    "場館官方網站":"http://www.csghs.tp.edu.tw"
    }
  },
  {
    "type": "Feature",
    "geometry": {
       "type": "Point",
       "coordinates":  [ 121.5156319,25.05793454 ]
    },
    "properties": {
    "場館編號":2451,
    "場館名稱":"靜修女中戶外探索教育場",
    "所在地址":"臺北市大同區雙連里寧夏路59號",
    "場館連絡電話":"02-25574345#304",
    "場館官方網站":"http://www.bish.tp.edu.tw"
    }
  },
  {
    "type": "Feature",
    "geometry": {
       "type": "Point",
       "coordinates":  [ 121.5377972,25.04925008 ]
    },
    "properties": {
    "場館編號":2464,
    "場館名稱":"中山女中田徑場",
    "所在地址":"臺北市中山區力行里長安東路2段141號",
    "場館連絡電話":"02-25073148#340",
    "場館官方網站":"http://www.csghs.tp.edu.tw"
    }
  },
  {
    "type": "Feature",
    "geometry": {
       "type": "Point",
       "coordinates":  [ 121.5454119,24.98986033 ]
    },
    "properties": {
    "場館編號":2468,
    "場館名稱":"世新大學體育館",
    "所在地址":"臺北市文山區木柵路一段17巷1號",
    "場館連絡電話":"02-22368225#83078",
    "場館官方網站":"http://www.shu.edu.tw"
    }
  },
  {
    "type": "Feature",
    "geometry": {
       "type": "Point",
       "coordinates":  [ 121.5743101,25.07998243 ]
    },
    "properties": {
    "場館編號":2505,
    "場館名稱":"內湖高工綜合球場",
    "所在地址":"臺北市內湖區港墘里內湖路1段520號",
    "場館連絡電話":"02-26574874#205",
    "場館官方網站":"http://www.nihs.tp.edu.tw"
    }
  },
  {
    "type": "Feature",
    "geometry": {
       "type": "Point",
       "coordinates":  [ 121.544044,25.02271479 ]
    },
    "properties": {
    "場館編號":2518,
    "場館名稱":"國立臺北教育大學泳健館",
    "所在地址":"臺北市大安區和平東路二段134號",
    "場館連絡電話":"02-27373378",
    "場館官方網站":"https://www.facebook.com/HandlePowerYongJian"
    }
  },
  {
    "type": "Feature",
    "geometry": {
       "type": "Point",
       "coordinates":  [ 121.5876245,25.07718382 ]
    },
    "properties": {
    "場館編號":2521,
    "場館名稱":"內湖高中籃球場",
    "所在地址":"臺北市內湖區紫陽里文德路218號",
    "場館連絡電話":"02-27977035",
    "場館官方網站":"http://web.nhsh.tp.edu.tw/"
    }
  },
  {
    "type": "Feature",
    "geometry": {
       "type": "Point",
       "coordinates":  [ 121.5448594,25.02211203 ]
    },
    "properties": {
    "場館編號":2558,
    "場館名稱":"臺北教育大學網球場",
    "所在地址":"臺北市大安區和平東路二段134號",
    "場館連絡電話":"02-27321104#83412",
    "場館官方網站":"http://www.ntue.edu.tw/"
    }
  },
  {
    "type": "Feature",
    "geometry": {
       "type": "Point",
       "coordinates":  [ 121.5348816,25.11611569 ]
    },
    "properties": {
    "場館編號":2573,
    "場館名稱":"臺北市立大學體育館（天母校區）",
    "所在地址":"臺北市士林區忠誠路二段101號",
    "場館連絡電話":"02-28718288#7314",
    "場館官方網站":"http://www.uTaipei.edu.tw"
    }
  },
  {
    "type": "Feature",
    "geometry": {
       "type": "Point",
       "coordinates":  [ 121.5445161,25.02318143 ]
    },
    "properties": {
    "場館編號":2575,
    "場館名稱":"臺北教育大學排球場",
    "所在地址":"臺北市大安區和平東路二段134號",
    "場館連絡電話":"02-27321104#83412",
    "場館官方網站":"http://www.ntue.edu.tw/"
    }
  },
  {
    "type": "Feature",
    "geometry": {
       "type": "Point",
       "coordinates":  [ 121.5447092,25.02341476 ]
    },
    "properties": {
    "場館編號":2584,
    "場館名稱":"臺北教育大學籃球場",
    "所在地址":"臺北市大安區和平東路二段134號",
    "場館連絡電話":"02-27321104#83412",
    "場館官方網站":"http://www.ntue.edu.tw/"
    }
  },
  {
    "type": "Feature",
    "geometry": {
       "type": "Point",
       "coordinates":  [ 121.5126085,25.02953932 ]
    },
    "properties": {
    "場館編號":2618,
    "場館名稱":"建國中學活動中心",
    "所在地址":"臺北市中正區龍光里南海路56號",
    "場館連絡電話":"02-23034381",
    "場館官方網站":"https://www2.ck.tp.edu.tw/"
    }
  },
  {
    "type": "Feature",
    "geometry": {
       "type": "Point",
       "coordinates":  [ 121.5131342,25.02972889 ]
    },
    "properties": {
    "場館編號":2624,
    "場館名稱":"建國中學籃球場",
    "所在地址":"臺北市中正區龍光里南海路56號",
    "場館連絡電話":"02-23034381#308",
    "場館官方網站":"http://www.ck.tp.edu.tw"
    }
  },
  {
    "type": "Feature",
    "geometry": {
       "type": "Point",
       "coordinates":  [ 121.5133756,25.03009343 ]
    },
    "properties": {
    "場館編號":2637,
    "場館名稱":"建國中學排球場(館)",
    "所在地址":"臺北市中正區龍光里南海路56號",
    "場館連絡電話":"02-23034381#308",
    "場館官方網站":"http://www.ck.tp.edu.tw"
    }
  },
  {
    "type": "Feature",
    "geometry": {
       "type": "Point",
       "coordinates":  [ 121.5125495,25.03010559 ]
    },
    "properties": {
    "場館編號":2641,
    "場館名稱":"建國中學田徑場",
    "所在地址":"臺北市中正區龍光里南海路56號",
    "場館連絡電話":"02-23034381#308",
    "場館官方網站":"http://www.ck.tp.edu.tw"
    }
  },
  {
    "type": "Feature",
    "geometry": {
       "type": "Point",
       "coordinates":  [ 121.5547943,24.9984467 ]
    },
    "properties": {
    "場館編號":2701,
    "場館名稱":"中國科技大學健身房(含重量訓練室)",
    "所在地址":"臺北市文山區興隆路三段56號",
    "場館連絡電話":"02-29313416#2149",
    "場館官方網站":"http://www.cute.edu.tw/"
    }
  },
  {
    "type": "Feature",
    "geometry": {
       "type": "Point",
       "coordinates":  [ 121.5546817,24.99874328 ]
    },
    "properties": {
    "場館編號":2704,
    "場館名稱":"中國科技大學撞球場",
    "所在地址":"臺北市文山區興隆路三段56號",
    "場館連絡電話":"02-29313416#2149",
    "場館官方網站":"http://www.cute.edu.tw/"
    }
  },
  {
    "type": "Feature",
    "geometry": {
       "type": "Point",
       "coordinates":  [ 121.5355682,25.05556045 ]
    },
    "properties": {
    "場館編號":2710,
    "場館名稱":"田徑場",
    "所在地址":"臺北市中山區中央里長春路167號",
    "場館連絡電話":"02-25054269#122",
    "場館官方網站":"http://www.ttsh.tp.edu.tw/releaseRedirect.do?unitID=183&pageID=3042"
    }
  },
  {
    "type": "Feature",
    "geometry": {
       "type": "Point",
       "coordinates":  [ 121.536217,25.05617826 ]
    },
    "properties": {
    "場館編號":2713,
    "場館名稱":"大同高中籃球場",
    "所在地址":"臺北市中山區中央里長春路167號",
    "場館連絡電話":"02-25054269#122",
    "場館官方網站":"http://www.ttsh.tp.edu.tw/releaseRedirect.do?unitID=183&pageID=3042"
    }
  },
  {
    "type": "Feature",
    "geometry": {
       "type": "Point",
       "coordinates":  [ 121.535359,25.09720512 ]
    },
    "properties": {
    "場館編號":2722,
    "場館名稱":"泰北高中體育館",
    "所在地址":"臺北市士林區福林里福林路240號",
    "場館連絡電話":"02-28825560#332",
    "場館官方網站":"http://www.tpsh.tp.edu.tw"
    }
  },
  {
    "type": "Feature",
    "geometry": {
       "type": "Point",
       "coordinates":  [ 121.5346509,25.05621164 ]
    },
    "properties": {
    "場館編號":2726,
    "場館名稱":"大同高中排球場",
    "所在地址":"臺北市中山區中央里長春路167號",
    "場館連絡電話":"02-25054269#122",
    "場館官方網站":"http://www.ttsh.tp.edu.tw/releaseRedirect.do?unitID=183&pageID=3042"
    }
  },
  {
    "type": "Feature",
    "geometry": {
       "type": "Point",
       "coordinates":  [ 121.5371883,25.1102189 ]
    },
    "properties": {
    "場館編號":2768,
    "場館名稱":"臺北市立大學詩欣館（天母校區）",
    "所在地址":"臺北市士林區忠誠路二段101號",
    "場館連絡電話":"02-28718288#7314",
    "場館官方網站":"http://www.uTaipei.edu.tw"
    }
  },
  {
    "type": "Feature",
    "geometry": {
       "type": "Point",
       "coordinates":  [ 121.5347421,25.05584231 ]
    },
    "properties": {
    "場館編號":2788,
    "場館名稱":"大同高中游泳池(館)",
    "所在地址":"臺北市中山區中央里長春路167號",
    "場館連絡電話":"02-25054269",
    "場館官方網站":"http://www.ttsh.tp.edu.tw/releaseRedirect.do?unitID=183&pageID=3042"
    }
  },
  {
    "type": "Feature",
    "geometry": {
       "type": "Point",
       "coordinates":  [ 121.5357238,25.0568531 ]
    },
    "properties": {
    "場館編號":2797,
    "場館名稱":"大同高中活動中心",
    "所在地址":"臺北市中山區中央里長春路167號",
    "場館連絡電話":"02-25054269#122",
    "場館官方網站":"http://www.ttsh.tp.edu.tw/releaseRedirect.do?unitID=183&pageID=3042"
    }
  },
  {
    "type": "Feature",
    "geometry": {
       "type": "Point",
       "coordinates":  [ 121.5353,25.02166604 ]
    },
    "properties": {
    "場館編號":2811,
    "場館名稱":"國立臺灣大學綜合體育館",
    "所在地址":"臺北市大安區羅斯福路四段1號",
    "場館連絡電話":"02-33665959#272",
    "場館官方網站":"https://ntusportscenter.ntu.edu.tw/#/"
    }
  },
  {
    "type": "Feature",
    "geometry": {
       "type": "Point",
       "coordinates":  [ 121.5870881,25.07784947 ]
    },
    "properties": {
    "場館編號":2845,
    "場館名稱":"內湖高中排球場",
    "所在地址":"臺北市內湖區紫陽里文德路218號",
    "場館連絡電話":"02-27977035",
    "場館官方網站":"http://web.nhsh.tp.edu.tw/"
    }
  },
  {
    "type": "Feature",
    "geometry": {
       "type": "Point",
       "coordinates":  [ 121.5335083,25.0855989 ]
    },
    "properties": {
    "場館編號":5111,
    "場館名稱":"銘傳大學體育館",
    "所在地址":"臺北市士林區中山北路五段250號",
    "場館連絡電話":"02-28824564#2325",
    "場館官方網站":"http://www.mcu.edu.tw"
    }
  },
  {
    "type": "Feature",
    "geometry": {
       "type": "Point",
       "coordinates":  [ 121.4913398,25.02971345 ]
    },
    "properties": {
    "場館編號":5113,
    "場館名稱":"大理高中活動中心",
    "所在地址":"臺北市萬華區長順街2號",
    "場館連絡電話":"02-23026959#136",
    "場館官方網站":"http://www.tlsh.tp.edu.tw"
    }
  },
  {
    "type": "Feature",
    "geometry": {
       "type": "Point",
       "coordinates":  [ 121.5613765,25.02602989 ]
    },
    "properties": {
    "場館編號":5157,
    "場館名稱":"臺北醫學大學綜合球場",
    "所在地址":"臺北市信義區吳興街250號",
    "場館連絡電話":"02-27361661#2274",
    "場館官方網站":"http://pe.tmu.edu.tw"
    }
  },
  {
    "type": "Feature",
    "geometry": {
       "type": "Point",
       "coordinates":  [ 121.5230155,25.04301229 ]
    },
    "properties": {
    "場館編號":5166,
    "場館名稱":"成功高中運動中心(舞動陽光有限公司成功營業所)",
    "所在地址":"臺北市中正區濟南路1段71號",
    "場館連絡電話":"02-23216256#276",
    "場館官方網站":"http://www.cksh.tp.edu.tw"
    }
  },
  {
    "type": "Feature",
    "geometry": {
       "type": "Point",
       "coordinates":  [ 121.5613228,25.02600072 ]
    },
    "properties": {
    "場館編號":5203,
    "場館名稱":"臺北醫學大學游泳池(館)",
    "所在地址":"臺北市信義區吳興街250號",
    "場館連絡電話":"02-27399118",
    "場館官方網站":"http://pe.tmu.edu.tw"
    }
  },
  {
    "type": "Feature",
    "geometry": {
       "type": "Point",
       "coordinates":  [ 121.5340716,25.05627967 ]
    },
    "properties": {
    "場館編號":5225,
    "場館名稱":"大同高中柔道場",
    "所在地址":"臺北市中山區中央里長春路167號",
    "場館連絡電話":"02-25054269#122",
    "場館官方網站":"http://www.ttsh.tp.edu.tw/releaseRedirect.do?unitID=183&pageID=3042"
    }
  },
  {
    "type": "Feature",
    "geometry": {
       "type": "Point",
       "coordinates":  [ 121.5613496,25.02600558 ]
    },
    "properties": {
    "場館編號":5226,
    "場館名稱":"臺北醫學大學健身房(含重量訓練室)",
    "所在地址":"臺北市信義區吳興街250號",
    "場館連絡電話":"(02)27361661",
    "場館官方網站":"http://pe.tmu.edu.tw"
    }
  },
  {
    "type": "Feature",
    "geometry": {
       "type": "Point",
       "coordinates":  [ 121.5613443,25.02600072 ]
    },
    "properties": {
    "場館編號":5233,
    "場館名稱":"臺北醫學大學體適能教室",
    "所在地址":"臺北市信義區吳興街250號",
    "場館連絡電話":"(02)27361661",
    "場館官方網站":"http://pe.tmu.edu.tw"
    }
  },
  {
    "type": "Feature",
    "geometry": {
       "type": "Point",
       "coordinates":  [ 121.5611994,25.02590351 ]
    },
    "properties": {
    "場館編號":5240,
    "場館名稱":"臺北醫學大學桌球場(館)",
    "所在地址":"臺北市信義區吳興街250號",
    "場館連絡電話":"(02)27361661",
    "場館官方網站":"http://pe.tmu.edu.tw"
    }
  },
  {
    "type": "Feature",
    "geometry": {
       "type": "Point",
       "coordinates":  [ 121.561178,25.0258792 ]
    },
    "properties": {
    "場館編號":5242,
    "場館名稱":"臺北醫學大學攀岩場",
    "所在地址":"臺北市信義區吳興街250號",
    "場館連絡電話":"(02)27361661",
    "場館官方網站":"http://pe.tmu.edu.tw"
    }
  },
  {
    "type": "Feature",
    "geometry": {
       "type": "Point",
       "coordinates":  [ 121.4735448,25.13632001 ]
    },
    "properties": {
    "場館編號":5243,
    "場館名稱":"臺北藝術大學游泳池(館)",
    "所在地址":"臺北市北投區學園路1號",
    "場館連絡電話":"02-28941022",
    "場館官方網站":"http://www.tnua.edu.tw"
    }
  },
  {
    "type": "Feature",
    "geometry": {
       "type": "Point",
       "coordinates":  [ 121.5615213,25.0258792 ]
    },
    "properties": {
    "場館編號":5256,
    "場館名稱":"臺北醫學大學田徑場",
    "所在地址":"臺北市信義區吳興街250號",
    "場館連絡電話":"(02)27361661",
    "場館官方網站":"http://pe.tmu.edu.tw"
    }
  },
  {
    "type": "Feature",
    "geometry": {
       "type": "Point",
       "coordinates":  [ 121.5613389,25.02602503 ]
    },
    "properties": {
    "場館編號":5262,
    "場館名稱":"臺北醫學大學高爾夫球練習場",
    "所在地址":"臺北市信義區吳興街250號",
    "場館連絡電話":"(02)27361661",
    "場館官方網站":"http://pe.tmu.edu.tw"
    }
  },
  {
    "type": "Feature",
    "geometry": {
       "type": "Point",
       "coordinates":  [ 121.5614033,25.02604447 ]
    },
    "properties": {
    "場館編號":5264,
    "場館名稱":"臺北醫學大學籃球場",
    "所在地址":"臺北市信義區吳興街250號",
    "場館連絡電話":"(02)27361661",
    "場館官方網站":"http://pe.tmu.edu.tw"
    }
  },
  {
    "type": "Feature",
    "geometry": {
       "type": "Point",
       "coordinates":  [ 121.561355,25.0260153 ]
    },
    "properties": {
    "場館編號":5268,
    "場館名稱":"臺北醫學大學排球場(館)",
    "所在地址":"臺北市信義區吳興街250號",
    "場館連絡電話":"(02)27361661",
    "場館官方網站":"http://pe.tmu.edu.tw"
    }
  },
  {
    "type": "Feature",
    "geometry": {
       "type": "Point",
       "coordinates":  [ 121.5614033,25.02604933 ]
    },
    "properties": {
    "場館編號":5275,
    "場館名稱":"臺北醫學大學網球場(館)",
    "所在地址":"臺北市信義區吳興街250號",
    "場館連絡電話":"07-27361661#2274",
    "場館官方網站":"http://pe.tmu.edu.tw"
    }
  },
  {
    "type": "Feature",
    "geometry": {
       "type": "Point",
       "coordinates":  [ 121.543234,25.01463568 ]
    },
    "properties": {
    "場館編號":5276,
    "場館名稱":"臺灣科技大學體育館",
    "所在地址":"臺北市大安區基隆路四段43號",
    "場館連絡電話":"02-27333141#7168",
    "場館官方網站":"http://www.ntust.edu.tw"
    }
  },
  {
    "type": "Feature",
    "geometry": {
       "type": "Point",
       "coordinates":  [ 121.4737594,25.13758267 ]
    },
    "properties": {
    "場館編號":5277,
    "場館名稱":"臺北藝術大學田徑場",
    "所在地址":"臺北市北投區學園路1號",
    "場館連絡電話":"02-28961000#3663",
    "場館官方網站":"http://www.tnua.edu.tw"
    }
  },
  {
    "type": "Feature",
    "geometry": {
       "type": "Point",
       "coordinates":  [ 121.4734375,25.13720388 ]
    },
    "properties": {
    "場館編號":5348,
    "場館名稱":"臺北藝術大學籃球場",
    "所在地址":"臺北市北投區學園路1號",
    "場館連絡電話":"02-28961000#3663",
    "場館官方網站":"http://www.tnua.edu.tw"
    }
  },
  {
    "type": "Feature",
    "geometry": {
       "type": "Point",
       "coordinates":  [ 121.4746499,25.13652398 ]
    },
    "properties": {
    "場館編號":5349,
    "場館名稱":"臺北藝術大學網球場(館)",
    "所在地址":"臺北市北投區學園路1號",
    "場館連絡電話":"02-28961000#3663",
    "場館官方網站":"http://www.tnua.edu.tw"
    }
  },
  {
    "type": "Feature",
    "geometry": {
       "type": "Point",
       "coordinates":  [ 121.47443,25.13650941 ]
    },
    "properties": {
    "場館編號":5350,
    "場館名稱":"臺北藝術大學排球場(館)",
    "所在地址":"臺北市北投區學園路1號",
    "場館連絡電話":"02-28961000#3663",
    "場館官方網站":"http://www.tnua.edu.tw"
    }
  },
  {
    "type": "Feature",
    "geometry": {
       "type": "Point",
       "coordinates":  [ 121.5276611,25.0870467 ]
    },
    "properties": {
    "場館編號":5409,
    "場館名稱":"銘傳大學羽球場(館)",
    "所在地址":"臺北市士林區中山北路五段250號",
    "場館連絡電話":"02-28824564#2325",
    "場館官方網站":"http://www.mcu.edu.tw"
    }
  },
  {
    "type": "Feature",
    "geometry": {
       "type": "Point",
       "coordinates":  [ 121.5276289,25.08700783 ]
    },
    "properties": {
    "場館編號":5421,
    "場館名稱":"銘傳大學室外籃球場",
    "所在地址":"臺北市士林區中山北路五段250號",
    "場館連絡電話":"02-28824564#2325",
    "場館官方網站":"http://www.mcu.edu.tw"
    }
  },
  {
    "type": "Feature",
    "geometry": {
       "type": "Point",
       "coordinates":  [ 121.5276504,25.08701755 ]
    },
    "properties": {
    "場館編號":5430,
    "場館名稱":"銘傳大學田徑場",
    "所在地址":"臺北市士林區中山北路五段250號",
    "場館連絡電話":"02-28824564#2325",
    "場館官方網站":"http://www.mcu.edu.tw"
    }
  },
  {
    "type": "Feature",
    "geometry": {
       "type": "Point",
       "coordinates":  [ 121.5877104,25.0812481 ]
    },
    "properties": {
    "場館編號":5439,
    "場館名稱":"達人女中籃球場",
    "所在地址":"臺北市內湖區內湖路二段314號",
    "場館連絡電話":"02-27956899#401",
    "場館官方網站":"http://www.trgsh.tp.edu.tw"
    }
  },
  {
    "type": "Feature",
    "geometry": {
       "type": "Point",
       "coordinates":  [ 121.5276343,25.08703698 ]
    },
    "properties": {
    "場館編號":5447,
    "場館名稱":"銘傳大學健身房(含重量訓練室)",
    "所在地址":"臺北市士林區中山北路五段250號",
    "場館連絡電話":"02-28824564#2325",
    "場館官方網站":"http://www.mcu.edu.tw"
    }
  },
  {
    "type": "Feature",
    "geometry": {
       "type": "Point",
       "coordinates":  [ 121.5431964,25.0146211 ]
    },
    "properties": {
    "場館編號":5542,
    "場館名稱":"國立臺灣科技大學游泳池(館)",
    "所在地址":"臺北市大安區基隆路四段43號",
    "場館連絡電話":"02-27333141#5530",
    "場館官方網站":"http://www.ntust.edu.tw"
    }
  },
  {
    "type": "Feature",
    "geometry": {
       "type": "Point",
       "coordinates":  [ 121.543234,25.01463082 ]
    },
    "properties": {
    "場館編號":5562,
    "場館名稱":"臺灣科技大學田徑場",
    "所在地址":"臺北市大安區基隆路四段43號",
    "場館連絡電話":"02-27333141#7168",
    "場館官方網站":"http://www.ntust.edu.tw"
    }
  },
  {
    "type": "Feature",
    "geometry": {
       "type": "Point",
       "coordinates":  [ 121.5432394,25.01463568 ]
    },
    "properties": {
    "場館編號":5567,
    "場館名稱":"臺灣科技大學籃球場",
    "所在地址":"臺北市大安區基隆路四段43號",
    "場館連絡電話":"02-27333141#7168",
    "場館官方網站":"http://www.ntust.edu.tw"
    }
  },
  {
    "type": "Feature",
    "geometry": {
       "type": "Point",
       "coordinates":  [ 121.5432501,25.01466242 ]
    },
    "properties": {
    "場館編號":5577,
    "場館名稱":"臺灣科技大學網球場(館)",
    "所在地址":"臺北市大安區基隆路四段43號",
    "場館連絡電話":"02-27333141#7168",
    "場館官方網站":"http://www.ntust.edu.tw"
    }
  },
  {
    "type": "Feature",
    "geometry": {
       "type": "Point",
       "coordinates":  [ 121.5432715,25.01463568 ]
    },
    "properties": {
    "場館編號":5587,
    "場館名稱":"臺灣科技大學排球場(館)",
    "所在地址":"臺北市大安區基隆路四段43號",
    "場館連絡電話":"02-27333141#7168",
    "場館官方網站":"http://www.ntust.edu.tw"
    }
  },
  {
    "type": "Feature",
    "geometry": {
       "type": "Point",
       "coordinates":  [ 121.5432769,25.01463568 ]
    },
    "properties": {
    "場館編號":5613,
    "場館名稱":"臺灣科技大學撞球場",
    "所在地址":"臺北市大安區基隆路四段43號",
    "場館連絡電話":"02-27376912",
    "場館官方網站":"http://www.ntust.edu.tw"
    }
  },
  {
    "type": "Feature",
    "geometry": {
       "type": "Point",
       "coordinates":  [ 121.5432662,25.01463082 ]
    },
    "properties": {
    "場館編號":5627,
    "場館名稱":"臺灣科技大學桌球場(館)",
    "所在地址":"臺北市大安區基隆路四段43號",
    "場館連絡電話":"02-27333141#7168",
    "場館官方網站":"http://www.ntust.edu.tw"
    }
  },
  {
    "type": "Feature",
    "geometry": {
       "type": "Point",
       "coordinates":  [ 121.5721992,25.03912171 ]
    },
    "properties": {
    "場館編號":5863,
    "場館名稱":"松山工農學生活動中心",
    "所在地址":"臺北市信義區忠孝東路5段236巷15號",
    "場館連絡電話":"02-27226616",
    "場館官方網站":"http://www.saihs.edu.tw"
    }
  },
  {
    "type": "Feature",
    "geometry": {
       "type": "Point",
       "coordinates":  [ 121.6092324,25.05804369 ]
    },
    "properties": {
    "場館編號":5878,
    "場館名稱":"育成高中活動中心",
    "所在地址":"臺北市南港區重陽路366號",
    "場館連絡電話":"02-26530475#541",
    "場館官方網站":"http://www.yucsh.tp.edu.tw"
    }
  },
  {
    "type": "Feature",
    "geometry": {
       "type": "Point",
       "coordinates":  [ 121.6108713,25.03268169 ]
    },
    "properties": {
    "場館編號":6004,
    "場館名稱":"中華科技大學重量訓練室",
    "所在地址":"臺北市南港區研究院路三段245號",
    "場館連絡電話":"02-26546773",
    "場館官方網站":"http://www.cust.edu.tw/sports/"
    }
  },
  {
    "type": "Feature",
    "geometry": {
       "type": "Point",
       "coordinates":  [ 121.6108471,25.032723 ]
    },
    "properties": {
    "場館編號":6009,
    "場館名稱":"中華科技大學體適能教室",
    "所在地址":"臺北市南港區研究院路三段245號",
    "場館連絡電話":"02-26546773",
    "場館官方網站":"http://www.cust.edu.tw/sports/"
    }
  },
  {
    "type": "Feature",
    "geometry": {
       "type": "Point",
       "coordinates":  [ 121.6108471,25.0326987 ]
    },
    "properties": {
    "場館編號":6011,
    "場館名稱":"中華科技大學操場",
    "所在地址":"臺北市南港區研究院路三段245號",
    "場館連絡電話":"02-26546773",
    "場館官方網站":"http://www.cust.edu.tw/sports/"
    }
  },
  {
    "type": "Feature",
    "geometry": {
       "type": "Point",
       "coordinates":  [ 121.6100049,25.03297332 ]
    },
    "properties": {
    "場館編號":6016,
    "場館名稱":"中華科技大學舞蹈教室",
    "所在地址":"臺北市南港區研究院路三段245號",
    "場館連絡電話":"02-26546773",
    "場館官方網站":"http://www.cust.edu.tw/sports/"
    }
  },
  {
    "type": "Feature",
    "geometry": {
       "type": "Point",
       "coordinates":  [ 121.6104233,25.03211544 ]
    },
    "properties": {
    "場館編號":6017,
    "場館名稱":"中華科技大學學生活動中心",
    "所在地址":"臺北市南港區研究院路三段245號",
    "場館連絡電話":"02-26546773",
    "場館官方網站":"http://www.cust.edu.tw/sports/"
    }
  },
  {
    "type": "Feature",
    "geometry": {
       "type": "Point",
       "coordinates":  [ 121.5432715,25.0146454 ]
    },
    "properties": {
    "場館編號":6038,
    "場館名稱":"臺灣科技大學滾球場",
    "所在地址":"臺北市大安區基隆路四段43號",
    "場館連絡電話":"02-27333141#7168",
    "場館官方網站":"http://www.ntust.edu.tw"
    }
  },
  {
    "type": "Feature",
    "geometry": {
       "type": "Point",
       "coordinates":  [ 121.5212399,25.04154939 ]
    },
    "properties": {
    "場館編號":6062,
    "場館名稱":"開南商工活動中心",
    "所在地址":"臺北市中正區東門里濟南路1段6號",
    "場館連絡電話":"02-23212666#212",
    "場館官方網站":"http://www.knvs.tp.edu.tw"
    }
  },
  {
    "type": "Feature",
    "geometry": {
       "type": "Point",
       "coordinates":  [ 121.470699,25.10897296 ]
    },
    "properties": {
    "場館編號":6451,
    "場館名稱":"台北海洋科技大學體育館",
    "所在地址":"臺北市士林區延平北路九段212號",
    "場館連絡電話":"02-28102292#2247",
    "場館官方網站":"http://www.tumt.edu.tw"
    }
  },
  {
    "type": "Feature",
    "geometry": {
       "type": "Point",
       "coordinates":  [ 121.4720321,25.10913083 ]
    },
    "properties": {
    "場館編號":6476,
    "場館名稱":"台北海洋科技大學游泳池(館)",
    "所在地址":"臺北市士林區延平北路九段212號",
    "場館連絡電話":"02-28102292#2246",
    "場館官方網站":"http://www.tcmt.edu.tw"
    }
  },
  {
    "type": "Feature",
    "geometry": {
       "type": "Point",
       "coordinates":  [ 121.4710557,25.1087228 ]
    },
    "properties": {
    "場館編號":6586,
    "場館名稱":"台北海洋科技大學田徑場",
    "所在地址":"臺北市士林區延平北路九段212號",
    "場館連絡電話":"02-28102292#2246",
    "場館官方網站":"http://www.tumt.edu.tw"
    }
  },
  {
    "type": "Feature",
    "geometry": {
       "type": "Point",
       "coordinates":  [ 121.4965743,25.13302733 ]
    },
    "properties": {
    "場館編號":6594,
    "場館名稱":"幼華高中籃球場",
    "所在地址":"臺北市北投區北投路二段55號",
    "場館連絡電話":"02-28921166#225",
    "場館官方網站":"http://www.shvs.tp.edu.tw"
    }
  },
  {
    "type": "Feature",
    "geometry": {
       "type": "Point",
       "coordinates":  [ 121.4697683,25.10917454 ]
    },
    "properties": {
    "場館編號":6603,
    "場館名稱":"台北海洋科技大學網球場(館)",
    "所在地址":"臺北市士林區延平北路九段212號",
    "場館連絡電話":"02-28059999#3109",
    "場館官方網站":"http://www.tumt.edu.tw"
    }
  },
  {
    "type": "Feature",
    "geometry": {
       "type": "Point",
       "coordinates":  [ 121.5463655,25.09415671 ]
    },
    "properties": {
    "場館編號":6932,
    "場館名稱":"東吳大學體育館",
    "所在地址":"臺北市士林區臨溪路70號",
    "場館連絡電話":"(02)28819471#5606",
    "場館官方網站":"http://www.scu.edu.tw/physical/"
    }
  },
  {
    "type": "Feature",
    "geometry": {
       "type": "Point",
       "coordinates":  [ 121.5156823,25.1048926 ]
    },
    "properties": {
    "場館編號":6937,
    "場館名稱":"中正高中活動中心",
    "所在地址":"臺北市北投區文林北路77號",
    "場館連絡電話":"02-28234811#330",
    "場館官方網站":"http://www.ccsh.tp.edu.tw"
    }
  },
  {
    "type": "Feature",
    "geometry": {
       "type": "Point",
       "coordinates":  [ 121.5446851,25.09550239 ]
    },
    "properties": {
    "場館編號":6962,
    "場館名稱":"東吳大學籃球場",
    "所在地址":"臺北市士林區臨溪路70號",
    "場館連絡電話":"(02)28819471#5606",
    "場館官方網站":"http://www.scu.edu.tw/physical/"
    }
  },
  {
    "type": "Feature",
    "geometry": {
       "type": "Point",
       "coordinates":  [ 121.5443069,25.09567971 ]
    },
    "properties": {
    "場館編號":6984,
    "場館名稱":"東吳大學網球場(館)",
    "所在地址":"臺北市士林區臨溪路70號",
    "場館連絡電話":"(02)28819471#5606",
    "場館官方網站":"http://www.scu.edu.tw/physical/"
    }
  },
  {
    "type": "Feature",
    "geometry": {
       "type": "Point",
       "coordinates":  [ 121.5452778,25.0954368 ]
    },
    "properties": {
    "場館編號":7000,
    "場館名稱":"東吳大學排球場(館)",
    "所在地址":"臺北市士林區臨溪路70號",
    "場館連絡電話":"(02)28819471#5606",
    "場館官方網站":"http://www.scu.edu.tw/physical/"
    }
  },
  {
    "type": "Feature",
    "geometry": {
       "type": "Point",
       "coordinates":  [ 121.5463668,25.09408626 ]
    },
    "properties": {
    "場館編號":7006,
    "場館名稱":"東吳大學舞蹈教室",
    "所在地址":"臺北市士林區臨溪路70號",
    "場館連絡電話":"(02)28819471#5606",
    "場館官方網站":"http://www.scu.edu.tw/physical/"
    }
  },
  {
    "type": "Feature",
    "geometry": {
       "type": "Point",
       "coordinates":  [ 121.5464258,25.09409598 ]
    },
    "properties": {
    "場館編號":7035,
    "場館名稱":"東吳大學健身房(含重量訓練室)",
    "所在地址":"臺北市士林區臨溪路70號",
    "場館連絡電話":"(02)28819471#5606",
    "場館官方網站":"http://www.scu.edu.tw/physical/"
    }
  },
  {
    "type": "Feature",
    "geometry": {
       "type": "Point",
       "coordinates":  [ 121.546281,25.09416399 ]
    },
    "properties": {
    "場館編號":7205,
    "場館名稱":"東吳大學桌球場(館)",
    "所在地址":"臺北市士林區臨溪路70號",
    "場館連絡電話":"(02)28819471#5606",
    "場館官方網站":"http://www.scu.edu.tw/physical/"
    }
  },
  {
    "type": "Feature",
    "geometry": {
       "type": "Point",
       "coordinates":  [ 121.5100175,25.03787504 ]
    },
    "properties": {
    "場館編號":7218,
    "場館名稱":"東吳大學體育館",
    "所在地址":"臺北市中正區貴陽街一段56號",
    "場館連絡電話":"(02)28819471#5606",
    "場館官方網站":"http://www.scu.edu.tw/physical/"
    }
  },
  {
    "type": "Feature",
    "geometry": {
       "type": "Point",
       "coordinates":  [ 121.509748,25.03877298 ]
    },
    "properties": {
    "場館編號":7226,
    "場館名稱":"東吳大學城中校區舞蹈教室",
    "所在地址":"臺北市中正區貴陽街一段56號",
    "場館連絡電話":"02-28819471#5606",
    "場館官方網站":"http://www.scu.edu.tw/physical/"
    }
  },
  {
    "type": "Feature",
    "geometry": {
       "type": "Point",
       "coordinates":  [ 121.5100014,25.03880822 ]
    },
    "properties": {
    "場館編號":7236,
    "場館名稱":"東吳大學健身房(含重量訓練室)",
    "所在地址":"臺北市中正區貴陽街一段56號",
    "場館連絡電話":"(02)28819471#5606",
    "場館官方網站":"http://www.scu.edu.tw/physical/"
    }
  },
  {
    "type": "Feature",
    "geometry": {
       "type": "Point",
       "coordinates":  [ 121.5153497,25.10343772 ]
    },
    "properties": {
    "場館編號":7238,
    "場館名稱":"中正高中田徑場",
    "所在地址":"臺北市北投區文林北路77號",
    "場館連絡電話":"02-28234811#330",
    "場館官方網站":"http://www.ccsh.tp.edu.tw"
    }
  },
  {
    "type": "Feature",
    "geometry": {
       "type": "Point",
       "coordinates":  [ 121.509929,25.03890786 ]
    },
    "properties": {
    "場館編號":7242,
    "場館名稱":"東吳大學桌球場(館)",
    "所在地址":"臺北市中正區貴陽街一段56號",
    "場館連絡電話":"(02)28819471#5606",
    "場館官方網站":"http://www.scu.edu.tw/physical/"
    }
  },
  {
    "type": "Feature",
    "geometry": {
       "type": "Point",
       "coordinates":  [ 121.5098177,25.03797347 ]
    },
    "properties": {
    "場館編號":7251,
    "場館名稱":"東吳大學城中校區室外籃球場",
    "所在地址":"臺北市中正區貴陽街一段56號",
    "場館連絡電話":"02-28819471#5606",
    "場館官方網站":"http://www.scu.edu.tw/physical/"
    }
  },
  {
    "type": "Feature",
    "geometry": {
       "type": "Point",
       "coordinates":  [ 121.5149689,25.10400121 ]
    },
    "properties": {
    "場館編號":7341,
    "場館名稱":"中正高中籃球場",
    "所在地址":"臺北市北投區文林北路77號",
    "場館連絡電話":"02-28234811#330",
    "場館官方網站":"http://www.ccsh.tp.edu.tw"
    }
  },
  {
    "type": "Feature",
    "geometry": {
       "type": "Point",
       "coordinates":  [ 121.5149447,25.10397692 ]
    },
    "properties": {
    "場館編號":7343,
    "場館名稱":"中正高中排球場(館)",
    "所在地址":"臺北市北投區文林北路77號",
    "場館連絡電話":"02-28234811#330",
    "場館官方網站":"http://www.ccsh.tp.edu.tw"
    }
  },
  {
    "type": "Feature",
    "geometry": {
       "type": "Point",
       "coordinates":  [ 121.5422724,25.02859301 ]
    },
    "properties": {
    "場館編號":7474,
    "場館名稱":"開平餐飲學校操場",
    "所在地址":"臺北市大安區復興南路2段148巷24號",
    "場館連絡電話":"02-27556939#373",
    "場館官方網站":"http://www.kpvs.tp.edu.tw"
    }
  },
  {
    "type": "Feature",
    "geometry": {
       "type": "Point",
       "coordinates":  [ 121.5344003,25.04289704 ]
    },
    "properties": {
    "場館編號":7710,
    "場館名稱":"臺北科技大學體適能運動中心(有氧訓練室)",
    "所在地址":"臺北市大安區忠孝東路三段1號",
    "場館連絡電話":"02-27712171#3320",
    "場館官方網站":"http://www.ntut.edu.tw"
    }
  },
  {
    "type": "Feature",
    "geometry": {
       "type": "Point",
       "coordinates":  [ 121.5342463,25.0430379 ]
    },
    "properties": {
    "場館編號":7724,
    "場館名稱":"臺北科技大學運動體適能運動教室",
    "所在地址":"臺北市大安區忠孝東路三段1號",
    "場館連絡電話":"02-27712171#3320",
    "場館官方網站":"http://www.ntut.edu.tw"
    }
  },
  {
    "type": "Feature",
    "geometry": {
       "type": "Point",
       "coordinates":  [ 121.5342964,25.04303621 ]
    },
    "properties": {
    "場館編號":7728,
    "場館名稱":"臺北科技大學健身房(含重量訓練室)",
    "所在地址":"臺北市大安區忠孝東路三段1號",
    "場館連絡電話":"02-27712171#3320",
    "場館官方網站":"http://www.ntut.edu.tw"
    }
  },
  {
    "type": "Feature",
    "geometry": {
       "type": "Point",
       "coordinates":  [ 121.5665531,25.03184811 ]
    },
    "properties": {
    "場館編號":7730,
    "場館名稱":"臺北市信義運動中心",
    "所在地址":"臺北市信義區松勤街100號",
    "場館連絡電話":"02-87861911",
    "場館官方網站":"https://xysc.teamxports.com/"
    }
  },
  {
    "type": "Feature",
    "geometry": {
       "type": "Point",
       "coordinates":  [ 121.5456324,25.08459252 ]
    },
    "properties": {
    "場館編號":7761,
    "場館名稱":"實踐大學游泳池(館)(臺北校區)",
    "所在地址":"臺北市中山區大直街70號",
    "場館連絡電話":"02-25381111#3811",
    "場館官方網站":"http://www.usc.edu.tw"
    }
  },
  {
    "type": "Feature",
    "geometry": {
       "type": "Point",
       "coordinates":  [ 121.5456084,25.08458606 ]
    },
    "properties": {
    "場館編號":7763,
    "場館名稱":"實踐大學網球場(館)(臺北校區)",
    "所在地址":"臺北市中山區大直街70號",
    "場館連絡電話":"02-25381111#3811",
    "場館官方網站":"http://www.sportnew.usc.edu.tw/"
    }
  },
  {
    "type": "Feature",
    "geometry": {
       "type": "Point",
       "coordinates":  [ 121.5456258,25.08457119 ]
    },
    "properties": {
    "場館編號":7765,
    "場館名稱":"實踐大學體育館(臺北校區)",
    "所在地址":"臺北市中山區大直街70號",
    "場館連絡電話":"02-25381111#3811",
    "場館官方網站":"http://www.sportnew.usc.edu.tw/"
    }
  },
  {
    "type": "Feature",
    "geometry": {
       "type": "Point",
       "coordinates":  [ 121.5358526,25.04346428 ]
    },
    "properties": {
    "場館編號":7773,
    "場館名稱":"臺北科技大學多功能舞蹈教室",
    "所在地址":"臺北市大安區忠孝東路三段1號",
    "場館連絡電話":"02-27712171#3320",
    "場館官方網站":"http://www.ntut.edu.tw"
    }
  },
  {
    "type": "Feature",
    "geometry": {
       "type": "Point",
       "coordinates":  [ 121.5358579,25.04345942 ]
    },
    "properties": {
    "場館編號":7775,
    "場館名稱":"臺北科技大學中正館 7樓撞球教室",
    "所在地址":"臺北市大安區忠孝東路三段1號",
    "場館連絡電話":"02-27712171#3320",
    "場館官方網站":"http://www.ntut.edu.tw"
    }
  },
  {
    "type": "Feature",
    "geometry": {
       "type": "Point",
       "coordinates":  [ 121.5376335,25.0428276 ]
    },
    "properties": {
    "場館編號":7777,
    "場館名稱":"臺北科技大學東校區運動園區（爬竿區）",
    "所在地址":"臺北市大安區忠孝東路三段1號",
    "場館連絡電話":"02-27712171#3320",
    "場館官方網站":"http://www.ntut.edu.tw"
    }
  },
  {
    "type": "Feature",
    "geometry": {
       "type": "Point",
       "coordinates":  [ 121.5381847,25.04307304 ]
    },
    "properties": {
    "場館編號":7778,
    "場館名稱":"臺北科技大學東校區運動園區（排球場）",
    "所在地址":"臺北市大安區忠孝東路三段1號",
    "場館連絡電話":"02-27712171#3327",
    "場館官方網站":"http://www.ntut.edu.tw"
    }
  },
  {
    "type": "Feature",
    "geometry": {
       "type": "Point",
       "coordinates":  [ 121.5375584,25.04318725 ]
    },
    "properties": {
    "場館編號":7779,
    "場館名稱":"臺北科技大學東校區運動園區（籃球比賽場）",
    "所在地址":"臺北市大安區忠孝東路三段1號",
    "場館連絡電話":"02-27712171#3320",
    "場館官方網站":"http://www.ntut.edu.tw"
    }
  },
  {
    "type": "Feature",
    "geometry": {
       "type": "Point",
       "coordinates":  [ 121.5378749,25.04323585 ]
    },
    "properties": {
    "場館編號":7780,
    "場館名稱":"臺北科技大學東校區運動園區（籃球練習場）",
    "所在地址":"臺北市大安區忠孝東路三段1號",
    "場館連絡電話":"02-27712171#3320",
    "場館官方網站":"http://www.ntut.edu.tw"
    }
  },
  {
    "type": "Feature",
    "geometry": {
       "type": "Point",
       "coordinates":  [ 121.5372151,25.04319211 ]
    },
    "properties": {
    "場館編號":7782,
    "場館名稱":"臺北科技大學東校區運動園區（網球場）",
    "所在地址":"臺北市大安區忠孝東路三段1號",
    "場館連絡電話":"02-27712171#3327",
    "場館官方網站":"http://www.ntut.edu.tw"
    }
  },
  {
    "type": "Feature",
    "geometry": {
       "type": "Point",
       "coordinates":  [ 121.5375584,25.04239505 ]
    },
    "properties": {
    "場館編號":7783,
    "場館名稱":"臺北科技大學東校區運動園區（足球場）",
    "所在地址":"臺北市大安區忠孝東路三段1號",
    "場館連絡電話":"02-27712171#3320",
    "場館官方網站":"http://www.ntut.edu.tw"
    }
  },
  {
    "type": "Feature",
    "geometry": {
       "type": "Point",
       "coordinates":  [ 121.5343533,25.04302374 ]
    },
    "properties": {
    "場館編號":7785,
    "場館名稱":"臺北科技大學第三教學大樓B1體適能運動中心(舞蹈教室)",
    "所在地址":"臺北市大安區忠孝東路三段1號",
    "場館連絡電話":"02-27712171#3320",
    "場館官方網站":"http://www.ntut.edu.tw"
    }
  },
  {
    "type": "Feature",
    "geometry": {
       "type": "Point",
       "coordinates":  [ 121.5358257,25.04341568 ]
    },
    "properties": {
    "場館編號":7787,
    "場館名稱":"臺北科技大學14.中正館5F綜合球場",
    "所在地址":"臺北市大安區忠孝東路三段1號",
    "場館連絡電話":"02-27712171#3320",
    "場館官方網站":"http://www.ntut.edu.tw"
    }
  },
  {
    "type": "Feature",
    "geometry": {
       "type": "Point",
       "coordinates":  [ 121.5358526,25.04343755 ]
    },
    "properties": {
    "場館編號":7788,
    "場館名稱":"臺北科技大學中正館B1桌球室",
    "所在地址":"臺北市大安區忠孝東路三段1號",
    "場館連絡電話":"02-27712171#3320",
    "場館官方網站":"http://www.ntut.edu.tw"
    }
  },
  {
    "type": "Feature",
    "geometry": {
       "type": "Point",
       "coordinates":  [ 121.5374565,25.0426332 ]
    },
    "properties": {
    "場館編號":7848,
    "場館名稱":"臺北科技大學東校區運動園區(田徑場)",
    "所在地址":"臺北市大安區忠孝東路三段1號",
    "場館連絡電話":"02-27712171#3320",
    "場館官方網站":"http://www.ntut.edu.tw"
    }
  },
  {
    "type": "Feature",
    "geometry": {
       "type": "Point",
       "coordinates":  [ 121.5020084,25.14274001 ]
    },
    "properties": {
    "場館編號":7986,
    "場館名稱":"復興高中田徑場",
    "所在地址":"臺北市北投區復興四路70號",
    "場館連絡電話":"02-28914131#330",
    "場館官方網站":"http://www.fhsh.tp.edu.tw"
    }
  },
  {
    "type": "Feature",
    "geometry": {
       "type": "Point",
       "coordinates":  [ 121.5029204,25.14406088 ]
    },
    "properties": {
    "場館編號":7989,
    "場館名稱":"復興高中游泳池(館)",
    "所在地址":"臺北市北投區復興四路70號",
    "場館連絡電話":"02-28914131#330",
    "場館官方網站":"http://www.fhsh.tp.edu.tw"
    }
  },
  {
    "type": "Feature",
    "geometry": {
       "type": "Point",
       "coordinates":  [ 121.5026253,25.14327419 ]
    },
    "properties": {
    "場館編號":7992,
    "場館名稱":"復興高中中正堂",
    "所在地址":"臺北市北投區復興四路70號",
    "場館連絡電話":"02-28914131#330",
    "場館官方網站":"http://www.fhsh.tp.edu.tw"
    }
  },
  {
    "type": "Feature",
    "geometry": {
       "type": "Point",
       "coordinates":  [ 121.5653139,25.08677244 ]
    },
    "properties": {
    "場館編號":8009,
    "場館名稱":"德明財經科技大學游泳池",
    "所在地址":"臺北市內湖區環山路一段56號",
    "場館連絡電話":"02-87513132",
    "場館官方網站":"http://www.takming.edu.tw"
    }
  },
  {
    "type": "Feature",
    "geometry": {
       "type": "Point",
       "coordinates":  [ 121.5216744,25.04172921 ]
    },
    "properties": {
    "場館編號":8013,
    "場館名稱":"開南商工田徑場",
    "所在地址":"臺北市中正區東門里濟南路1段6號",
    "場館連絡電話":"02-23212666#212",
    "場館官方網站":"http://www.knvs.tp.edu.tw"
    }
  },
  {
    "type": "Feature",
    "geometry": {
       "type": "Point",
       "coordinates":  [ 121.5096956,25.1168977 ]
    },
    "properties": {
    "場館編號":8042,
    "場館名稱":"臺北市北投運動中心",
    "所在地址":"臺北市北投區石牌路1段39巷100號",
    "場館連絡電話":"02-28202880",
    "場館官方網站":"http://www.btsport.org.tw/"
    }
  },
  {
    "type": "Feature",
    "geometry": {
       "type": "Point",
       "coordinates":  [ 121.5669233,25.08746238 ]
    },
    "properties": {
    "場館編號":8050,
    "場館名稱":"德明財經科技大學排球場",
    "所在地址":"臺北市內湖區環山路一段56號",
    "場館連絡電話":"02-26585801#5196",
    "場館官方網站":"http://www.takming.edu.tw"
    }
  },
  {
    "type": "Feature",
    "geometry": {
       "type": "Point",
       "coordinates":  [ 121.5657699,25.0872335 ]
    },
    "properties": {
    "場館編號":8068,
    "場館名稱":"德明財經科技大學桌球教室",
    "所在地址":"臺北市內湖區環山路一段56號",
    "場館連絡電話":"02-26585801#5196",
    "場館官方網站":"http://www.takming.edu.tw"
    }
  },
  {
    "type": "Feature",
    "geometry": {
       "type": "Point",
       "coordinates":  [ 121.5273754,25.02614533 ]
    },
    "properties": {
    "場館編號":8079,
    "場館名稱":"臺灣師範大學體育館",
    "所在地址":"臺北市大安區和平東路一段162號",
    "場館連絡電話":"02-77343177",
    "場館官方網站":"http://www.ntnu.edu.tw"
    }
  },
  {
    "type": "Feature",
    "geometry": {
       "type": "Point",
       "coordinates":  [ 121.527301,25.02615201 ]
    },
    "properties": {
    "場館編號":8090,
    "場館名稱":"臺灣師範大學田徑場",
    "所在地址":"臺北市大安區和平東路一段162號",
    "場館連絡電話":"02-77343176",
    "場館官方網站":"http://www.ntnu.edu.tw"
    }
  },
  {
    "type": "Feature",
    "geometry": {
       "type": "Point",
       "coordinates":  [ 121.5067506,25.04751753 ]
    },
    "properties": {
    "場館編號":8100,
    "場館名稱":"臺北市萬華運動中心",
    "所在地址":"臺北市萬華區西寧南路6之1號",
    "場館連絡電話":"02-23759900",
    "場館官方網站":"http://whsc.com.tw/"
    }
  },
  {
    "type": "Feature",
    "geometry": {
       "type": "Point",
       "coordinates":  [ 121.5501916,25.04857699 ]
    },
    "properties": {
    "場館編號":8147,
    "場館名稱":"臺北市松山運動中心",
    "所在地址":"臺北市松山區敦化北路1號",
    "場館連絡電話":"02-66176789",
    "場館官方網站":"http://sssc.com.tw/"
    }
  },
  {
    "type": "Feature",
    "geometry": {
       "type": "Point",
       "coordinates":  [ 121.555202,25.02564102 ]
    },
    "properties": {
    "場館編號":9238,
    "場館名稱":"喬治工商田徑場、籃球場",
    "所在地址":"臺北市信義區基隆路二段155號",
    "場館連絡電話":"02-27386515#220",
    "場館官方網站":"http://www.gvs.tp.edu.tw"
    }
  },
  {
    "type": "Feature",
    "geometry": {
       "type": "Point",
       "coordinates":  [ 121.526792,25.0254077 ]
    },
    "properties": {
    "場館編號":9253,
    "場館名稱":"國立臺灣師範大學游泳池(館)",
    "所在地址":"臺北市大安區和平東路一段162號",
    "場館連絡電話":"02-77343181",
    "場館官方網站":"http://www.ntnu.edu.tw"
    }
  },
  {
    "type": "Feature",
    "geometry": {
       "type": "Point",
       "coordinates":  [ 121.5203655,25.0673122 ]
    },
    "properties": {
    "場館編號":9254,
    "場館名稱":"大同高中綜合球場",
    "所在地址":"臺北市中山區聚英里中山北路3段40號",
    "場館連絡電話":"02-25858785#603",
    "場館官方網站":"http://www.tsh.ttu.edu.tw"
    }
  },
  {
    "type": "Feature",
    "geometry": {
       "type": "Point",
       "coordinates":  [ 121.5730011,25.03962961 ]
    },
    "properties": {
    "場館編號":9396,
    "場館名稱":"松山工農田徑場",
    "所在地址":"臺北市信義區忠孝東路5段236巷15號",
    "場館連絡電話":"02-27226616#351",
    "場館官方網站":"http://www.saihs.edu.tw"
    }
  },
  {
    "type": "Feature",
    "geometry": {
       "type": "Point",
       "coordinates":  [ 121.5804791,25.03572191 ]
    },
    "properties": {
    "場館編號":9424,
    "場館名稱":"松山家商活動中心",
    "所在地址":"臺北市信義區松山路655號",
    "場館連絡電話":"02-27261118#330",
    "場館官方網站":"http://www.ssvs.tp.edu.tw"
    }
  },
  {
    "type": "Feature",
    "geometry": {
       "type": "Point",
       "coordinates":  [ 121.5353067,25.00870605 ]
    },
    "properties": {
    "場館編號":9431,
    "場館名稱":"公館校區體育館",
    "所在地址":"臺北市文山區汀州路四段88號",
    "場館連絡電話":"02-77496853",
    "場館官方網站":"https://www.phr.ntnu.edu.tw/"
    }
  },
  {
    "type": "Feature",
    "geometry": {
       "type": "Point",
       "coordinates":  [ 121.5783978,24.99067232 ]
    },
    "properties": {
    "場館編號":9433,
    "場館名稱":"大誠高中籃球場",
    "所在地址":"臺北市文山區萬興里秀明路2段175號",
    "場館連絡電話":"02-22348989#34",
    "場館官方網站":"http://www.tcsh.tp.edu.tw"
    }
  },
  {
    "type": "Feature",
    "geometry": {
       "type": "Point",
       "coordinates":  [ 121.5359545,25.00895277 ]
    },
    "properties": {
    "場館編號":9461,
    "場館名稱":"臺灣師範大學田徑場、足球場",
    "所在地址":"臺北市文山區",
    "場館連絡電話":"02-77496853",
    "場館官方網站":"https://www.phr.ntnu.edu.tw/"
    }
  },
  {
    "type": "Feature",
    "geometry": {
       "type": "Point",
       "coordinates":  [ 121.573602,25.04015451 ]
    },
    "properties": {
    "場館編號":9479,
    "場館名稱":"松山工農籃球場",
    "所在地址":"臺北市信義區忠孝東路5段236巷15號",
    "場館連絡電話":"02-27226616#351",
    "場館官方網站":"http://www.saihs.edu.tw"
    }
  },
  {
    "type": "Feature",
    "geometry": {
       "type": "Point",
       "coordinates":  [ 121.5398478,25.03408336 ]
    },
    "properties": {
    "場館編號":9493,
    "場館名稱":"師大附中體育館",
    "所在地址":"臺北市大安區和安里信義路3段143號",
    "場館連絡電話":"02-27075215#271",
    "場館官方網站":"http://www.hs.ntnu.edu.tw"
    }
  },
  {
    "type": "Feature",
    "geometry": {
       "type": "Point",
       "coordinates":  [ 121.5784192,24.99093974 ]
    },
    "properties": {
    "場館編號":9596,
    "場館名稱":"大誠高中健身房",
    "所在地址":"臺北市文山區萬興里秀明路2段175號",
    "場館連絡電話":"02-22348989#34",
    "場館官方網站":"http://www.tcsh.tp.edu.tw"
    }
  },
  {
    "type": "Feature",
    "geometry": {
       "type": "Point",
       "coordinates":  [ 121.519306,25.03820311 ]
    },
    "properties": {
    "場館編號":9627,
    "場館名稱":"臺北市中正運動中心",
    "所在地址":"臺北市中正區信義路1段1號",
    "場館連絡電話":"02-23963358",
    "場館官方網站":"http://www.tpejjsports.com.tw/"
    }
  },
  {
    "type": "Feature",
    "geometry": {
       "type": "Point",
       "coordinates":  [ 121.5405587,25.03575342 ]
    },
    "properties": {
    "場館編號":9634,
    "場館名稱":"師大附中籃球場",
    "所在地址":"臺北市大安區和安里信義路3段143號",
    "場館連絡電話":"02-27075215#271",
    "場館官方網站":"http://www.hs.ntnu.edu.tw"
    }
  },
  {
    "type": "Feature",
    "geometry": {
       "type": "Point",
       "coordinates":  [ 121.5403104,25.03369996 ]
    },
    "properties": {
    "場館編號":9672,
    "場館名稱":"師大附中健身房(含重量訓練室)",
    "所在地址":"臺北市大安區和安里信義路3段143號",
    "場館連絡電話":"02-27075215#271",
    "場館官方網站":"http://www.hs.ntnu.edu.tw"
    }
  },
  {
    "type": "Feature",
    "geometry": {
       "type": "Point",
       "coordinates":  [ 121.5672398,25.08719332 ]
    },
    "properties": {
    "場館編號":9681,
    "場館名稱":"德明財經科技大學田徑場",
    "所在地址":"臺北市內湖區環山路一段56號",
    "場館連絡電話":"02-26585801#5196",
    "場館官方網站":"http://www.takming.edu.tw"
    }
  },
  {
    "type": "Feature",
    "geometry": {
       "type": "Point",
       "coordinates":  [ 121.5596867,24.9970088 ]
    },
    "properties": {
    "場館編號":9686,
    "場館名稱":"臺北市文山運動中心",
    "所在地址":"台北市文山區興隆路三段222號",
    "場館連絡電話":"02-22308268",
    "場館官方網站":"https://wssc.cyc.org.tw/"
    }
  },
  {
    "type": "Feature",
    "geometry": {
       "type": "Point",
       "coordinates":  [ 121.5410743,25.03563485 ]
    },
    "properties": {
    "場館編號":9704,
    "場館名稱":"師大附中排球場(館)",
    "所在地址":"臺北市大安區和安里信義路3段143號",
    "場館連絡電話":"02-27075215#271",
    "場館官方網站":"http://www.hs.ntnu.edu.tw"
    }
  },
  {
    "type": "Feature",
    "geometry": {
       "type": "Point",
       "coordinates":  [ 121.5207168,25.06820451 ]
    },
    "properties": {
    "場館編號":9707,
    "場館名稱":"大同大學室內運動場",
    "所在地址":"臺北市中山區中山北路三段40號",
    "場館連絡電話":"02-21822928#7519",
    "場館官方網站":"http://www.ttu.edu.tw"
    }
  },
  {
    "type": "Feature",
    "geometry": {
       "type": "Point",
       "coordinates":  [ 121.5201589,25.06827011 ]
    },
    "properties": {
    "場館編號":9719,
    "場館名稱":"大同大學籃球場",
    "所在地址":"臺北市中山區中山北路三段40號",
    "場館連絡電話":"02-21822928#7519",
    "場館官方網站":"http://www.ttu.edu.tw"
    }
  },
  {
    "type": "Feature",
    "geometry": {
       "type": "Point",
       "coordinates":  [ 121.565609,25.04363438 ]
    },
    "properties": {
    "場館編號":9734,
    "場館名稱":"松山高中活動中心",
    "所在地址":"臺北市信義區基隆路一段156號",
    "場館連絡電話":"02-27535968#260",
    "場館官方網站":"http://www.sssh.tp.edu.tw"
    }
  },
  {
    "type": "Feature",
    "geometry": {
       "type": "Point",
       "coordinates":  [ 121.520167,25.06802958 ]
    },
    "properties": {
    "場館編號":9737,
    "場館名稱":"大同大學網球場",
    "所在地址":"臺北市中山區中山北路三段40號",
    "場館連絡電話":"02-21822928#7519",
    "場館官方網站":"http://www.ttu.edu.tw"
    }
  },
  {
    "type": "Feature",
    "geometry": {
       "type": "Point",
       "coordinates":  [ 121.5204298,25.06771131 ]
    },
    "properties": {
    "場館編號":9739,
    "場館名稱":"大同大學排球場",
    "所在地址":"臺北市中山區中山北路三段40號",
    "場館連絡電話":"02-21822928#7519",
    "場館官方網站":"http://www.ttu.edu.tw"
    }
  },
  {
    "type": "Feature",
    "geometry": {
       "type": "Point",
       "coordinates":  [ 121.5142487,25.1216217 ]
    },
    "properties": {
    "場館編號":9740,
    "場館名稱":"陽明大學活動中心",
    "所在地址":"臺北市北投區立農街二段155號",
    "場館連絡電話":"02-28267000#2169",
    "場館官方網站":"http://pe.web.ym.edu.tw/"
    }
  },
  {
    "type": "Feature",
    "geometry": {
       "type": "Point",
       "coordinates":  [ 121.5137203,25.11978395 ]
    },
    "properties": {
    "場館編號":9820,
    "場館名稱":"陽明大學山下球場",
    "所在地址":"臺北市北投區立農街二段155號",
    "場館連絡電話":"02-28267000#2169",
    "場館官方網站":"http://pe.web.ym.edu.tw/"
    }
  },
  {
    "type": "Feature",
    "geometry": {
       "type": "Point",
       "coordinates":  [ 121.514883,25.12518658 ]
    },
    "properties": {
    "場館編號":9828,
    "場館名稱":"陽明大學山頂運動場",
    "所在地址":"臺北市北投區立農街二段155號",
    "場館連絡電話":"02-28267000#2169",
    "場館官方網站":"http://pe.web.ym.edu.tw/"
    }
  },
  {
    "type": "Feature",
    "geometry": {
       "type": "Point",
       "coordinates":  [ 121.6106915,25.06693142 ]
    },
    "properties": {
    "場館編號":9882,
    "場館名稱":"南湖高中運動中心",
    "所在地址":"臺北市內湖區康寧路三段220號",
    "場館連絡電話":"02-26308889",
    "場館官方網站":"http://www.nhush.tp.edu.tw/"
    }
  },
  {
    "type": "Feature",
    "geometry": {
       "type": "Point",
       "coordinates":  [ 121.5138155,25.12442066 ]
    },
    "properties": {
    "場館編號":9941,
    "場館名稱":"陽明大學山頂網球場",
    "所在地址":"臺北市北投區立農街二段155號",
    "場館連絡電話":"02-28267000#2169",
    "場館官方網站":"http://pe.web.ym.edu.tw/"
    }
  },
  {
    "type": "Feature",
    "geometry": {
       "type": "Point",
       "coordinates":  [ 121.5215403,25.08935926 ]
    },
    "properties": {
    "場館編號":10079,
    "場館名稱":"臺北市士林運動中心",
    "所在地址":"臺北市士林區士商路1號",
    "場館連絡電話":"02-28806066",
    "場館官方網站":"http://www.slsc-taipei.org/News.aspx"
    }
  },
  {
    "type": "Feature",
    "geometry": {
       "type": "Point",
       "coordinates":  [ 121.4271533,25.1916899 ]
    },
    "properties": {
    "場館編號":10141,
    "場館名稱":"台北海洋科技大學體育館",
    "所在地址":"台北市淡水區濱海路3段150號",
    "場館連絡電話":"02-28052292",
    "場館官方網站":"http://www.tcmt.edu.tw"
    }
  },
  {
    "type": "Feature",
    "geometry": {
       "type": "Point",
       "coordinates":  [ 121.5214115,25.05482665 ]
    },
    "properties": {
    "場館編號":10271,
    "場館名稱":"臺北市中山運動中心",
    "所在地址":"臺北市中山區中山北路2段44巷2號",
    "場館連絡電話":"02-25811060",
    "場館官方網站":"https://cssc.cyc.org.tw/"
    }
  },
  {
    "type": "Feature",
    "geometry": {
       "type": "Point",
       "coordinates":  [ 121.5163475,25.06526957 ]
    },
    "properties": {
    "場館編號":10272,
    "場館名稱":"臺北市大同運動中心",
    "所在地址":"臺北市大同區大龍街51號",
    "場館連絡電話":"02-25920055",
    "場館官方網站":"http://www.dtsc-wdyg.com.tw/web/index/index.jsp"
    }
  },
  {
    "type": "Feature",
    "geometry": {
       "type": "Point",
       "coordinates":  [ 121.4644164,25.12284313 ]
    },
    "properties": {
    "場館編號":10368,
    "場館名稱":"馬偕醫護管理專科學校體育館",
    "所在地址":"臺北市北投區聖景路92號",
    "場館連絡電話":"02-28584180#2145",
    "場館官方網站":"http://www.mkc.edu.tw"
    }
  },
  {
    "type": "Feature",
    "geometry": {
       "type": "Point",
       "coordinates":  [ 121.4644575,25.12286703 ]
    },
    "properties": {
    "場館編號":10400,
    "場館名稱":"馬偕醫護管理專科學校體育館",
    "所在地址":"臺北市北投區聖景路92號",
    "場館連絡電話":"02-28584180#2145",
    "場館官方網站":"http://www.mkc.edu.tw"
    }
  },
  {
    "type": "Feature",
    "geometry": {
       "type": "Point",
       "coordinates":  [ 121.5387762,24.9894484 ]
    },
    "properties": {
    "場館編號":11460,
    "場館名稱":"滬江高中體育館",
    "所在地址":"臺北市文山區景美里羅斯福路6段336號",
    "場館連絡電話":"02-86631122#224",
    "場館官方網站":"http://www.hchs.tp.edu.tw"
    }
  },
  {
    "type": "Feature",
    "geometry": {
       "type": "Point",
       "coordinates":  [ 121.5467724,24.99880983 ]
    },
    "properties": {
    "場館編號":11793,
    "場館名稱":"靜心小學運動中心",
    "所在地址":"臺北市文山區興福里興隆路2段46號",
    "場館連絡電話":"02-29323118#165",
    "場館官方網站":"http://www.chjhs.tp.edu.tw"
    }
  },
  {
    "type": "Feature",
    "geometry": {
       "type": "Point",
       "coordinates":  [ 121.5324032,25.06928809 ]
    },
    "properties": {
    "場館編號":11822,
    "場館名稱":"新生公園棒球場",
    "所在地址":"臺北市中山區新生北路三段105號",
    "場館連絡電話":"02-25972232",
    "場館官方網站":"https://sports.tms.gov.tw/venues/?K=121"
    }
  },
  {
    "type": "Feature",
    "geometry": {
       "type": "Point",
       "coordinates":  [ 121.5909719,25.0769574 ]
    },
    "properties": {
    "場館編號":11832,
    "場館名稱":"方濟中學田徑場",
    "所在地址":"臺北市內湖區紫星里成功路三段61號",
    "場館連絡電話":"02-27910278",
    "場館官方網站":"http://www.sfh.tp.edu.tw"
    }
  },
  {
    "type": "Feature",
    "geometry": {
       "type": "Point",
       "coordinates":  [ 121.5329289,25.11345634 ]
    },
    "properties": {
    "場館編號":11844,
    "場館名稱":"臺北市天母棒球場",
    "所在地址":"臺北市士林區忠誠路二段77號",
    "場館連絡電話":"02-25702330#6723",
    "場館官方網站":"https://sports.tms.gov.tw/"
    }
  },
  {
    "type": "Feature",
    "geometry": {
       "type": "Point",
       "coordinates":  [ 121.5450747,25.0733602 ]
    },
    "properties": {
    "場館編號":11856,
    "場館名稱":"臺北市中山區迎風河濱運動公園",
    "所在地址":"台北市松山區塔悠街與撫遠街389巷交叉口(基6號水門進入)",
    "場館連絡電話":"02-25702330#6520",
    "場館官方網站":"https://vbs.sports.taipei/"
    }
  },
  {
    "type": "Feature",
    "geometry": {
       "type": "Point",
       "coordinates":  [ 121.5364145,25.00364576 ]
    },
    "properties": {
    "場館編號":11868,
    "場館名稱":"景美游泳池",
    "所在地址":"臺北市文山區羅斯福路5段176巷50號1樓",
    "場館連絡電話":"02-29353602",
    "場館官方網站":"https://sports.gov.taipei/"
    }
  },
  {
    "type": "Feature",
    "geometry": {
       "type": "Point",
       "coordinates":  [ 121.6072841,25.05191163 ]
    },
    "properties": {
    "場館編號":11881,
    "場館名稱":"臺北市極限運動訓練中心",
    "所在地址":"臺北市南港區忠孝東路七段382號",
    "場館連絡電話":"02-25702330",
    "場館官方網站":"https://sports.gov.taipei/"
    }
  },
  {
    "type": "Feature",
    "geometry": {
       "type": "Point",
       "coordinates":  [ 121.503489,25.02337101 ]
    },
    "properties": {
    "場館編號":11919,
    "場館名稱":"青年公園棒球場",
    "所在地址":"台北市萬華區水源路199號",
    "場館連絡電話":"02-25702330#6513",
    "場館官方網站":"https://sports.gov.taipei/Default.aspx"
    }
  },
  {
    "type": "Feature",
    "geometry": {
       "type": "Point",
       "coordinates":  [ 121.5149474,25.08843132 ]
    },
    "properties": {
    "場館編號":12661,
    "場館名稱":"士林區百齡河濱公園",
    "所在地址":"臺北市士林區百齡橋下通河東街1段25號旁",
    "場館連絡電話":"02-25702330#6508",
    "場館官方網站":"https://sports.tms.gov.tw/"
    }
  },
  {
    "type": "Feature",
    "geometry": {
       "type": "Point",
       "coordinates":  [ 121.5523696,25.05141027 ]
    },
    "properties": {
    "場館編號":12665,
    "場館名稱":"臺北體育館",
    "所在地址":"臺北市松山區南京東路4段10號",
    "場館連絡電話":"02-25702330#6552",
    "場館官方網站":"https://vbs.sports.taipei/"
    }
  },
  {
    "type": "Feature",
    "geometry": {
       "type": "Point",
       "coordinates":  [ 121.5529221,25.10281107 ]
    },
    "properties": {
    "場館編號":12694,
    "場館名稱":"排球場館",
    "所在地址":"臺北市士林區翠山里至善路2段321號",
    "場館連絡電話":"02-28411487#154",
    "場館官方網站":"http://www.wlgsh.tp.edu.tw"
    }
  },
  {
    "type": "Feature",
    "geometry": {
       "type": "Point",
       "coordinates":  [ 121.5510392,25.10194154 ]
    },
    "properties": {
    "場館編號":12696,
    "場館名稱":"衛理女中室外球場",
    "所在地址":"臺北市士林區翠山里至善路2段321號",
    "場館連絡電話":"02-28411487#154",
    "場館官方網站":"http://www.wlgsh.tp.edu.tw"
    }
  },
  {
    "type": "Feature",
    "geometry": {
       "type": "Point",
       "coordinates":  [ 121.5419734,25.04987316 ]
    },
    "properties": {
    "場館編號":12731,
    "場館名稱":"中興中學羽球場",
    "所在地址":"臺北市中山區力行里朱崙街42號",
    "場館連絡電話":"(02)27412542#217",
    "場館官方網站":"http://www.chsh.tp.edu.tw"
    }
  },
  {
    "type": "Feature",
    "geometry": {
       "type": "Point",
       "coordinates":  [ 121.5290666,25.06554169 ]
    },
    "properties": {
    "場館編號":12739,
    "場館名稱":"稻江護家籃球場",
    "所在地址":"臺北市中山區新生北路三段55號",
    "場館連絡電話":"(02)25955161",
    "場館官方網站":"http://www.tcnvs.tp.edu.tw"
    }
  },
  {
    "type": "Feature",
    "geometry": {
       "type": "Point",
       "coordinates":  [ 121.5393019,25.13579552 ]
    },
    "properties": {
    "場館編號":13058,
    "場館名稱":"中國文化大學室外運動球場",
    "所在地址":"臺北市士林區華岡路55號",
    "場館連絡電話":"935957111",
    "場館官方網站":"http://www.pccu.edu.tw"
    }
  },
  {
    "type": "Feature",
    "geometry": {
       "type": "Point",
       "coordinates":  [ 121.5474843,25.03949778 ]
    },
    "properties": {
    "場館編號":13125,
    "場館名稱":"復興實驗高中大禮堂(體育館)",
    "所在地址":"臺北市大安區敦化南路1段262 號",
    "場館連絡電話":"02-27715859#172",
    "場館官方網站":"http://www.fhjh.tp.edu.tw"
    }
  },
  {
    "type": "Feature",
    "geometry": {
       "type": "Point",
       "coordinates":  [ 121.5349352,25.11691349 ]
    },
    "properties": {
    "場館編號":13219,
    "場館名稱":"啟明學校游泳池(館)",
    "所在地址":"臺北市士林區忠誠路二段207巷1號",
    "場館連絡電話":"02-28740670#1203",
    "場館官方網站":"http://www.tmsb.tp.edu.tw/"
    }
  },
  {
    "type": "Feature",
    "geometry": {
       "type": "Point",
       "coordinates":  [ 121.6104662,25.07644529 ]
    },
    "properties": {
    "場館編號":13230,
    "場館名稱":"康寧大學台北校區野聲館",
    "所在地址":"臺北市內湖區康寧路三段75巷137號",
    "場館連絡電話":"02-26321181#451",
    "場館官方網站":"http://www.ukn.edu.tw"
    }
  },
  {
    "type": "Feature",
    "geometry": {
       "type": "Point",
       "coordinates":  [ 121.5971732,25.07209514 ]
    },
    "properties": {
    "場館編號":13324,
    "場館名稱":"國防醫學院活動中心",
    "所在地址":"臺北市內湖區民權東路六段161號",
    "場館連絡電話":"(02)87923144",
    "場館官方網站":"http://www.ndmctsgh.edu.tw/"
    }
  },
  {
    "type": "Feature",
    "geometry": {
       "type": "Point",
       "coordinates":  [ 121.5987504,25.07173247 ]
    },
    "properties": {
    "場館編號":13338,
    "場館名稱":"國防醫學院田徑場",
    "所在地址":"臺北市內湖區民權東路六段161號",
    "場館連絡電話":"(02)87923144",
    "場館官方網站":"http://www.ndmctsgh.edu.tw/"
    }
  },
  {
    "type": "Feature",
    "geometry": {
       "type": "Point",
       "coordinates":  [ 121.515044,25.02590351 ]
    },
    "properties": {
    "場館編號":13380,
    "場館名稱":"強恕中學體育館",
    "所在地址":"臺北市中正區板溪里汀州路二段143號",
    "場館連絡電話":"02-23656571",
    "場館官方網站":"http://www.qshs.tp.edu.tw"
    }
  },
  {
    "type": "Feature",
    "geometry": {
       "type": "Point",
       "coordinates":  [ 121.5685996,24.98500172 ]
    },
    "properties": {
    "場館編號":13396,
    "場館名稱":"景文高中籃球場",
    "所在地址":"臺北市文山區木新里保儀路127號",
    "場館連絡電話":"02-29390310",
    "場館官方網站":"http://www.jwsh.tp.edu.tw"
    }
  },
  {
    "type": "Feature",
    "geometry": {
       "type": "Point",
       "coordinates":  [ 121.568259,24.98543724 ]
    },
    "properties": {
    "場館編號":13526,
    "場館名稱":"景文高中排球場",
    "所在地址":"臺北市文山區木新里保儀路127號",
    "場館連絡電話":"02-29390310",
    "場館官方網站":"http://www.jwsh.tp.edu.tw"
    }
  },
  {
    "type": "Feature",
    "geometry": {
       "type": "Point",
       "coordinates":  [ 121.5689456,24.98492547 ]
    },
    "properties": {
    "場館編號":13538,
    "場館名稱":"景文高中桌球場",
    "所在地址":"臺北市文山區木新里保儀路127號",
    "場館連絡電話":"02-29390310",
    "場館官方網站":"http://www.jwsh.tp.edu.tw"
    }
  },
  {
    "type": "Feature",
    "geometry": {
       "type": "Point",
       "coordinates":  [ 121.5840465,25.04173026 ]
    },
    "properties": {
    "場館編號":13714,
    "場館名稱":"祐德中學環形/直線慢跑道(非田徑場型)",
    "所在地址":"臺北市信義區忠孝東路5段790巷27號",
    "場館連絡電話":"(02)27278280",
    "場館官方網站":"http://www.ytsh.tp.edu.tw"
    }
  },
  {
    "type": "Feature",
    "geometry": {
       "type": "Point",
       "coordinates":  [ 121.5600908,24.9990755 ]
    },
    "properties": {
    "場館編號":13728,
    "場館名稱":"臺灣警察專科學校游泳池(館)",
    "所在地址":"臺北市文山區興隆路三段 153 號",
    "場館連絡電話":"(02)22308512-4",
    "場館官方網站":"http://www.tpa.edu.tw/"
    }
  },
  {
    "type": "Feature",
    "geometry": {
       "type": "Point",
       "coordinates":  [ 121.5609169,24.99891442 ]
    },
    "properties": {
    "場館編號":13736,
    "場館名稱":"臺灣警察專科學校籃球場",
    "所在地址":"臺北市文山區興隆路三段 153 號",
    "場館連絡電話":"(02)22308512-4",
    "場館官方網站":"http://www.tpa.edu.tw/"
    }
  },
  {
    "type": "Feature",
    "geometry": {
       "type": "Point",
       "coordinates":  [ 121.5604949,25.00052206 ]
    },
    "properties": {
    "場館編號":13741,
    "場館名稱":"臺灣警察專科學校體育館",
    "所在地址":"臺北市文山區興隆路三段 153 號",
    "場館連絡電話":"(02)22308512-4",
    "場館官方網站":"http://www.tpa.edu.tw/"
    }
  },
  {
    "type": "Feature",
    "geometry": {
       "type": "Point",
       "coordinates":  [ 121.5395089,25.10496942 ]
    },
    "properties": {
    "場館編號":13849,
    "場館名稱":"華興小學田徑場",
    "所在地址":"臺北市士林區芝山里仰德大道1段101號",
    "場館連絡電話":"02-28316834",
    "場館官方網站":"http://www.hhhs.tp.edu.tw"
    }
  },
  {
    "type": "Feature",
    "geometry": {
       "type": "Point",
       "coordinates":  [ 121.5840572,25.04176836 ]
    },
    "properties": {
    "場館編號":13879,
    "場館名稱":"祐德中學籃球場",
    "所在地址":"臺北市信義區忠孝東路5段790巷27號",
    "場館連絡電話":"(02)27278280",
    "場館官方網站":"http://www.ytsh.tp.edu.tw"
    }
  },
  {
    "type": "Feature",
    "geometry": {
       "type": "Point",
       "coordinates":  [ 121.5490115,25.13721359 ]
    },
    "properties": {
    "場館編號":13921,
    "場館名稱":"華岡藝校舞蹈教室",
    "所在地址":"臺北市士林區建業路73巷8號",
    "場館連絡電話":"02-28612354",
    "場館官方網站":"http://www.hka.edu.tw"
    }
  },
  {
    "type": "Feature",
    "geometry": {
       "type": "Point",
       "coordinates":  [ 121.5031384,25.13975881 ]
    },
    "properties": {
    "場館編號":14041,
    "場館名稱":"薇閣高中羽球場(館)",
    "所在地址":"臺北市北投區中心里珠海路50號",
    "場館連絡電話":"(02)28913630轉330",
    "場館官方網站":"http://www.wghs.tp.edu.tw"
    }
  },
  {
    "type": "Feature",
    "geometry": {
       "type": "Point",
       "coordinates":  [ 121.5186274,25.11841799 ]
    },
    "properties": {
    "場館編號":14071,
    "場館名稱":"臺北護理健康大學體育館",
    "所在地址":"臺北市北投區明德路365號",
    "場館連絡電話":"02-28227101#2901",
    "場館官方網站":"http://www.ntunhs.edu.tw/bin/home.php"
    }
  },
  {
    "type": "Feature",
    "geometry": {
       "type": "Point",
       "coordinates":  [ 121.5192926,25.11776228 ]
    },
    "properties": {
    "場館編號":14076,
    "場館名稱":"臺北護理健康大學田徑場",
    "所在地址":"臺北市北投區明德路365號",
    "場館連絡電話":"(02)28227101#2901",
    "場館官方網站":"http://www.ntunhs.edu.tw/bin/home.php"
    }
  },
  {
    "type": "Feature",
    "geometry": {
       "type": "Point",
       "coordinates":  [ 121.520108,25.11736399 ]
    },
    "properties": {
    "場館編號":14079,
    "場館名稱":"臺北護理健康大學滾球場",
    "所在地址":"臺北市北投區明德路365號",
    "場館連絡電話":"(02)28227101#2901",
    "場館官方網站":"http://www.ntunhs.edu.tw/bin/home.php"
    }
  },
  {
    "type": "Feature",
    "geometry": {
       "type": "Point",
       "coordinates":  [ 121.5008819,25.13612576 ]
    },
    "properties": {
    "場館編號":14110,
    "場館名稱":"薇閣小學田徑場",
    "所在地址":"臺北市北投區長安里育仁路106號",
    "場館連絡電話":"(02)28912668",
    "場館官方網站":"http://www.wgps.tp.edu.tw"
    }
  },
  {
    "type": "Feature",
    "geometry": {
       "type": "Point",
       "coordinates":  [ 121.5484192,25.03923471 ]
    },
    "properties": {
    "場館編號":14131,
    "場館名稱":"復興國小活動中心",
    "所在地址":"臺北市大安區仁愛里敦化南路1段262號",
    "場館連絡電話":"02-27715859",
    "場館官方網站":"http://www.fhjh.tp.edu.tw"
    }
  },
  {
    "type": "Feature",
    "geometry": {
       "type": "Point",
       "coordinates":  [ 121.5407127,25.02437701 ]
    },
    "properties": {
    "場館編號":14151,
    "場館名稱":"臺北教大實小田徑場",
    "所在地址":"臺北市大安區龍淵里和平東路2段94號",
    "場館連絡電話":"02-27356186",
    "場館官方網站":"http://www.ntueees.tp.edu.tw"
    }
  },
  {
    "type": "Feature",
    "geometry": {
       "type": "Point",
       "coordinates":  [ 121.5379179,25.10606338 ]
    },
    "properties": {
    "場館編號":14158,
    "場館名稱":"華興中學體育館",
    "所在地址":"臺北市士林區芝山里仰德大道1段101號",
    "場館連絡電話":"02-28316834#234",
    "場館官方網站":"http://www.hhhs.tp.edu.tw"
    }
  },
  {
    "type": "Feature",
    "geometry": {
       "type": "Point",
       "coordinates":  [ 121.5582407,24.98991709 ]
    },
    "properties": {
    "場館編號":14177,
    "場館名稱":"再興小學戶外籃球場",
    "所在地址":"臺北市文山區明義里興隆路4段2號",
    "場館連絡電話":"02-29371118#223",
    "場館官方網站":"http://www.tsps.tp.edu.tw"
    }
  },
  {
    "type": "Feature",
    "geometry": {
       "type": "Point",
       "coordinates":  [ 121.5379069,24.98961382 ]
    },
    "properties": {
    "場館編號":14267,
    "場館名稱":"滬江高中室內溫水游泳池",
    "所在地址":"臺北市文山區景美里羅斯福路6段336號",
    "場館連絡電話":"02-86631122#224",
    "場館官方網站":"http://www.hchs.tp.edu.tw"
    }
  },
  {
    "type": "Feature",
    "geometry": {
       "type": "Point",
       "coordinates":  [ 121.5457787,25.02053343 ]
    },
    "properties": {
    "場館編號":14297,
    "場館名稱":"臺北市大安運動中心",
    "所在地址":"臺北市大安區辛亥路三段55號",
    "場館連絡電話":"02-23770300",
    "場館官方網站":"https://www.daansports.com.tw/zh_TW/index"
    }
  },
  {
    "type": "Feature",
    "geometry": {
       "type": "Point",
       "coordinates":  [ 121.4996561,25.02144608 ]
    },
    "properties": {
    "場館編號":14403,
    "場館名稱":"光仁小學B2活動中心",
    "所在地址":"臺北市萬華區壽德里萬大路423巷15號",
    "場館連絡電話":"07-23032874#834",
    "場館官方網站":"http://www.kjes.tp.edu.tw"
    }
  },
  {
    "type": "Feature",
    "geometry": {
       "type": "Point",
       "coordinates":  [ 121.5752006,25.07829161 ]
    },
    "properties": {
    "場館編號":14619,
    "場館名稱":"臺北市內湖運動中心",
    "所在地址":"臺北市內湖區洲子街12號",
    "場館連絡電話":"02-26562869",
    "場館官方網站":"https://nhsc.cyc.org.tw/"
    }
  },
  {
    "type": "Feature",
    "geometry": {
       "type": "Point",
       "coordinates":  [ 121.5382493,25.02373388 ]
    },
    "properties": {
    "場館編號":14656,
    "場館名稱":"龍門國中體育館(游泳池)",
    "所在地址":"臺北市大安區建國南路二段269號9號",
    "場館連絡電話":"02-27390722",
    "場館官方網站":"http://www.lmjh.tp.edu.tw"
    }
  },
  {
    "type": "Feature",
    "geometry": {
       "type": "Point",
       "coordinates":  [ 121.5153658,25.03619093 ]
    },
    "properties": {
    "場館編號":14663,
    "場館名稱":"臺北市立大學附設實驗國民小學活動中心",
    "所在地址":"臺北市中正區黎明里公園路29號",
    "場館連絡電話":"02-23110395#823",
    "場館官方網站":"http://new.estmue.tp.edu.tw/index.php"
    }
  },
  {
    "type": "Feature",
    "geometry": {
       "type": "Point",
       "coordinates":  [ 121.515795,25.03590174 ]
    },
    "properties": {
    "場館編號":14678,
    "場館名稱":"臺北市立大學附設實驗國民小學田徑場",
    "所在地址":"臺北市中正區黎明里公園路29號",
    "場館連絡電話":"02-23110395#823",
    "場館官方網站":"http://new.estmue.tp.edu.tw/index.php"
    }
  },
  {
    "type": "Feature",
    "geometry": {
       "type": "Point",
       "coordinates":  [ 121.5672398,24.98753617 ]
    },
    "properties": {
    "場館編號":14680,
    "場館名稱":"木柵國中籃球場",
    "所在地址":"臺北市文山區木柵路3段102巷12號",
    "場館連絡電話":"02-29393031",
    "場館官方網站":"http://www.mcjhs.tp.edu.tw"
    }
  },
  {
    "type": "Feature",
    "geometry": {
       "type": "Point",
       "coordinates":  [ 121.5162188,25.03647041 ]
    },
    "properties": {
    "場館編號":14686,
    "場館名稱":"臺北市立大學附設實驗國民小學游泳池(館)",
    "所在地址":"臺北市中正區黎明里公園路29號",
    "場館連絡電話":"02-23110395",
    "場館官方網站":"http://new.estmue.tp.edu.tw/index.php"
    }
  },
  {
    "type": "Feature",
    "geometry": {
       "type": "Point",
       "coordinates":  [ 121.588971,25.04466958 ]
    },
    "properties": {
    "場館編號":14689,
    "場館名稱":"修德國小操場",
    "所在地址":"臺北市南港區東新街118巷86號",
    "場館連絡電話":"02-27880500",
    "場館官方網站":"http://www.sdps.tp.edu.tw"
    }
  },
  {
    "type": "Feature",
    "geometry": {
       "type": "Point",
       "coordinates":  [ 121.6195895,25.0541531 ]
    },
    "properties": {
    "場館編號":14691,
    "場館名稱":"誠正國中活動中心",
    "所在地址":"臺北市南港區新富里富康街1巷24號",
    "場館連絡電話":"02-27828094#1314",
    "場館官方網站":"http://163.21.132.5"
    }
  },
  {
    "type": "Feature",
    "geometry": {
       "type": "Point",
       "coordinates":  [ 121.5894002,25.04481538 ]
    },
    "properties": {
    "場館編號":14693,
    "場館名稱":"修德國小排球場",
    "所在地址":"臺北市南港區東新街118巷86號",
    "場館連絡電話":"02-27880500",
    "場館官方網站":"http://www.sdps.tp.edu.tw"
    }
  },
  {
    "type": "Feature",
    "geometry": {
       "type": "Point",
       "coordinates":  [ 121.5889817,25.04529652 ]
    },
    "properties": {
    "場館編號":14695,
    "場館名稱":"修德國小綜合球場",
    "所在地址":"臺北市南港區東新街118巷86號",
    "場館連絡電話":"02-27880500",
    "場館官方網站":"http://www.sdps.tp.edu.tw"
    }
  },
  {
    "type": "Feature",
    "geometry": {
       "type": "Point",
       "coordinates":  [ 121.5198398,25.03810348 ]
    },
    "properties": {
    "場館編號":14716,
    "場館名稱":"東門國小活動中心",
    "所在地址":"臺北市中正區東門里仁愛路一段2-4號",
    "場館連絡電話":"02-23412822#27",
    "場館官方網站":"http://www.tmps.tp.edu.tw"
    }
  },
  {
    "type": "Feature",
    "geometry": {
       "type": "Point",
       "coordinates":  [ 121.5205693,25.03819096 ]
    },
    "properties": {
    "場館編號":14719,
    "場館名稱":"東門國小操場",
    "所在地址":"臺北市中正區東門里仁愛路一段2-4號",
    "場館連絡電話":"02-23412822#27",
    "場館官方網站":"http://www.tmps.tp.edu.tw"
    }
  },
  {
    "type": "Feature",
    "geometry": {
       "type": "Point",
       "coordinates":  [ 121.5603304,25.08640539 ]
    },
    "properties": {
    "場館編號":14720,
    "場館名稱":"文湖國小田徑場",
    "所在地址":"臺北市內湖區西康里文湖街15號",
    "場館連絡電話":"02-26583515#1054",
    "場館官方網站":"http://www.whups.tp.edu.tw"
    }
  },
  {
    "type": "Feature",
    "geometry": {
       "type": "Point",
       "coordinates":  [ 121.5679157,25.02882967 ]
    },
    "properties": {
    "場館編號":14754,
    "場館名稱":"信義國中活動中心",
    "所在地址":"臺北市信義區松仁路158巷1號",
    "場館連絡電話":"02-27236771",
    "場館官方網站":"http://www.syijh.tp.edu.tw"
    }
  },
  {
    "type": "Feature",
    "geometry": {
       "type": "Point",
       "coordinates":  [ 121.5667328,25.02897306 ]
    },
    "properties": {
    "場館編號":14755,
    "場館名稱":"信義國中游泳池(館)",
    "所在地址":"臺北市11058信義區松仁路158巷1號",
    "場館連絡電話":"02-27236771",
    "場館官方網站":"http://www.syijh.tp.edu.tw"
    }
  },
  {
    "type": "Feature",
    "geometry": {
       "type": "Point",
       "coordinates":  [ 121.4912498,25.03419725 ]
    },
    "properties": {
    "場館編號":14770,
    "場館名稱":"華江國小活動中心",
    "所在地址":"臺北市萬華區環河南路2段250巷42弄2號",
    "場館連絡電話":"02-23064352#134",
    "場館官方網站":"http://web.hces.tp.edu.tw/front/bin/home.phtml"
    }
  },
  {
    "type": "Feature",
    "geometry": {
       "type": "Point",
       "coordinates":  [ 121.49169,25.02773504 ]
    },
    "properties": {
    "場館編號":14771,
    "場館名稱":"雙園國中附設伊藤萬游泳學校",
    "所在地址":"臺北市萬華區興義街2號",
    "場館連絡電話":"02-23030827",
    "場館官方網站":"http://www.syjhs.tp.edu.tw/"
    }
  },
  {
    "type": "Feature",
    "geometry": {
       "type": "Point",
       "coordinates":  [ 121.5630877,25.03123081 ]
    },
    "properties": {
    "場館編號":14772,
    "場館名稱":"信義國小活動中心",
    "所在地址":"臺北市信義區松勤街60號",
    "場館連絡電話":"02-27204005",
    "場館官方網站":"http://www.syes.tp.edu.tw"
    }
  },
  {
    "type": "Feature",
    "geometry": {
       "type": "Point",
       "coordinates":  [ 121.578505,25.03216404 ]
    },
    "properties": {
    "場館編號":14776,
    "場館名稱":"永春高中田徑場",
    "所在地址":"臺北市信義區松隆里松山路654號",
    "場館連絡電話":"02-27272983#307",
    "場館官方網站":"http://www.ycsh.tp.edu.tw"
    }
  },
  {
    "type": "Feature",
    "geometry": {
       "type": "Point",
       "coordinates":  [ 121.5673041,24.98744865 ]
    },
    "properties": {
    "場館編號":14777,
    "場館名稱":"木柵國中田徑場",
    "所在地址":"臺北市文山區木柵路3段102巷12號",
    "場館連絡電話":"02-29393031",
    "場館官方網站":"http://www.mcjhs.tp.edu.tw"
    }
  },
  {
    "type": "Feature",
    "geometry": {
       "type": "Point",
       "coordinates":  [ 121.4913225,25.02742492 ]
    },
    "properties": {
    "場館編號":14778,
    "場館名稱":"雙園國中體育館",
    "所在地址":"臺北市萬華區和德里興義街2號",
    "場館連絡電話":"02-23037605#137",
    "場館官方網站":"http://www.syjhs.tp.edu.tw"
    }
  },
  {
    "type": "Feature",
    "geometry": {
       "type": "Point",
       "coordinates":  [ 121.5783334,25.03403388 ]
    },
    "properties": {
    "場館編號":14783,
    "場館名稱":"永春高中活動中心",
    "所在地址":"臺北市信義區松隆里松山路654號",
    "場館連絡電話":"02-27272983",
    "場館官方網站":"http://www.ycsh.tp.edu.tw"
    }
  },
  {
    "type": "Feature",
    "geometry": {
       "type": "Point",
       "coordinates":  [ 121.5389371,24.99829599 ]
    },
    "properties": {
    "場館編號":14784,
    "場館名稱":"志清國小籃球場",
    "所在地址":"臺北市文山區景仁里景福街21巷5號",
    "場館連絡電話":"02-29323875#33",
    "場館官方網站":"http://www.jcps.tp.edu.tw"
    }
  },
  {
    "type": "Feature",
    "geometry": {
       "type": "Point",
       "coordinates":  [ 121.4914513,25.02742978 ]
    },
    "properties": {
    "場館編號":14786,
    "場館名稱":"雙園國中田徑場",
    "所在地址":"臺北市萬華區和德里興義街2號",
    "場館連絡電話":"02-23037605#137",
    "場館官方網站":"http://www.syjhs.tp.edu.tw"
    }
  },
  {
    "type": "Feature",
    "geometry": {
       "type": "Point",
       "coordinates":  [ 121.5055704,25.13816543 ]
    },
    "properties": {
    "場館編號":14797,
    "場館名稱":"逸仙國小網球場、籃球場、躲避球場、樂樂棒球場",
    "所在地址":"臺北市北投區中心里新民路2號",
    "場館連絡電話":"02-28914537",
    "場館官方網站":"http://www.ysps.tp.edu.tw"
    }
  },
  {
    "type": "Feature",
    "geometry": {
       "type": "Point",
       "coordinates":  [ 121.5630609,25.03143496 ]
    },
    "properties": {
    "場館編號":14798,
    "場館名稱":"信義國小游泳池(館)",
    "所在地址":"臺北市信義區松勤街60號",
    "場館連絡電話":"02-27204005",
    "場館官方網站":"http://www.syes.tp.edu.tw"
    }
  },
  {
    "type": "Feature",
    "geometry": {
       "type": "Point",
       "coordinates":  [ 121.4986342,25.02278284 ]
    },
    "properties": {
    "場館編號":14807,
    "場館名稱":"東園國小籃球場",
    "所在地址":"臺北市萬華區全德里東園街195號",
    "場館連絡電話":"02-23034803#1305",
    "場館官方網站":"http://www.tyes.tp.edu.tw"
    }
  },
  {
    "type": "Feature",
    "geometry": {
       "type": "Point",
       "coordinates":  [ 121.5672934,25.05995346 ]
    },
    "properties": {
    "場館編號":14811,
    "場館名稱":"民生國中活動中心",
    "所在地址":"臺北市松山區新東里新東街30巷1號",
    "場館連絡電話":"02-27653433",
    "場館官方網站":"http://newweb.msjh.tp.edu.tw/"
    }
  },
  {
    "type": "Feature",
    "geometry": {
       "type": "Point",
       "coordinates":  [ 121.5058815,25.13770408 ]
    },
    "properties": {
    "場館編號":14812,
    "場館名稱":"逸仙國小操場",
    "所在地址":"臺北市北投區中心里新民路2號",
    "場館連絡電話":"02-28914537",
    "場館官方網站":"http://www.ysps.tp.edu.tw"
    }
  },
  {
    "type": "Feature",
    "geometry": {
       "type": "Point",
       "coordinates":  [ 121.5320164,25.11044758 ]
    },
    "properties": {
    "場館編號":14814,
    "場館名稱":"蘭雅國中活動中心",
    "所在地址":"臺北市士林區三玉里忠誠路2段51號",
    "場館連絡電話":"02-28329377#230",
    "場館官方網站":"http://163.21.26.20/enable01/"
    }
  },
  {
    "type": "Feature",
    "geometry": {
       "type": "Point",
       "coordinates":  [ 121.5596974,25.00609906 ]
    },
    "properties": {
    "場館編號":14818,
    "場館名稱":"辛亥國小環形/直線慢跑道(非田徑場型)",
    "所在地址":"臺北市文山區興昌里辛亥路4段103號",
    "場館連絡電話":"02-29357282#133",
    "場館官方網站":"http://www.saes.tp.edu.tw"
    }
  },
  {
    "type": "Feature",
    "geometry": {
       "type": "Point",
       "coordinates":  [ 121.4985967,25.02317171 ]
    },
    "properties": {
    "場館編號":14819,
    "場館名稱":"東園國小田徑場",
    "所在地址":"臺北市萬華區全德里東園街195號",
    "場館連絡電話":"02-23034803#1305",
    "場館官方網站":"http://www.tyes.tp.edu.tw"
    }
  },
  {
    "type": "Feature",
    "geometry": {
       "type": "Point",
       "coordinates":  [ 121.4985538,25.02313283 ]
    },
    "properties": {
    "場館編號":14822,
    "場館名稱":"東園國小躲避球場",
    "所在地址":"臺北市萬華區全德里東園街195號",
    "場館連絡電話":"02-23034803#1305",
    "場館官方網站":"http://www.tyes.tp.edu.tw"
    }
  },
  {
    "type": "Feature",
    "geometry": {
       "type": "Point",
       "coordinates":  [ 121.5554943,24.98905586 ]
    },
    "properties": {
    "場館編號":14844,
    "場館名稱":"永建國小游泳池",
    "所在地址":"臺北市文山區木柵路一段311巷1號",
    "場館連絡電話":"02-29377199#130",
    "場館官方網站":"http://www.yjps.tp.edu.tw"
    }
  },
  {
    "type": "Feature",
    "geometry": {
       "type": "Point",
       "coordinates":  [ 121.5166432,25.09356888 ]
    },
    "properties": {
    "場館編號":14875,
    "場館名稱":"陽明高中漾泉館",
    "所在地址":"臺北市士林區後港里中正路510號",
    "場館連絡電話":"02-28316675#195",
    "場館官方網站":"http://www.ymsh.tp.edu.tw"
    }
  },
  {
    "type": "Feature",
    "geometry": {
       "type": "Point",
       "coordinates":  [ 121.5162443,25.0923586 ]
    },
    "properties": {
    "場館編號":14877,
    "場館名稱":"陽明高中田徑場",
    "所在地址":"臺北市士林區後港里中正路510號",
    "場館連絡電話":"02-28316675#195",
    "場館官方網站":"http://www.ymsh.tp.edu.tw"
    }
  },
  {
    "type": "Feature",
    "geometry": {
       "type": "Point",
       "coordinates":  [ 121.5167163,25.09314258 ]
    },
    "properties": {
    "場館編號":14881,
    "場館名稱":"陽明高中台元館",
    "所在地址":"臺北市士林區後港里中正路510號",
    "場館連絡電話":"02-28316675#195",
    "場館官方網站":"http://www.ymsh.tp.edu.tw"
    }
  },
  {
    "type": "Feature",
    "geometry": {
       "type": "Point",
       "coordinates":  [ 121.5166231,25.09217763 ]
    },
    "properties": {
    "場館編號":14882,
    "場館名稱":"陽明高中新大樓體育館",
    "所在地址":"臺北市士林區後港里中正路510號",
    "場館連絡電話":"02-28316675#195",
    "場館官方網站":"http://www.ymsh.tp.edu.tw"
    }
  },
  {
    "type": "Feature",
    "geometry": {
       "type": "Point",
       "coordinates":  [ 121.5142071,25.0637632 ]
    },
    "properties": {
    "場館編號":14886,
    "場館名稱":"民權國中排球場(館)",
    "所在地址":"臺北市大同區重慶北路三段1號",
    "場館連絡電話":"02-25931951#123",
    "場館官方網站":"http://www.mqjh.tp.edu.tw"
    }
  },
  {
    "type": "Feature",
    "geometry": {
       "type": "Point",
       "coordinates":  [ 121.5631843,25.05658097 ]
    },
    "properties": {
    "場館編號":14894,
    "場館名稱":"健康國小活動中心",
    "所在地址":"臺北市松山區延壽街168號",
    "場館連絡電話":"02-25282814#132",
    "場館官方網站":"http://www.jkes.nss.tp.edu.tw/nss/p/index"
    }
  },
  {
    "type": "Feature",
    "geometry": {
       "type": "Point",
       "coordinates":  [ 121.5629697,25.05276128 ]
    },
    "properties": {
    "場館編號":14897,
    "場館名稱":"西松國小操場附設籃球場、手球場、滾球場",
    "所在地址":"臺北市松山區東光里三民路5號",
    "場館連絡電話":"02-27609221#330",
    "場館官方網站":"http://www.sups.tp.edu.tw"
    }
  },
  {
    "type": "Feature",
    "geometry": {
       "type": "Point",
       "coordinates":  [ 121.4928085,25.0318238 ]
    },
    "properties": {
    "場館編號":14921,
    "場館名稱":"大理國小活動中心",
    "所在地址":"臺北市萬華區綠堤里艋舺大道389號",
    "場館連絡電話":"02-23064311#1400",
    "場館官方網站":"http://www.tlps.tp.edu.tw"
    }
  },
  {
    "type": "Feature",
    "geometry": {
       "type": "Point",
       "coordinates":  [ 121.5126675,25.11472652 ]
    },
    "properties": {
    "場館編號":14926,
    "場館名稱":"石牌國小田徑場",
    "所在地址":"臺北市北投區吉利里致遠二路80號",
    "場館連絡電話":"02-28227484#332",
    "場館官方網站":"http://web.spps.tp.edu.tw"
    }
  },
  {
    "type": "Feature",
    "geometry": {
       "type": "Point",
       "coordinates":  [ 121.512233,25.11626627 ]
    },
    "properties": {
    "場館編號":14930,
    "場館名稱":"石牌國小活動中心",
    "所在地址":"臺北市北投區吉利里致遠二路80號",
    "場館連絡電話":"02-28227484#225",
    "場館官方網站":"http://web.spps.tp.edu.tw"
    }
  },
  {
    "type": "Feature",
    "geometry": {
       "type": "Point",
       "coordinates":  [ 121.5122357,25.11648727 ]
    },
    "properties": {
    "場館編號":14931,
    "場館名稱":"石牌國小游泳池",
    "所在地址":"臺北市北投區吉利里致遠二路80號",
    "場館連絡電話":"02-28227484#332",
    "場館官方網站":"http://web.spps.tp.edu.tw"
    }
  },
  {
    "type": "Feature",
    "geometry": {
       "type": "Point",
       "coordinates":  [ 121.5354851,25.10300053 ]
    },
    "properties": {
    "場館編號":14934,
    "場館名稱":"雨聲國小籃球場",
    "所在地址":"臺北市士林區岩山里至誠路1段62巷70號",
    "場館連絡電話":"02-28311004#232",
    "場館官方網站":"http://www.yses.tp.edu.tw"
    }
  },
  {
    "type": "Feature",
    "geometry": {
       "type": "Point",
       "coordinates":  [ 121.5372849,25.10448698 ]
    },
    "properties": {
    "場館編號":14936,
    "場館名稱":"雨聲國小操場",
    "所在地址":"臺北市士林區岩山里至誠路1段62巷70號",
    "場館連絡電話":"02-28311004#232",
    "場館官方網站":"http://www.yses.tp.edu.tw"
    }
  },
  {
    "type": "Feature",
    "geometry": {
       "type": "Point",
       "coordinates":  [ 121.5632915,25.03152245 ]
    },
    "properties": {
    "場館編號":14951,
    "場館名稱":"信義國小田徑場",
    "所在地址":"臺北市信義區松勤街60號",
    "場館連絡電話":"02-27204005",
    "場館官方網站":"http://www.syes.tp.edu.tw"
    }
  },
  {
    "type": "Feature",
    "geometry": {
       "type": "Point",
       "coordinates":  [ 121.5344771,25.03685084 ]
    },
    "properties": {
    "場館編號":14952,
    "場館名稱":"幸安國小活動中心",
    "所在地址":"臺北市大安區民炤里仁愛路3段22號",
    "場館連絡電話":"02-27074191",
    "場館官方網站":"http://www.haps.tp.edu.tw"
    }
  },
  {
    "type": "Feature",
    "geometry": {
       "type": "Point",
       "coordinates":  [ 121.5677226,25.02515494 ]
    },
    "properties": {
    "場館編號":14959,
    "場館名稱":"吳興國小三樓活動中心綜合球場",
    "所在地址":"臺北市信義區松仁路226號",
    "場館連絡電話":"02-27200226#35",
    "場館官方網站":"https://www.wsps.tp.edu.tw/Default.aspx"
    }
  },
  {
    "type": "Feature",
    "geometry": {
       "type": "Point",
       "coordinates":  [ 121.5065789,25.12592201 ]
    },
    "properties": {
    "場館編號":14968,
    "場館名稱":"清江國小綜合活動中心",
    "所在地址":"臺北市北投區公館路220號",
    "場館連絡電話":"02-28912764#204",
    "場館官方網站":"http://www.cjps.tp.edu.tw"
    }
  },
  {
    "type": "Feature",
    "geometry": {
       "type": "Point",
       "coordinates":  [ 121.5673605,25.02507352 ]
    },
    "properties": {
    "場館編號":14970,
    "場館名稱":"吳興國小游泳池",
    "所在地址":"臺北市信義區松仁路226號",
    "場館連絡電話":"02-27200226#35",
    "場館官方網站":"https://www.wsps.tp.edu.tw/Default.aspx"
    }
  },
  {
    "type": "Feature",
    "geometry": {
       "type": "Point",
       "coordinates":  [ 121.5790314,25.04330329 ]
    },
    "properties": {
    "場館編號":14976,
    "場館名稱":"永吉國小運動場",
    "所在地址":"臺北市信義區永春里松山路287巷5號",
    "場館連絡電話":"02-87858111#640",
    "場館官方網站":"http://www.yhps.tp.edu.tw"
    }
  },
  {
    "type": "Feature",
    "geometry": {
       "type": "Point",
       "coordinates":  [ 121.566081,25.08557946 ]
    },
    "properties": {
    "場館編號":14977,
    "場館名稱":"西湖國中活動中心",
    "所在地址":"臺北市內湖區西湖里環山路1段27號",
    "場館連絡電話":"02-27991817#215",
    "場館官方網站":"http://www.xhjhs.tp.edu.tw"
    }
  },
  {
    "type": "Feature",
    "geometry": {
       "type": "Point",
       "coordinates":  [ 121.5736378,25.04878618 ]
    },
    "properties": {
    "場館編號":14981,
    "場館名稱":"永吉國中活動中心",
    "所在地址":"臺北市信義區四育里8鄰松隆路161號",
    "場館連絡電話":"02-27649066",
    "場館官方網站":"http://www.yjjh.tp.edu.tw"
    }
  },
  {
    "type": "Feature",
    "geometry": {
       "type": "Point",
       "coordinates":  [ 121.5038431,25.04242907 ]
    },
    "properties": {
    "場館編號":14982,
    "場館名稱":"西門國小親水游泳池",
    "所在地址":"臺北市萬華區西門里成都路98號",
    "場館連絡電話":"02-23113519#1124",
    "場館官方網站":"http://core.hmes.tp.edu.tw/"
    }
  },
  {
    "type": "Feature",
    "geometry": {
       "type": "Point",
       "coordinates":  [ 121.5673336,25.02539069 ]
    },
    "properties": {
    "場館編號":14983,
    "場館名稱":"吳興國小田徑場",
    "所在地址":"臺北市信義區松仁路226號",
    "場館連絡電話":"02-27200226#35",
    "場館官方網站":"https://www.wsps.tp.edu.tw/Default.aspx"
    }
  },
  {
    "type": "Feature",
    "geometry": {
       "type": "Point",
       "coordinates":  [ 121.4965045,25.13716017 ]
    },
    "properties": {
    "場館編號":14989,
    "場館名稱":"文化國小操場",
    "所在地址":"臺北市北投區文化里文化三路1號",
    "場館連絡電話":"02-28933828#122",
    "場館官方網站":"http://www.whps.tp.edu.tw"
    }
  },
  {
    "type": "Feature",
    "geometry": {
       "type": "Point",
       "coordinates":  [ 121.5129411,25.03790907 ]
    },
    "properties": {
    "場館編號":14991,
    "場館名稱":"北一女中活動中心",
    "所在地址":"臺北市中正區黎明里重慶南路1段165號",
    "場館連絡電話":"02-23820484#530",
    "場館官方網站":"http://www.fg.tp.edu.tw"
    }
  },
  {
    "type": "Feature",
    "geometry": {
       "type": "Point",
       "coordinates":  [ 121.5034568,25.04279358 ]
    },
    "properties": {
    "場館編號":15001,
    "場館名稱":"西門國小操場",
    "所在地址":"臺北市萬華區西門里成都路98號",
    "場館連絡電話":"02-23113519",
    "場館官方網站":"http://www.hmes.tp.edu.tw"
    }
  },
  {
    "type": "Feature",
    "geometry": {
       "type": "Point",
       "coordinates":  [ 121.5792743,25.05080474 ]
    },
    "properties": {
    "場館編號":15007,
    "場館名稱":"松山國小活動中心",
    "所在地址":"臺北市松山區八德路四段746號",
    "場館連絡電話":"02-27672907#623",
    "場館官方網站":"http://web.ssps.tp.edu.tw"
    }
  },
  {
    "type": "Feature",
    "geometry": {
       "type": "Point",
       "coordinates":  [ 121.5778597,25.0507576 ]
    },
    "properties": {
    "場館編號":15011,
    "場館名稱":"臺北市松山區松山國民小學",
    "所在地址":"臺北市松山區八德路4段746號",
    "場館連絡電話":"02-25286575",
    "場館官方網站":"http://w3.ssps.tp.edu.tw/"
    }
  },
  {
    "type": "Feature",
    "geometry": {
       "type": "Point",
       "coordinates":  [ 121.5543598,25.04993775 ]
    },
    "properties": {
    "場館編號":15012,
    "場館名稱":"育達高職體育館",
    "所在地址":"臺北市松山區美仁里寧安街12號",
    "場館連絡電話":"02-25706767#306",
    "場館官方網站":"http://www.yudah.tp.edu.tw"
    }
  },
  {
    "type": "Feature",
    "geometry": {
       "type": "Point",
       "coordinates":  [ 121.5591207,24.99921488 ]
    },
    "properties": {
    "場館編號":15013,
    "場館名稱":"興華國小運動場",
    "所在地址":"臺北市文山區興光里興隆路3段125巷6號",
    "場館連絡電話":"02-22393070",
    "場館官方網站":"http://www.hhps.tp.edu.tw"
    }
  },
  {
    "type": "Feature",
    "geometry": {
       "type": "Point",
       "coordinates":  [ 121.5608025,25.07737817 ]
    },
    "properties": {
    "場館編號":15017,
    "場館名稱":"濱江國小禮堂",
    "所在地址":"臺北市中山區樂群二路266巷99號",
    "場館連絡電話":"02-85021571#1303",
    "場館官方網站":"http://www.bjes.tp.edu.tw"
    }
  },
  {
    "type": "Feature",
    "geometry": {
       "type": "Point",
       "coordinates":  [ 121.5661964,25.08604344 ]
    },
    "properties": {
    "場館編號":15024,
    "場館名稱":"西湖國中運動場",
    "所在地址":"臺北市內湖區西湖里環山路1段27號",
    "場館連絡電話":"02-27991817#215",
    "場館官方網站":"http://www.xhjhs.tp.edu.tw"
    }
  },
  {
    "type": "Feature",
    "geometry": {
       "type": "Point",
       "coordinates":  [ 121.5188648,25.05188653 ]
    },
    "properties": {
    "場館編號":15039,
    "場館名稱":"建成國中體育館",
    "所在地址":"臺北市大同區長安西路37之1號",
    "場館連絡電話":"02-25587042#651",
    "場館官方網站":"http://www.jcjh.tp.edu.tw"
    }
  },
  {
    "type": "Feature",
    "geometry": {
       "type": "Point",
       "coordinates":  [ 121.5501541,25.01929509 ]
    },
    "properties": {
    "場館編號":15040,
    "場館名稱":"大安國小活動中心",
    "所在地址":"臺北市大安區芳和里臥龍街129號",
    "場館連絡電話":"02-27322332#824",
    "場館官方網站":"http://www.taes.tp.edu.tw"
    }
  },
  {
    "type": "Feature",
    "geometry": {
       "type": "Point",
       "coordinates":  [ 121.5509534,25.01974959 ]
    },
    "properties": {
    "場館編號":15041,
    "場館名稱":"大安國小游泳池",
    "所在地址":"臺北市大安區芳和里臥龍街129號",
    "場館連絡電話":"02-27322332",
    "場館官方網站":"http://www.taes.tp.edu.tw"
    }
  },
  {
    "type": "Feature",
    "geometry": {
       "type": "Point",
       "coordinates":  [ 121.5369201,25.11677142 ]
    },
    "properties": {
    "場館編號":15048,
    "場館名稱":"三玉國小室內綜合球場",
    "所在地址":"臺北市士林區三玉里天母東路116號",
    "場館連絡電話":"02-28751369#725",
    "場館官方網站":"http://www.syups.tp.edu.tw"
    }
  },
  {
    "type": "Feature",
    "geometry": {
       "type": "Point",
       "coordinates":  [ 121.6043723,25.06207216 ]
    },
    "properties": {
    "場館編號":15052,
    "場館名稱":"葫蘆洲運動公園",
    "所在地址":"臺北市內湖區安康路290號",
    "場館連絡電話":"02-27961833#352",
    "場館官方網站":"https://www.nhrip.gov.taipei/"
    }
  },
  {
    "type": "Feature",
    "geometry": {
       "type": "Point",
       "coordinates":  [ 121.5071113,25.05093037 ]
    },
    "properties": {
    "場館編號":15061,
    "場館名稱":"羽球場館",
    "所在地址":"臺北市大同區玉泉里西寧北路32號",
    "場館連絡電話":"02-25524890#78",
    "場館官方網站":"http://www.chjh.tp.edu.tw"
    }
  },
  {
    "type": "Feature",
    "geometry": {
       "type": "Point",
       "coordinates":  [ 121.5461791,25.08046344 ]
    },
    "properties": {
    "場館編號":15066,
    "場館名稱":"大直國小室外田徑場/網球場",
    "所在地址":"臺北市中山區大直里大直街2號",
    "場館連絡電話":"02-25333953#21",
    "場館官方網站":"http://www.tzes.tp.edu.tw"
    }
  },
  {
    "type": "Feature",
    "geometry": {
       "type": "Point",
       "coordinates":  [ 121.5588284,25.02924768 ]
    },
    "properties": {
    "場館編號":15081,
    "場館名稱":"三興國民小學活動中心",
    "所在地址":"臺北市信義區景聯里基隆路2段99號",
    "場館連絡電話":"02-27364687#123",
    "場館官方網站":"http://www.shps.tp.edu.tw"
    }
  },
  {
    "type": "Feature",
    "geometry": {
       "type": "Point",
       "coordinates":  [ 121.543352,25.06352024 ]
    },
    "properties": {
    "場館編號":15093,
    "場館名稱":"五常國中活動中心",
    "所在地址":"臺北市中山區下埤里復興北路430巷1號",
    "場館連絡電話":"02-25014320#207",
    "場館官方網站":"http://www.wcjhs.tp.edu.tw"
    }
  },
  {
    "type": "Feature",
    "geometry": {
       "type": "Point",
       "coordinates":  [ 121.5803754,25.07942693 ]
    },
    "properties": {
    "場館編號":15094,
    "場館名稱":"內湖國小操場",
    "所在地址":"臺北市內湖區港富里內湖路二段41號",
    "場館連絡電話":"02-27998085",
    "場館官方網站":"http://www.nhes.tp.edu.tw"
    }
  },
  {
    "type": "Feature",
    "geometry": {
       "type": "Point",
       "coordinates":  [ 121.5717888,25.03630758 ]
    },
    "properties": {
    "場館編號":15095,
    "場館名稱":"興雅國中活動中心",
    "所在地址":"臺北市信義區松德路168巷15號",
    "場館連絡電話":"02-27232771#330",
    "場館官方網站":"http://www.syajh.tp.edu.tw"
    }
  },
  {
    "type": "Feature",
    "geometry": {
       "type": "Point",
       "coordinates":  [ 121.5799141,25.07996462 ]
    },
    "properties": {
    "場館編號":15097,
    "場館名稱":"內湖國小活動中心",
    "所在地址":"臺北市內湖區港富里內湖路二段41號",
    "場館連絡電話":"02-27998085#216",
    "場館官方網站":"http://www.nhes.tp.edu.tw"
    }
  },
  {
    "type": "Feature",
    "geometry": {
       "type": "Point",
       "coordinates":  [ 121.5124169,25.06663602 ]
    },
    "properties": {
    "場館編號":15100,
    "場館名稱":"臺北市延平國小操場",
    "所在地址":"臺北市大同區昌吉街97號",
    "場館連絡電話":"02-25942439#622",
    "場館官方網站":"http://www.ypps.tp.edu.tw"
    }
  },
  {
    "type": "Feature",
    "geometry": {
       "type": "Point",
       "coordinates":  [ 121.51896,25.08548229 ]
    },
    "properties": {
    "場館編號":15106,
    "場館名稱":"百齡國小活動中心",
    "所在地址":"臺北市士林區福中里福港街205號",
    "場館連絡電話":"02-28817683#851",
    "場館官方網站":"http://www.bles.tp.edu.tw"
    }
  },
  {
    "type": "Feature",
    "geometry": {
       "type": "Point",
       "coordinates":  [ 121.5914333,25.0842191 ]
    },
    "properties": {
    "場館編號":15112,
    "場館名稱":"碧湖國小操場",
    "所在地址":"臺北市內湖區內湖里金龍路100號",
    "場館連絡電話":"02-27907161#133",
    "場館官方網站":"http://www.bhps.tp.edu.tw"
    }
  },
  {
    "type": "Feature",
    "geometry": {
       "type": "Point",
       "coordinates":  [ 121.5020245,25.09043779 ]
    },
    "properties": {
    "場館編號":15116,
    "場館名稱":"社子國小附設游泳池",
    "所在地址":"臺北市士林區永倫里延平北路六段308號",
    "場館連絡電話":"02-28126195#821",
    "場館官方網站":"http://www.stps.tp.edu.tw"
    }
  },
  {
    "type": "Feature",
    "geometry": {
       "type": "Point",
       "coordinates":  [ 121.5025073,25.09125883 ]
    },
    "properties": {
    "場館編號":15117,
    "場館名稱":"社子國小後操場",
    "所在地址":"臺北市士林區永倫里延平北路六段308號",
    "場館連絡電話":"02-28126195#821",
    "場館官方網站":"http://www.stps.tp.edu.tw"
    }
  },
  {
    "type": "Feature",
    "geometry": {
       "type": "Point",
       "coordinates":  [ 121.6191273,25.03915122 ]
    },
    "properties": {
    "場館編號":15120,
    "場館名稱":"舊莊國小後山操場",
    "所在地址":"臺北市南港區舊莊里舊莊街1段100號",
    "場館連絡電話":"02-27821418#130",
    "場館官方網站":"http://www.zzes.tp.edu.tw"
    }
  },
  {
    "type": "Feature",
    "geometry": {
       "type": "Point",
       "coordinates":  [ 121.5229297,25.11193842 ]
    },
    "properties": {
    "場館編號":15123,
    "場館名稱":"明德國小田徑場",
    "所在地址":"臺北市北投區榮華里明德路190號",
    "場館連絡電話":"02-28229651#1204",
    "場館官方網站":"http://www.mdes.tp.edu.tw"
    }
  },
  {
    "type": "Feature",
    "geometry": {
       "type": "Point",
       "coordinates":  [ 121.556688,25.10397207 ]
    },
    "properties": {
    "場館編號":15125,
    "場館名稱":"至善國中學生活動中心",
    "所在地址":"臺北市士林區臨溪里至善路2段360號",
    "場館連絡電話":"02-28411350#40",
    "場館官方網站":"http://www.jsjh.tp.edu.tw"
    }
  },
  {
    "type": "Feature",
    "geometry": {
       "type": "Point",
       "coordinates":  [ 121.5582275,25.00112557 ]
    },
    "properties": {
    "場館編號":15127,
    "場館名稱":"萬芳高中游泳池",
    "所在地址":"臺北市文山區興隆路3段115巷1號",
    "場館連絡電話":"02-22309585#350",
    "場館官方網站":"http://www.wfsh.tp.edu.tw"
    }
  },
  {
    "type": "Feature",
    "geometry": {
       "type": "Point",
       "coordinates":  [ 121.5151727,25.02546117 ]
    },
    "properties": {
    "場館編號":15129,
    "場館名稱":"螢橋國小活動中心",
    "所在地址":"臺北市中正區螢雪里詔安街29號",
    "場館連絡電話":"02-23054620",
    "場館官方網站":"http://www.yces.tp.edu.tw"
    }
  },
  {
    "type": "Feature",
    "geometry": {
       "type": "Point",
       "coordinates":  [ 121.5109563,25.02464456 ]
    },
    "properties": {
    "場館編號":15131,
    "場館名稱":"古亭國中體育館",
    "所在地址":"臺北市中正區中華路2段465號",
    "場館連絡電話":"02-23090986#511",
    "場館官方網站":"http://www.ktjh.tp.edu.tw"
    }
  },
  {
    "type": "Feature",
    "geometry": {
       "type": "Point",
       "coordinates":  [ 121.5227065,25.07954195 ]
    },
    "properties": {
    "場館編號":15134,
    "場館名稱":"劍潭國小操場",
    "所在地址":"臺北市士林區明勝里通河街16號",
    "場館連絡電話":"02-28855491#823",
    "場館官方網站":"http://www.jtes.tp.edu.tw"
    }
  },
  {
    "type": "Feature",
    "geometry": {
       "type": "Point",
       "coordinates":  [ 121.5275002,25.11276417 ]
    },
    "properties": {
    "場館編號":15135,
    "場館名稱":"士東國小田徑場",
    "所在地址":"臺北市士林區蘭雅里中山北路6段392號",
    "場館連絡電話":"02-28710064#234",
    "場館官方網站":"http://www.stes.tp.edu.tw"
    }
  },
  {
    "type": "Feature",
    "geometry": {
       "type": "Point",
       "coordinates":  [ 121.5107266,25.02484972 ]
    },
    "properties": {
    "場館編號":15138,
    "場館名稱":"古亭國中田徑場",
    "所在地址":"臺北市中正區中華路2段465號",
    "場館連絡電話":"02-23090986#511",
    "場館官方網站":"http://www.ktjh.tp.edu.tw"
    }
  },
  {
    "type": "Feature",
    "geometry": {
       "type": "Point",
       "coordinates":  [ 121.5222698,25.1122833 ]
    },
    "properties": {
    "場館編號":15141,
    "場館名稱":"明德國小活動中心",
    "所在地址":"臺北市北投區榮華里明德路190號",
    "場館連絡電話":"02-28229651#1204",
    "場館官方網站":"http://www.mdes.tp.edu.tw"
    }
  },
  {
    "type": "Feature",
    "geometry": {
       "type": "Point",
       "coordinates":  [ 121.5155272,25.05597829 ]
    },
    "properties": {
    "場館編號":15144,
    "場館名稱":"蓬萊國小綜合體育館",
    "所在地址":"臺北市大同區星明里寧夏路35號",
    "場館連絡電話":"02-25569835",
    "場館官方網站":"http://enable.plps.tp.edu.tw/modules/tadnews/"
    }
  },
  {
    "type": "Feature",
    "geometry": {
       "type": "Point",
       "coordinates":  [ 121.52253,25.11160326 ]
    },
    "properties": {
    "場館編號":15145,
    "場館名稱":"明德國小籃球場",
    "所在地址":"臺北市北投區榮華里明德路190號",
    "場館連絡電話":"02-28229651#1204",
    "場館官方網站":"http://www.mdes.tp.edu.tw"
    }
  },
  {
    "type": "Feature",
    "geometry": {
       "type": "Point",
       "coordinates":  [ 121.5706708,25.03624412 ]
    },
    "properties": {
    "場館編號":15146,
    "場館名稱":"臺北市信義區博愛國民小學",
    "所在地址":"臺北市信義區松仁路95巷20號",
    "場館連絡電話":"02-87892525",
    "場館官方網站":"http://www.baps.tp.edu.tw/"
    }
  },
  {
    "type": "Feature",
    "geometry": {
       "type": "Point",
       "coordinates":  [ 121.5796021,25.04449704 ]
    },
    "properties": {
    "場館編號":15147,
    "場館名稱":"永春國小操場",
    "所在地址":"臺北市信義區永春里松山路225巷48號",
    "場館連絡電話":"02-27641314#621",
    "場館官方網站":"http://www.ycps.tp.edu.tw"
    }
  },
  {
    "type": "Feature",
    "geometry": {
       "type": "Point",
       "coordinates":  [ 121.5275109,25.11281275 ]
    },
    "properties": {
    "場館編號":15148,
    "場館名稱":"士東國小籃球場",
    "所在地址":"臺北市士林區蘭雅里中山北路6段392號",
    "場館連絡電話":"02-28710064#234",
    "場館官方網站":"http://www.stes.tp.edu.tw"
    }
  },
  {
    "type": "Feature",
    "geometry": {
       "type": "Point",
       "coordinates":  [ 121.5275109,25.1127156 ]
    },
    "properties": {
    "場館編號":15149,
    "場館名稱":"士東國小活動中心",
    "所在地址":"臺北市士林區蘭雅里中山北路6段392號",
    "場館連絡電話":"02-28710064#234",
    "場館官方網站":"http://www.stes.tp.edu.tw"
    }
  },
  {
    "type": "Feature",
    "geometry": {
       "type": "Point",
       "coordinates":  [ 121.5274358,25.11268646 ]
    },
    "properties": {
    "場館編號":15152,
    "場館名稱":"士東國小游泳池",
    "所在地址":"臺北市士林區蘭雅里中山北路6段392號",
    "場館連絡電話":"02-28710064",
    "場館官方網站":"http://www.stes.tp.edu.tw"
    }
  },
  {
    "type": "Feature",
    "geometry": {
       "type": "Point",
       "coordinates":  [ 121.5640817,24.98752939 ]
    },
    "properties": {
    "場館編號":15155,
    "場館名稱":"明道國小環形/直線慢跑道(非田徑場型)",
    "所在地址":"臺北市文山區木柵路2段138巷61號",
    "場館連絡電話":"02-29392821#20",
    "場館官方網站":"http://www.mdps.tp.edu.tw"
    }
  },
  {
    "type": "Feature",
    "geometry": {
       "type": "Point",
       "coordinates":  [ 121.5369169,25.0051598 ]
    },
    "properties": {
    "場館編號":15163,
    "場館名稱":"萬福國小籃球場",
    "所在地址":"臺北市文山區羅斯福5段170巷32號",
    "場館連絡電話":"02-29353123",
    "場館官方網站":"http://www.wfps.tp.edu.tw"
    }
  },
  {
    "type": "Feature",
    "geometry": {
       "type": "Point",
       "coordinates":  [ 121.5141964,25.10606086 ]
    },
    "properties": {
    "場館編號":15169,
    "場館名稱":"文林國小游泳池",
    "所在地址":"臺北市北投區建民里文林北路155號",
    "場館連絡電話":"02-28234212",
    "場館官方網站":"http://www.wles.tp.edu.tw"
    }
  },
  {
    "type": "Feature",
    "geometry": {
       "type": "Point",
       "coordinates":  [ 121.5392536,25.05020261 ]
    },
    "properties": {
    "場館編號":15171,
    "場館名稱":"中正國小活動中心",
    "所在地址":"臺北市中山區力行里龍江路62號",
    "場館連絡電話":"02-25070932#124",
    "場館官方網站":"http://web.jjes.tp.edu.tw"
    }
  },
  {
    "type": "Feature",
    "geometry": {
       "type": "Point",
       "coordinates":  [ 121.4770585,25.13459598 ]
    },
    "properties": {
    "場館編號":15174,
    "場館名稱":"桃源國中籃球場",
    "所在地址":"臺北市北投區一德里中央北路4段48號",
    "場館連絡電話":"02-28929633#235",
    "場館官方網站":"http://www.tyjh.tp.edu.tw/TYJHenable/"
    }
  },
  {
    "type": "Feature",
    "geometry": {
       "type": "Point",
       "coordinates":  [ 121.4773395,25.13475321 ]
    },
    "properties": {
    "場館編號":15176,
    "場館名稱":"桃源國中操場",
    "所在地址":"臺北市北投區一德里中央北路4段48號",
    "場館連絡電話":"02-28929633#235",
    "場館官方網站":"http://www.tyjh.tp.edu.tw/TYJHenable/"
    }
  },
  {
    "type": "Feature",
    "geometry": {
       "type": "Point",
       "coordinates":  [ 121.5305203,25.09839045 ]
    },
    "properties": {
    "場館編號":15177,
    "場館名稱":"福林國小溫水游泳池",
    "所在地址":"臺北市士林區福志路75號",
    "場館連絡電話":"02-28316293",
    "場館官方網站":"http://www.flps.tp.edu.tw/"
    }
  },
  {
    "type": "Feature",
    "geometry": {
       "type": "Point",
       "coordinates":  [ 121.5358076,25.1100572 ]
    },
    "properties": {
    "場館編號":15181,
    "場館名稱":"芝山國小芝星廣場",
    "所在地址":"臺北市士林區芝山里德行東路285號",
    "場館連絡電話":"02-28316115#233",
    "場館官方網站":"http://www.zsps.tp.edu.tw"
    }
  },
  {
    "type": "Feature",
    "geometry": {
       "type": "Point",
       "coordinates":  [ 121.5616661,25.07814585 ]
    },
    "properties": {
    "場館編號":15182,
    "場館名稱":"濱江國小采堤游泳館",
    "所在地址":"臺北市中山區樂群二路266巷99號",
    "場館連絡電話":"02-85023217",
    "場館官方網站":"http://www.bjes.tp.edu.tw/"
    }
  },
  {
    "type": "Feature",
    "geometry": {
       "type": "Point",
       "coordinates":  [ 121.6244701,25.03250428 ]
    },
    "properties": {
    "場館編號":15183,
    "場館名稱":"山豬窟游泳池館",
    "所在地址":"臺北市南港區舊莊街一段290巷32號",
    "場館連絡電話":"02-26547412#126",
    "場館官方網站":"http://www.dep.gov.taipei/"
    }
  },
  {
    "type": "Feature",
    "geometry": {
       "type": "Point",
       "coordinates":  [ 121.5356224,25.0140395 ]
    },
    "properties": {
    "場館編號":15184,
    "場館名稱":"羽球場館",
    "所在地址":"臺北市大安區農場里羅斯褔路四段21號",
    "場館連絡電話":"02-23639815#13",
    "場館官方網站":"http://www.mhps.tp.edu.tw"
    }
  },
  {
    "type": "Feature",
    "geometry": {
       "type": "Point",
       "coordinates":  [ 121.6005099,25.0875714 ]
    },
    "properties": {
    "場館編號":15186,
    "場館名稱":"大湖國小活動中心暨溫水游泳池",
    "所在地址":"臺北市內湖區大湖里大湖山莊街170號",
    "場館連絡電話":"02-27915870#510",
    "場館官方網站":"http://www.dhps.tp.edu.tw"
    }
  },
  {
    "type": "Feature",
    "geometry": {
       "type": "Point",
       "coordinates":  [ 121.5353429,25.02406786 ]
    },
    "properties": {
    "場館編號":15187,
    "場館名稱":"龍安國小活動中心",
    "所在地址":"臺北市大安區龍門里新生南路3段33號",
    "場館連絡電話":"02-23632077#724",
    "場館官方網站":"http://www.laes.tp.edu.tw"
    }
  },
  {
    "type": "Feature",
    "geometry": {
       "type": "Point",
       "coordinates":  [ 121.5246034,25.09321278 ]
    },
    "properties": {
    "場館編號":15188,
    "場館名稱":"士林國小籃球場",
    "所在地址":"臺北市士林區福德里大東路165號",
    "場館連絡電話":"02-28812231#222",
    "場館官方網站":"http://www.slps.tp.edu.tw"
    }
  },
  {
    "type": "Feature",
    "geometry": {
       "type": "Point",
       "coordinates":  [ 121.5319236,25.04941617 ]
    },
    "properties": {
    "場館編號":15192,
    "場館名稱":"長安國中綜合球場",
    "所在地址":"臺北市中山區興亞里松江路70巷11號",
    "場館連絡電話":"02-25112382#309",
    "場館官方網站":"http://www.cajh.tp.edu.tw"
    }
  },
  {
    "type": "Feature",
    "geometry": {
       "type": "Point",
       "coordinates":  [ 121.5366164,25.00524382 ]
    },
    "properties": {
    "場館編號":15194,
    "場館名稱":"萬福國小田徑場",
    "所在地址":"臺北市文山區羅斯福5段170巷32號",
    "場館連絡電話":"02-29353123",
    "場館官方網站":"http://www.wfps.tp.edu.tw"
    }
  },
  {
    "type": "Feature",
    "geometry": {
       "type": "Point",
       "coordinates":  [ 121.5367291,25.00517576 ]
    },
    "properties": {
    "場館編號":15196,
    "場館名稱":"風雨球場",
    "所在地址":"臺北市文山區羅斯福5段170巷32號",
    "場館連絡電話":"02-29353123#132",
    "場館官方網站":"http://www.wfps.tp.edu.tw"
    }
  },
  {
    "type": "Feature",
    "geometry": {
       "type": "Point",
       "coordinates":  [ 121.5141642,25.10600257 ]
    },
    "properties": {
    "場館編號":15197,
    "場館名稱":"文林國小活動中心",
    "所在地址":"臺北市北投區建民里文林北路155號",
    "場館連絡電話":"02-28234212",
    "場館官方網站":"http://www.wles.tp.edu.tw"
    }
  },
  {
    "type": "Feature",
    "geometry": {
       "type": "Point",
       "coordinates":  [ 121.5139496,25.10567468 ]
    },
    "properties": {
    "場館編號":15199,
    "場館名稱":"文林國小田徑場",
    "所在地址":"臺北市北投區建民里文林北路155號",
    "場館連絡電話":"02-28234212#303",
    "場館官方網站":"http://www.wles.tp.edu.tw"
    }
  },
  {
    "type": "Feature",
    "geometry": {
       "type": "Point",
       "coordinates":  [ 121.4833617,25.13965146 ]
    },
    "properties": {
    "場館編號":15200,
    "場館名稱":"桃源國小田徑場",
    "所在地址":"臺北市北投區中央北路3段40巷45號",
    "場館連絡電話":"02-28941208#124",
    "場館官方網站":"http://www.tyues.tp.edu.tw"
    }
  },
  {
    "type": "Feature",
    "geometry": {
       "type": "Point",
       "coordinates":  [ 121.5399975,24.98904919 ]
    },
    "properties": {
    "場館編號":15208,
    "場館名稱":"景美國小活動中心",
    "所在地址":"臺北市文山區景行里景文街108號",
    "場館連絡電話":"02-29322151#123",
    "場館官方網站":"http://www.cmes.tp.edu.tw"
    }
  },
  {
    "type": "Feature",
    "geometry": {
       "type": "Point",
       "coordinates":  [ 121.5404562,24.98931791 ]
    },
    "properties": {
    "場館編號":15209,
    "場館名稱":"景美國小籃球場",
    "所在地址":"臺北市文山區景行里景文街108號",
    "場館連絡電話":"02-29322151#123",
    "場館官方網站":"http://www.cmes.tp.edu.tw"
    }
  },
  {
    "type": "Feature",
    "geometry": {
       "type": "Point",
       "coordinates":  [ 121.5671754,25.02919908 ]
    },
    "properties": {
    "場館編號":15210,
    "場館名稱":"信義國中風雨操場",
    "所在地址":"臺北市信義區松仁路158巷1號",
    "場館連絡電話":"02-27236771",
    "場館官方網站":"http://www.syijh.tp.edu.tw"
    }
  },
  {
    "type": "Feature",
    "geometry": {
       "type": "Point",
       "coordinates":  [ 121.558426,25.00085817 ]
    },
    "properties": {
    "場館編號":15211,
    "場館名稱":"萬芳高中學生活動中心",
    "所在地址":"臺北市文山區興隆路3段115巷1號",
    "場館連絡電話":"02-22309585#350",
    "場館官方網站":"http://www.wfsh.tp.edu.tw"
    }
  },
  {
    "type": "Feature",
    "geometry": {
       "type": "Point",
       "coordinates":  [ 121.5404543,24.98879344 ]
    },
    "properties": {
    "場館編號":15212,
    "場館名稱":"景美國小田徑場",
    "所在地址":"臺北市文山區景行里景文街108號",
    "場館連絡電話":"02-29322151#123",
    "場館官方網站":"http://www.cmes.tp.edu.tw"
    }
  },
  {
    "type": "Feature",
    "geometry": {
       "type": "Point",
       "coordinates":  [ 121.5670091,25.02934004 ]
    },
    "properties": {
    "場館編號":15214,
    "場館名稱":"信義國中跆拳道場",
    "所在地址":"臺北市信義區松仁路158巷1號",
    "場館連絡電話":"02-27236771",
    "場館官方網站":"http://www.syijh.tp.edu.tw"
    }
  },
  {
    "type": "Feature",
    "geometry": {
       "type": "Point",
       "coordinates":  [ 121.5754795,25.00201527 ]
    },
    "properties": {
    "場館編號":15215,
    "場館名稱":"博嘉國小運動場",
    "所在地址":"臺北市文山區木柵路4段159巷14號之1",
    "場館連絡電話":"02-22302585#122",
    "場館官方網站":"http://www.bjps.tp.edu.tw"
    }
  },
  {
    "type": "Feature",
    "geometry": {
       "type": "Point",
       "coordinates":  [ 121.5593165,25.00203472 ]
    },
    "properties": {
    "場館編號":15216,
    "場館名稱":"萬芳高中田徑場",
    "所在地址":"臺北市文山區興隆路3段115巷1號",
    "場館連絡電話":"02-22309585#350",
    "場館官方網站":"http://www.wfsh.tp.edu.tw"
    }
  },
  {
    "type": "Feature",
    "geometry": {
       "type": "Point",
       "coordinates":  [ 121.5661401,25.0550054 ]
    },
    "properties": {
    "場館編號":15217,
    "場館名稱":"西松高中活動中心",
    "所在地址":"臺北市松山區鵬程里健康路325巷7號西南側",
    "場館連絡電話":"02-25286618",
    "場館官方網站":"http://www.hssh.tp.edu.tw"
    }
  },
  {
    "type": "Feature",
    "geometry": {
       "type": "Point",
       "coordinates":  [ 121.5678889,25.02961223 ]
    },
    "properties": {
    "場館編號":15218,
    "場館名稱":"信義國中田徑場",
    "所在地址":"臺北市信義區松仁路158巷1號",
    "場館連絡電話":"02-27236771",
    "場館官方網站":"http://www.syijh.tp.edu.tw"
    }
  },
  {
    "type": "Feature",
    "geometry": {
       "type": "Point",
       "coordinates":  [ 121.5424776,25.0790933 ]
    },
    "properties": {
    "場館編號":15223,
    "場館名稱":"北安國中多功能場地",
    "所在地址":"臺北市中山區明水路325號",
    "場館連絡電話":"02-25325733",
    "場館官方網站":"http://www.pajh.tp.edu.tw/"
    }
  },
  {
    "type": "Feature",
    "geometry": {
       "type": "Point",
       "coordinates":  [ 121.539976,24.98878225 ]
    },
    "properties": {
    "場館編號":15224,
    "場館名稱":"景美國小游泳池",
    "所在地址":"臺北市文山區景行里景文街108號",
    "場館連絡電話":"02-29322151#123",
    "場館官方網站":"http://www.cmes.tp.edu.tw"
    }
  },
  {
    "type": "Feature",
    "geometry": {
       "type": "Point",
       "coordinates":  [ 121.5482444,24.99652139 ]
    },
    "properties": {
    "場館編號":15227,
    "場館名稱":"景興國小活動中心",
    "所在地址":"臺北市文山區興安里景華街150巷21號",
    "場館連絡電話":"02-29329439#723",
    "場館官方網站":"http://www.chps.tp.edu.tw"
    }
  },
  {
    "type": "Feature",
    "geometry": {
       "type": "Point",
       "coordinates":  [ 121.5855056,25.03742303 ]
    },
    "properties": {
    "場館編號":15231,
    "場館名稱":"?公國中活動中心",
    "所在地址":"臺北市信義區福德街221巷15號",
    "場館連絡電話":"02-27261481#401",
    "場館官方網站":"http://www.lkjh.tp.edu.tw"
    }
  },
  {
    "type": "Feature",
    "geometry": {
       "type": "Point",
       "coordinates":  [ 121.4845043,25.13959804 ]
    },
    "properties": {
    "場館編號":15232,
    "場館名稱":"桃源國小籃球場",
    "所在地址":"臺北市北投區中央北路3段40巷45號",
    "場館連絡電話":"02-28941208#124",
    "場館官方網站":"http://www.tyues.tp.edu.tw"
    }
  },
  {
    "type": "Feature",
    "geometry": {
       "type": "Point",
       "coordinates":  [ 121.5331006,25.03014204 ]
    },
    "properties": {
    "場館編號":15234,
    "場館名稱":"新生國小活動中心",
    "所在地址":"臺北市大安區新生南路二段36號",
    "場館連絡電話":"02-23913122",
    "場館官方網站":"http://www.snes.tp.edu.tw"
    }
  },
  {
    "type": "Feature",
    "geometry": {
       "type": "Point",
       "coordinates":  [ 121.5326232,25.02953932 ]
    },
    "properties": {
    "場館編號":15235,
    "場館名稱":"新生國小游泳池",
    "所在地址":"臺北市大安區新生南路二段36號",
    "場館連絡電話":"02-23913122",
    "場館官方網站":"http://www.snes.tp.edu.tw"
    }
  },
  {
    "type": "Feature",
    "geometry": {
       "type": "Point",
       "coordinates":  [ 121.5321511,25.0295296 ]
    },
    "properties": {
    "場館編號":15236,
    "場館名稱":"田徑場",
    "所在地址":"臺北市大安區新生南路二段36號",
    "場館連絡電話":"02-23913122",
    "場館官方網站":"http://www.snes.tp.edu.tw"
    }
  },
  {
    "type": "Feature",
    "geometry": {
       "type": "Point",
       "coordinates":  [ 121.5464858,25.02976243 ]
    },
    "properties": {
    "場館編號":15238,
    "場館名稱":"大安國中活動中心",
    "所在地址":"臺北市大安區大安路2段63號",
    "場館連絡電話":"02-27557131#132",
    "場館官方網站":"http://www.tajh.tp.edu.tw"
    }
  },
  {
    "type": "Feature",
    "geometry": {
       "type": "Point",
       "coordinates":  [ 121.503489,25.08999569 ]
    },
    "properties": {
    "場館編號":15239,
    "場館名稱":"社子國小學生活動中心",
    "所在地址":"臺北市士林區永倫里延平北路六段308號",
    "場館連絡電話":"02-28126195#821",
    "場館官方網站":"http://www.stps.tp.edu.tw"
    }
  },
  {
    "type": "Feature",
    "geometry": {
       "type": "Point",
       "coordinates":  [ 121.5797415,25.04336951 ]
    },
    "properties": {
    "場館編號":15240,
    "場館名稱":"永吉國小風雨操場",
    "所在地址":"臺北市信義區永春里松山路287巷5號",
    "場館連絡電話":"02-87858111#640",
    "場館官方網站":"http://www.yhps.tp.edu.tw"
    }
  },
  {
    "type": "Feature",
    "geometry": {
       "type": "Point",
       "coordinates":  [ 121.5895584,25.07596184 ]
    },
    "properties": {
    "場館編號":15242,
    "場館名稱":"內湖國中戶外籃球場",
    "所在地址":"臺北市內湖區紫陽里陽光街1號",
    "場館連絡電話":"02-27900843",
    "場館官方網站":"http://www.nhjh.tp.edu.tw"
    }
  },
  {
    "type": "Feature",
    "geometry": {
       "type": "Point",
       "coordinates":  [ 121.5665424,25.08335311 ]
    },
    "properties": {
    "場館編號":15244,
    "場館名稱":"西湖國小活動中心",
    "所在地址":"臺北市內湖區西湖里環山路1段25號",
    "場館連絡電話":"02-27971267#142",
    "場館官方網站":"https://www.hhups.tp.edu.tw/nss/p/index"
    }
  },
  {
    "type": "Feature",
    "geometry": {
       "type": "Point",
       "coordinates":  [ 121.5415442,25.06398309 ]
    },
    "properties": {
    "場館編號":15245,
    "場館名稱":"五常國小體育館",
    "所在地址":"臺北市中山區下埤里五常街16號",
    "場館連絡電話":"02-25023416#825",
    "場館官方網站":"http://www.wcps.tp.edu.tw/enable01/index.php"
    }
  },
  {
    "type": "Feature",
    "geometry": {
       "type": "Point",
       "coordinates":  [ 121.5186971,25.10799417 ]
    },
    "properties": {
    "場館編號":15246,
    "場館名稱":"明德國中田徑場",
    "所在地址":"臺北市北投區建民里明德路50號",
    "場館連絡電話":"02-28232539#605",
    "場館官方網站":"http://www.mdjh.tp.edu.tw"
    }
  },
  {
    "type": "Feature",
    "geometry": {
       "type": "Point",
       "coordinates":  [ 121.5497571,25.01929266 ]
    },
    "properties": {
    "場館編號":15247,
    "場館名稱":"芳和實中田徑場",
    "所在地址":"臺北市大安區芳和里臥龍街170號",
    "場館連絡電話":"02-27321961#304",
    "場館官方網站":"https://www.fhehs.tp.edu.tw/"
    }
  },
  {
    "type": "Feature",
    "geometry": {
       "type": "Point",
       "coordinates":  [ 121.5898266,25.07644772 ]
    },
    "properties": {
    "場館編號":15249,
    "場館名稱":"內湖國中戶外排球場",
    "所在地址":"臺北市內湖區紫陽里陽光街1號",
    "場館連絡電話":"02-27900843",
    "場館官方網站":"http://www.nhjh.tp.edu.tw"
    }
  },
  {
    "type": "Feature",
    "geometry": {
       "type": "Point",
       "coordinates":  [ 121.5569039,25.10381662 ]
    },
    "properties": {
    "場館編號":15253,
    "場館名稱":"至善國中籃球場",
    "所在地址":"臺北市士林區臨溪里至善路2段360號",
    "場館連絡電話":"02-28411350#40",
    "場館官方網站":"http://www.jsjh.tp.edu.tw"
    }
  },
  {
    "type": "Feature",
    "geometry": {
       "type": "Point",
       "coordinates":  [ 121.4841557,25.02467858 ]
    },
    "properties": {
    "場館編號":15255,
    "場館名稱":"萬華國中活動中心",
    "所在地址":"臺北市萬華區日善里西藏路201號",
    "場館連絡電話":"02-23394567#133",
    "場館官方網站":"http://www.whjhs.tp.edu.tw"
    }
  },
  {
    "type": "Feature",
    "geometry": {
       "type": "Point",
       "coordinates":  [ 121.5572217,25.10427567 ]
    },
    "properties": {
    "場館編號":15256,
    "場館名稱":"至善國中戶外網球場",
    "所在地址":"臺北市士林區臨溪里至善路2段360號",
    "場館連絡電話":"02-28411350#40",
    "場館官方網站":"http://www.jsjh.tp.edu.tw"
    }
  },
  {
    "type": "Feature",
    "geometry": {
       "type": "Point",
       "coordinates":  [ 121.5367913,25.07355914 ]
    },
    "properties": {
    "場館編號":15260,
    "場館名稱":"大佳國小運動場",
    "所在地址":"臺北市中山區大佳里6鄰濱江街107號",
    "場館連絡電話":"02-25035816",
    "場館官方網站":"http://www.djes.tp.edu.tw"
    }
  },
  {
    "type": "Feature",
    "geometry": {
       "type": "Point",
       "coordinates":  [ 121.5187454,25.10802574 ]
    },
    "properties": {
    "場館編號":15262,
    "場館名稱":"明德國中體育館",
    "所在地址":"臺北市北投區建民里明德路50號",
    "場館連絡電話":"02-28232539#605",
    "場館官方網站":"http://www.mdjh.tp.edu.tw"
    }
  },
  {
    "type": "Feature",
    "geometry": {
       "type": "Point",
       "coordinates":  [ 121.5498483,25.07930222 ]
    },
    "properties": {
    "場館編號":15263,
    "場館名稱":"永安國小風雨球場",
    "所在地址":"臺北市中山區明水路397巷19弄1號",
    "場館連絡電話":"02-25335672#223",
    "場館官方網站":"http://web.yaes.tp.edu.tw/front/bin/home.phtml"
    }
  },
  {
    "type": "Feature",
    "geometry": {
       "type": "Point",
       "coordinates":  [ 121.5064287,25.13834026 ]
    },
    "properties": {
    "場館編號":15266,
    "場館名稱":"新民國中活動中心",
    "所在地址":"臺北市北投區林泉里新民路10號",
    "場館連絡電話":"02-28979001#350",
    "場館官方網站":"http://www.hmjh.tp.edu.tw"
    }
  },
  {
    "type": "Feature",
    "geometry": {
       "type": "Point",
       "coordinates":  [ 121.5722179,25.03505603 ]
    },
    "properties": {
    "場館編號":15267,
    "場館名稱":"興雅國中田徑場",
    "所在地址":"臺北市信義區松德路168巷15號",
    "場館連絡電話":"02-27232771#330",
    "場館官方網站":"http://www.syajh.tp.edu.tw"
    }
  },
  {
    "type": "Feature",
    "geometry": {
       "type": "Point",
       "coordinates":  [ 121.5496874,25.07961318 ]
    },
    "properties": {
    "場館編號":15268,
    "場館名稱":"永安田徑場",
    "所在地址":"臺北市中山區明水路397巷19弄1號",
    "場館連絡電話":"02-25335672#223",
    "場館官方網站":"http://web.yaes.tp.edu.tw/front/bin/home.phtml"
    }
  },
  {
    "type": "Feature",
    "geometry": {
       "type": "Point",
       "coordinates":  [ 121.5724567,25.03498555 ]
    },
    "properties": {
    "場館編號":15269,
    "場館名稱":"興雅國中籃球場",
    "所在地址":"臺北市信義區松德路168巷15號",
    "場館連絡電話":"02-27232771#330",
    "場館官方網站":"http://www.syajh.tp.edu.tw"
    }
  },
  {
    "type": "Feature",
    "geometry": {
       "type": "Point",
       "coordinates":  [ 121.5064341,25.13817515 ]
    },
    "properties": {
    "場館編號":15270,
    "場館名稱":"新民國中室外綜合運動場",
    "所在地址":"臺北市北投區林泉里新民路10號",
    "場館連絡電話":"02-28979001#350",
    "場館官方網站":"http://www.hmjh.tp.edu.tw"
    }
  },
  {
    "type": "Feature",
    "geometry": {
       "type": "Point",
       "coordinates":  [ 121.5727383,25.03500256 ]
    },
    "properties": {
    "場館編號":15271,
    "場館名稱":"興雅國中游泳館",
    "所在地址":"臺北市信義區松德路168巷15號",
    "場館連絡電話":"02-27232771#330",
    "場館官方網站":"http://www.syajh.tp.edu.tw"
    }
  },
  {
    "type": "Feature",
    "geometry": {
       "type": "Point",
       "coordinates":  [ 121.6010571,25.0724513 ]
    },
    "properties": {
    "場館編號":15274,
    "場館名稱":"麗湖國小操場",
    "所在地址":"臺北市內湖區金湖路363巷8號",
    "場館連絡電話":"(02)26343888#130",
    "場館官方網站":"http://enable.lhes.tp.edu.tw/index.phtml"
    }
  },
  {
    "type": "Feature",
    "geometry": {
       "type": "Point",
       "coordinates":  [ 121.5726042,25.0824506 ]
    },
    "properties": {
    "場館編號":15277,
    "場館名稱":"麗山國小活動中心",
    "所在地址":"臺北市內湖區港都里港華街100號",
    "場館連絡電話":"02-26574158#325",
    "場館官方網站":"http://www.lnps.tp.edu.tw"
    }
  },
  {
    "type": "Feature",
    "geometry": {
       "type": "Point",
       "coordinates":  [ 121.499573,25.11012661 ]
    },
    "properties": {
    "場館編號":15278,
    "場館名稱":"北投區回饋設施洲美運動公園",
    "所在地址":"臺北市北投區洲美街271號",
    "場館連絡電話":"228360050",
    "場館官方網站":"https://www.ptrip.gov.taipei/Default.aspx"
    }
  },
  {
    "type": "Feature",
    "geometry": {
       "type": "Point",
       "coordinates":  [ 121.5175787,25.05414873 ]
    },
    "properties": {
    "場館編號":15279,
    "場館名稱":"日新國小體育館",
    "所在地址":"臺北市大同區星明里太原路151號",
    "場館連絡電話":"02-25584819#313",
    "場館官方網站":"http://www.zhps.tp.edu.tw"
    }
  },
  {
    "type": "Feature",
    "geometry": {
       "type": "Point",
       "coordinates":  [ 121.6199452,25.03992608 ]
    },
    "properties": {
    "場館編號":15281,
    "場館名稱":"舊莊國小學生活動中心",
    "所在地址":"臺北市南港區舊莊里舊莊街1段100號",
    "場館連絡電話":"02-27821418#130",
    "場館官方網站":"http://www.zzes.tp.edu.tw"
    }
  },
  {
    "type": "Feature",
    "geometry": {
       "type": "Point",
       "coordinates":  [ 121.5102643,25.07371462 ]
    },
    "properties": {
    "場館編號":15303,
    "場館名稱":"迪化污水處理廠附設休閒運動公園",
    "所在地址":"臺北市大同區酒泉街235號",
    "場館連絡電話":"02-25968396",
    "場館官方網站":"https://sports.tms.gov.tw/venues/?K=793"
    }
  },
  {
    "type": "Feature",
    "geometry": {
       "type": "Point",
       "coordinates":  [ 121.4821168,25.10652133 ]
    },
    "properties": {
    "場館編號":15305,
    "場館名稱":"富安國小操場",
    "所在地址":"臺北市士林區富洲里延平北路8段135號",
    "場館連絡電話":"02-28103192#634",
    "場館官方網站":"http://www.fuanps.tp.edu.tw"
    }
  },
  {
    "type": "Feature",
    "geometry": {
       "type": "Point",
       "coordinates":  [ 121.5076518,25.08275183 ]
    },
    "properties": {
    "場館編號":15307,
    "場館名稱":"葫蘆國小游泳池",
    "所在地址":"臺北市士林區環河北路3段95號",
    "場館連絡電話":"02-28111155",
    "場館官方網站":"http://www.hrps.tp.edu.tw/"
    }
  },
  {
    "type": "Feature",
    "geometry": {
       "type": "Point",
       "coordinates":  [ 121.5071261,25.08408306 ]
    },
    "properties": {
    "場館編號":15308,
    "場館名稱":"葫蘆國小活動中心",
    "所在地址":"臺北市士林區環河北路3段95號",
    "場館連絡電話":"02-28129586#835",
    "場館官方網站":"http://www.hrps.tp.edu.tw"
    }
  },
  {
    "type": "Feature",
    "geometry": {
       "type": "Point",
       "coordinates":  [ 121.5608507,25.0795986 ]
    },
    "properties": {
    "場館編號":15311,
    "場館名稱":"濱江國中體樓",
    "所在地址":"臺北市中山區樂群二路262號",
    "場館連絡電話":"02-85020126#301",
    "場館官方網站":"http://www.bjjh.tp.edu.tw"
    }
  },
  {
    "type": "Feature",
    "geometry": {
       "type": "Point",
       "coordinates":  [ 121.5754044,25.0007658 ]
    },
    "properties": {
    "場館編號":15319,
    "場館名稱":"臺北市政府環境保護局木柵垃圾焚化廠回饋設施博嘉運動公園",
    "所在地址":"臺北市文山區木柵路4段159巷16號",
    "場館連絡電話":"02-22300800#107",
    "場館官方網站":"https://www.mcrip.gov.taipei/"
    }
  },
  {
    "type": "Feature",
    "geometry": {
       "type": "Point",
       "coordinates":  [ 121.5518385,25.05644835 ]
    },
    "properties": {
    "場館編號":15323,
    "場館名稱":"民生國小活動中心",
    "所在地址":"臺北市松山區敦化北路199巷18號",
    "場館連絡電話":"02-27122452#821",
    "場館官方網站":"http://www.msps.tp.edu.tw"
    }
  },
  {
    "type": "Feature",
    "geometry": {
       "type": "Point",
       "coordinates":  [ 121.5608507,25.06203814 ]
    },
    "properties": {
    "場館編號":15334,
    "場館名稱":"民權國小田徑場",
    "所在地址":"臺北市松山區民權東路四段200號",
    "場館連絡電話":"02-27652327#634",
    "場館官方網站":"http://www.mqes.tp.edu.tw"
    }
  },
  {
    "type": "Feature",
    "geometry": {
       "type": "Point",
       "coordinates":  [ 121.5360054,25.15031083 ]
    },
    "properties": {
    "場館編號":15336,
    "場館名稱":"湖山國小操場",
    "所在地址":"臺北市北投區湖山里湖底路11號",
    "場館連絡電話":"02-28610148#131",
    "場館官方網站":"http://www.hses.tp.edu.tw"
    }
  },
  {
    "type": "Feature",
    "geometry": {
       "type": "Point",
       "coordinates":  [ 121.5589786,24.99045352 ]
    },
    "properties": {
    "場館編號":15343,
    "場館名稱":"再興中學體育館",
    "所在地址":"臺北市文山區明義里興隆路4段2號",
    "場館連絡電話":"02-29366803#123",
    "場館官方網站":"http://www.thsh.tp.edu.tw"
    }
  },
  {
    "type": "Feature",
    "geometry": {
       "type": "Point",
       "coordinates":  [ 121.619854,25.07266996 ]
    },
    "properties": {
    "場館編號":15354,
    "場館名稱":"東湖國中田徑場",
    "所在地址":"臺北市內湖區樂康里康樂街131號",
    "場館連絡電話":"02-26330373#634",
    "場館官方網站":"http://www.dhjh.tp.edu.tw"
    }
  },
  {
    "type": "Feature",
    "geometry": {
       "type": "Point",
       "coordinates":  [ 121.5527236,25.05612067 ]
    },
    "properties": {
    "場館編號":15366,
    "場館名稱":"民生國小操場",
    "所在地址":"臺北市松山區敦化北路199巷18號",
    "場館連絡電話":"02-27122452#821",
    "場館官方網站":"http://www.msps.tp.edu.tw"
    }
  },
  {
    "type": "Feature",
    "geometry": {
       "type": "Point",
       "coordinates":  [ 121.5671486,24.99191217 ]
    },
    "properties": {
    "場館編號":15369,
    "場館名稱":"文山特殊教育學校體育館",
    "所在地址":"臺北市文山區秀明路一段169號",
    "場館連絡電話":"02-86615183#304",
    "場館官方網站":"http://www.wsses.tp.edu.tw/"
    }
  },
  {
    "type": "Feature",
    "geometry": {
       "type": "Point",
       "coordinates":  [ 121.5304774,25.10509361 ]
    },
    "properties": {
    "場館編號":15386,
    "場館名稱":"田徑場",
    "所在地址":"臺北市士林區名山里忠義街1號",
    "場館連絡電話":"228329700",
    "場館官方網站":"http://www.ynes.tp.edu.tw/"
    }
  },
  {
    "type": "Feature",
    "geometry": {
       "type": "Point",
       "coordinates":  [ 121.4988863,25.02394771 ]
    },
    "properties": {
    "場館編號":15388,
    "場館名稱":"萬大國小活動中心",
    "所在地址":"臺北市萬華區全德里萬大路346號",
    "場館連絡電話":"02-23037654#311",
    "場館官方網站":"http://www.wtps.tp.edu.tw"
    }
  },
  {
    "type": "Feature",
    "geometry": {
       "type": "Point",
       "coordinates":  [ 121.5329075,25.03141066 ]
    },
    "properties": {
    "場館編號":15390,
    "場館名稱":"金華國中活動中心",
    "所在地址":"臺北市大安區福住里新生南路2段32號",
    "場館連絡電話":"02-33931799",
    "場館官方網站":"http://www.chwjh.tp.edu.tw"
    }
  },
  {
    "type": "Feature",
    "geometry": {
       "type": "Point",
       "coordinates":  [ 121.5140784,25.11569797 ]
    },
    "properties": {
    "場館編號":15394,
    "場館名稱":"石牌國中活動中心1樓室內籃球場",
    "所在地址":"臺北市北投區吉利里石牌路1段139號",
    "場館連絡電話":"02-28224682#253",
    "場館官方網站":"http://www.spjh.tp.edu.tw"
    }
  },
  {
    "type": "Feature",
    "geometry": {
       "type": "Point",
       "coordinates":  [ 121.5144002,25.11525111 ]
    },
    "properties": {
    "場館編號":15396,
    "場館名稱":"石牌國中游泳池",
    "所在地址":"臺北市北投區吉利里石牌路1段139號",
    "場館連絡電話":"02-28224682#255",
    "場館官方網站":"http://www.spjh.tp.edu.tw"
    }
  },
  {
    "type": "Feature",
    "geometry": {
       "type": "Point",
       "coordinates":  [ 121.5133113,25.11614969 ]
    },
    "properties": {
    "場館編號":15399,
    "場館名稱":"石牌國中操場(跑道+人工草皮)",
    "所在地址":"臺北市北投區吉利里石牌路1段139號",
    "場館連絡電話":"02-28224682#253",
    "場館官方網站":"http://www.spjh.tp.edu.tw"
    }
  },
  {
    "type": "Feature",
    "geometry": {
       "type": "Point",
       "coordinates":  [ 121.5414094,25.03151866 ]
    },
    "properties": {
    "場館編號":15405,
    "場館名稱":"大安高工游泳池",
    "所在地址":"臺北市大安區龍圖里復興南路2段52號",
    "場館連絡電話":"02-27091630#123",
    "場館官方網站":"http://www.taivs.tp.edu.tw"
    }
  },
  {
    "type": "Feature",
    "geometry": {
       "type": "Point",
       "coordinates":  [ 121.5130726,25.0642054 ]
    },
    "properties": {
    "場館編號":15408,
    "場館名稱":"大橋國小活動中心",
    "所在地址":"臺北市大同區隆和里重慶北路3段2號",
    "場館連絡電話":"02-25944413",
    "場館官方網站":"http://www.tjps.tp.edu.tw"
    }
  },
  {
    "type": "Feature",
    "geometry": {
       "type": "Point",
       "coordinates":  [ 121.5411258,25.0399115 ]
    },
    "properties": {
    "場館編號":15411,
    "場館名稱":"懷生國中籃球場",
    "所在地址":"臺北市大安區忠孝東路三段248巷30號",
    "場館連絡電話":"02-27215078#331",
    "場館官方網站":"http://www.hsjh.tp.edu.tw"
    }
  },
  {
    "type": "Feature",
    "geometry": {
       "type": "Point",
       "coordinates":  [ 121.5284336,25.03260392 ]
    },
    "properties": {
    "場館編號":15413,
    "場館名稱":"金華國小運動場",
    "所在地址":"臺北市大安區永康里愛國東路79巷11號",
    "場館連絡電話":"02-23917402#831",
    "場館官方網站":"http://www.cups.tp.edu.tw"
    }
  },
  {
    "type": "Feature",
    "geometry": {
       "type": "Point",
       "coordinates":  [ 121.54117,25.03207447 ]
    },
    "properties": {
    "場館編號":15415,
    "場館名稱":"大安高工田徑場",
    "所在地址":"臺北市大安區龍圖里復興南路2段52號",
    "場館連絡電話":"02-27091630#123",
    "場館官方網站":"http://www.taivs.tp.edu.tw"
    }
  },
  {
    "type": "Feature",
    "geometry": {
       "type": "Point",
       "coordinates":  [ 121.5430194,24.99625884 ]
    },
    "properties": {
    "場館編號":15417,
    "場館名稱":"景興國中活動中心",
    "所在地址":"臺北市文山區景華里景興路46巷2號",
    "場館連絡電話":"02-29323794#132",
    "場館官方網站":"http://www.chhs.tp.edu.tw"
    }
  },
  {
    "type": "Feature",
    "geometry": {
       "type": "Point",
       "coordinates":  [ 121.5416622,25.03195941 ]
    },
    "properties": {
    "場館編號":15419,
    "場館名稱":"大安高工學生活動中心",
    "所在地址":"臺北市大安區龍圖里復興南路2段52號",
    "場館連絡電話":"02-27091630#123",
    "場館官方網站":"http://www.taivs.tp.edu.tw"
    }
  },
  {
    "type": "Feature",
    "geometry": {
       "type": "Point",
       "coordinates":  [ 121.4662613,25.12660924 ]
    },
    "properties": {
    "場館編號":15422,
    "場館名稱":"關渡國小運動中心",
    "所在地址":"臺北市北投區中央北路4段581號",
    "場館連絡電話":"02-28975205",
    "場館官方網站":"http://www.kdps.tp.edu.tw/"
    }
  },
  {
    "type": "Feature",
    "geometry": {
       "type": "Point",
       "coordinates":  [ 121.5873241,25.03874504 ]
    },
    "properties": {
    "場館編號":15427,
    "場館名稱":"田徑場",
    "所在地址":"臺北市信義區中行里褔德街253號",
    "場館連絡電話":"02-27277992#24",
    "場館官方網站":"http://www.fdps.tp.edu.tw"
    }
  },
  {
    "type": "Feature",
    "geometry": {
       "type": "Point",
       "coordinates":  [ 121.5039665,25.13458626 ]
    },
    "properties": {
    "場館編號":15429,
    "場館名稱":"北投國中運動場",
    "所在地址":"臺北市北投區溫泉里溫泉路62號",
    "場館連絡電話":"02-28912091#304",
    "場館官方網站":"http://www.ptjh.tp.edu.tw"
    }
  },
  {
    "type": "Feature",
    "geometry": {
       "type": "Point",
       "coordinates":  [ 121.4990724,25.02667263 ]
    },
    "properties": {
    "場館編號":15431,
    "場館名稱":"西園國小活動中心",
    "所在地址":"臺北市萬華區東園街73巷65號",
    "場館連絡電話":"02-23030257#112",
    "場館官方網站":"http://www.hups.tp.edu.tw"
    }
  },
  {
    "type": "Feature",
    "geometry": {
       "type": "Point",
       "coordinates":  [ 121.4990151,25.02947613 ]
    },
    "properties": {
    "場館編號":15432,
    "場館名稱":"雙園國小溫水游泳池",
    "所在地址":"臺北市萬華區雙園里莒光路315號",
    "場館連絡電話":"02-23061893#165",
    "場館官方網站":"http://www.syps.tp.edu.tw"
    }
  },
  {
    "type": "Feature",
    "geometry": {
       "type": "Point",
       "coordinates":  [ 121.527881,25.03261364 ]
    },
    "properties": {
    "場館編號":15433,
    "場館名稱":"金華國小華樓",
    "所在地址":"臺北市大安區永康里愛國東路79巷11號",
    "場館連絡電話":"02-23917402#831",
    "場館官方網站":"http://www.cups.tp.edu.tw/./"
    }
  },
  {
    "type": "Feature",
    "geometry": {
       "type": "Point",
       "coordinates":  [ 121.5430784,24.99622967 ]
    },
    "properties": {
    "場館編號":15435,
    "場館名稱":"景興國中游泳池",
    "所在地址":"臺北市文山區景華里景興路46巷2號",
    "場館連絡電話":"02-29323794#132",
    "場館官方網站":"http://www.chhs.tp.edu.tw"
    }
  },
  {
    "type": "Feature",
    "geometry": {
       "type": "Point",
       "coordinates":  [ 121.5875709,25.04484454 ]
    },
    "properties": {
    "場館編號":15436,
    "場館名稱":"成德國中活動中心",
    "所在地址":"臺北市南港區東新街108巷23號",
    "場館連絡電話":"02-27825000",
    "場館官方網站":"http://www.cdjh.tp.edu.tw/"
    }
  },
  {
    "type": "Feature",
    "geometry": {
       "type": "Point",
       "coordinates":  [ 121.5764773,24.98940328 ]
    },
    "properties": {
    "場館編號":15481,
    "場館名稱":"萬興國小運動中心",
    "所在地址":"臺北市文山區秀明路2段114號",
    "場館連絡電話":"02-29381721#124",
    "場館官方網站":"http://www.wxes.tp.edu.tw/"
    }
  },
  {
    "type": "Feature",
    "geometry": {
       "type": "Point",
       "coordinates":  [ 121.5467155,25.05149775 ]
    },
    "properties": {
    "場館編號":15490,
    "場館名稱":"敦化國中運動場暨活動中心",
    "所在地址":"臺北市松山區南京東路三段300號",
    "場館連絡電話":"02-87717890#250",
    "場館官方網站":"http://www.thjh.tp.edu.tw"
    }
  },
  {
    "type": "Feature",
    "geometry": {
       "type": "Point",
       "coordinates":  [ 121.5357184,25.02326893 ]
    },
    "properties": {
    "場館編號":15497,
    "場館名稱":"龍安國小水資源教室",
    "所在地址":"臺北市大安區龍門里新生南路3段33號",
    "場館連絡電話":"02-23632077",
    "場館官方網站":"http://www.laes.tp.edu.tw"
    }
  },
  {
    "type": "Feature",
    "geometry": {
       "type": "Point",
       "coordinates":  [ 121.5763432,25.12878264 ]
    },
    "properties": {
    "場館編號":15498,
    "場館名稱":"平等國小",
    "所在地址":"臺北市士林區平等里平菁街101號",
    "場館連絡電話":"02-28610503#821",
    "場館官方網站":"http://www.pdps.tp.edu.tw"
    }
  },
  {
    "type": "Feature",
    "geometry": {
       "type": "Point",
       "coordinates":  [ 121.550594,25.03717516 ]
    },
    "properties": {
    "場館編號":15501,
    "場館名稱":"仁愛國中活動中心",
    "所在地址":"臺北市大安區敦安里仁愛路4段130號",
    "場館連絡電話":"02-23255823#3206",
    "場館官方網站":"http://www.jajh.tp.edu.tw"
    }
  },
  {
    "type": "Feature",
    "geometry": {
       "type": "Point",
       "coordinates":  [ 121.4962363,25.03561498 ]
    },
    "properties": {
    "場館編號":15535,
    "場館名稱":"龍山國小活動中心",
    "所在地址":"臺北市萬華區青山里和平西路三段235號",
    "場館連絡電話":"02-23082977",
    "場館官方網站":"http://www.lses.tp.edu.tw"
    }
  },
  {
    "type": "Feature",
    "geometry": {
       "type": "Point",
       "coordinates":  [ 121.4963114,25.03603297 ]
    },
    "properties": {
    "場館編號":15536,
    "場館名稱":"田徑場",
    "所在地址":"臺北市萬華區青山里和平西路三段235號",
    "場館連絡電話":"02-23082977",
    "場館官方網站":"http://www.lses.tp.edu.tw"
    }
  },
  {
    "type": "Feature",
    "geometry": {
       "type": "Point",
       "coordinates":  [ 121.5389514,25.16889522 ]
    },
    "properties": {
    "場館編號":15550,
    "場館名稱":"湖田國小操場",
    "所在地址":"臺北市北投區湖田里竹子湖路17之2號",
    "場館連絡電話":"02-28616963#37",
    "場館官方網站":"http://www.htes.tp.edu.tw"
    }
  },
  {
    "type": "Feature",
    "geometry": {
       "type": "Point",
       "coordinates":  [ 121.5388647,25.01117626 ]
    },
    "properties": {
    "場館編號":15551,
    "場館名稱":"民族實中體育館",
    "所在地址":"臺北市大安區羅斯福路4段113巷13號",
    "場館連絡電話":"02-27322935#236",
    "場館官方網站":"http://www.mtjh.tp.edu.tw"
    }
  },
  {
    "type": "Feature",
    "geometry": {
       "type": "Point",
       "coordinates":  [ 121.5386528,25.01045981 ]
    },
    "properties": {
    "場館編號":15562,
    "場館名稱":"民族國中田徑場",
    "所在地址":"臺北市大安區羅斯福路4段113巷13號",
    "場館連絡電話":"02-27322935",
    "場館官方網站":"http://www.mtjh.tp.edu.tw"
    }
  },
  {
    "type": "Feature",
    "geometry": {
       "type": "Point",
       "coordinates":  [ 121.5387011,24.99448421 ]
    },
    "properties": {
    "場館編號":15573,
    "場館名稱":"溪口國小活動中心",
    "所在地址":"臺北市文山區景慶里景福街225號",
    "場館連絡電話":"02-29350955#715",
    "場館官方網站":"http://web.skps.tp.edu.tw/enableweb/"
    }
  },
  {
    "type": "Feature",
    "geometry": {
       "type": "Point",
       "coordinates":  [ 121.5512162,25.05959386 ]
    },
    "properties": {
    "場館編號":15584,
    "場館名稱":"民族國小操場",
    "所在地址":"臺北市松山區民生東路4段97巷7號",
    "場館連絡電話":"02-27124872#929",
    "場館官方網站":"http://enable.mces.tp.edu.tw/front/bin/home.phtml"
    }
  },
  {
    "type": "Feature",
    "geometry": {
       "type": "Point",
       "coordinates":  [ 121.5087032,25.03500256 ]
    },
    "properties": {
    "場館編號":15585,
    "場館名稱":"南門國小籃球場、綜合球場",
    "所在地址":"臺北市中正區南門里廣州街6號",
    "場館連絡電話":"02-23715052#304",
    "場館官方網站":"http://www.nmes.tp.edu.tw"
    }
  },
  {
    "type": "Feature",
    "geometry": {
       "type": "Point",
       "coordinates":  [ 121.5799588,25.11987512 ]
    },
    "properties": {
    "場館編號":15590,
    "場館名稱":"溪山國小運動場",
    "所在地址":"臺北市士林區溪山里至善路3段199號",
    "場館連絡電話":"02-28411010#115",
    "場館官方網站":"http://www.hops.tp.edu.tw"
    }
  },
  {
    "type": "Feature",
    "geometry": {
       "type": "Point",
       "coordinates":  [ 121.5699407,25.04680555 ]
    },
    "properties": {
    "場館編號":15595,
    "場館名稱":"興雅國小活動中心",
    "所在地址":"臺北市信義區雅祥里基隆路1段83巷9號",
    "場館連絡電話":"02-27618156",
    "場館官方網站":"http://www.hyps.tp.edu.tw"
    }
  },
  {
    "type": "Feature",
    "geometry": {
       "type": "Point",
       "coordinates":  [ 121.5500683,25.01824753 ]
    },
    "properties": {
    "場館編號":15600,
    "場館名稱":"芳和實中籃球場",
    "所在地址":"臺北市大安區芳和里臥龍街170號",
    "場館連絡電話":"02-27321961#304",
    "場館官方網站":"http://www.fhjhs.tp.edu.tw"
    }
  },
  {
    "type": "Feature",
    "geometry": {
       "type": "Point",
       "coordinates":  [ 121.6126925,25.03463803 ]
    },
    "properties": {
    "場館編號":15618,
    "場館名稱":"南港區四分綠地",
    "所在地址":"臺北市南港區研究院路三段68巷8號",
    "場館連絡電話":"02-87916654",
    "場館官方網站":"http://pkl.taipei.gov.tw"
    }
  },
  {
    "type": "Feature",
    "geometry": {
       "type": "Point",
       "coordinates":  [ 121.5119058,25.0792342 ]
    },
    "properties": {
    "場館編號":15626,
    "場館名稱":"士林區福德綠地溜冰場",
    "所在地址":"臺北市士林區重慶北路四段1巷",
    "場館連絡電話":"02-23815132",
    "場館官方網站":"https://parks.taipei/parks/m2/pkl_parks_m2C.php?sid=544"
    }
  },
  {
    "type": "Feature",
    "geometry": {
       "type": "Point",
       "coordinates":  [ 121.5867448,25.07697004 ]
    },
    "properties": {
    "場館編號":15630,
    "場館名稱":"內湖區紫陽綠地",
    "所在地址":"臺北市內湖區文德路210巷30弄附近",
    "場館連絡電話":"02-25702330#6514",
    "場館官方網站":"https://vbs.sports.taipei/"
    }
  },
  {
    "type": "Feature",
    "geometry": {
       "type": "Point",
       "coordinates":  [ 121.5310407,25.05025364 ]
    },
    "properties": {
    "場館編號":15648,
    "場館名稱":"長安國小體育館",
    "所在地址":"臺北市中山區興亞里吉林路15號",
    "場館連絡電話":"02-25617600#123",
    "場館官方網站":"http://www.caps.tp.edu.tw"
    }
  },
  {
    "type": "Feature",
    "geometry": {
       "type": "Point",
       "coordinates":  [ 121.5360457,25.03002053 ]
    },
    "properties": {
    "場館編號":15649,
    "場館名稱":"大安森林公園",
    "所在地址":"臺北市大安新生南路2段1號",
    "場館連絡電話":"02-25702330#6530",
    "場館官方網站":"https://sports.gov.taipei/"
    }
  },
  {
    "type": "Feature",
    "geometry": {
       "type": "Point",
       "coordinates":  [ 121.5395862,25.06334595 ]
    },
    "properties": {
    "場館編號":15708,
    "場館名稱":"榮星花園公園",
    "所在地址":"臺北市中山區民權東路三段1號",
    "場館連絡電話":"02-25702330",
    "場館官方網站":"https://sports.gov.taipei/"
    }
  },
  {
    "type": "Feature",
    "geometry": {
       "type": "Point",
       "coordinates":  [ 121.5099263,25.10258276 ]
    },
    "properties": {
    "場館編號":15731,
    "場館名稱":"洲美國小運動場",
    "所在地址":"臺北市北投區洲美里洲美街185號",
    "場館連絡電話":"(02)28313619",
    "場館官方網站":"http://www.cmps.tp.edu.tw"
    }
  },
  {
    "type": "Feature",
    "geometry": {
       "type": "Point",
       "coordinates":  [ 121.5949416,25.08008446 ]
    },
    "properties": {
    "場館編號":15767,
    "場館名稱":"田徑場",
    "所在地址":"臺北市內湖區清白里星雲街121號",
    "場館連絡電話":"02-27901237#140",
    "場館官方網站":"http://www.klps.tp.edu.tw"
    }
  },
  {
    "type": "Feature",
    "geometry": {
       "type": "Point",
       "coordinates":  [ 121.5512359,25.03219141 ]
    },
    "properties": {
    "場館編號":15770,
    "場館名稱":"東方工商籃球場",
    "所在地址":"臺北市大安區信義路四段186巷8號",
    "場館連絡電話":"02-27554616#199",
    "場館官方網站":"http://www.tfvs.tp.edu.tw"
    }
  },
  {
    "type": "Feature",
    "geometry": {
       "type": "Point",
       "coordinates":  [ 121.5512037,25.03207616 ]
    },
    "properties": {
    "場館編號":15771,
    "場館名稱":"東方工商排球場",
    "所在地址":"臺北市大安區信義路四段186巷8號",
    "場館連絡電話":"02-27554616",
    "場館官方網站":"http://www.tfvs.tp.edu.tw"
    }
  },
  {
    "type": "Feature",
    "geometry": {
       "type": "Point",
       "coordinates":  [ 121.5609419,25.050137 ]
    },
    "properties": {
    "場館編號":15778,
    "場館名稱":"中崙高中田徑場",
    "所在地址":"臺北市八德路四段101號",
    "場館連絡電話":"02-27535316#304",
    "場館官方網站":"http://www.zlsh.tp.edu.tw/index_redir.jsp?"
    }
  },
  {
    "type": "Feature",
    "geometry": {
       "type": "Point",
       "coordinates":  [ 121.5611726,25.04981139 ]
    },
    "properties": {
    "場館編號":15779,
    "場館名稱":"中崙高中游泳池",
    "所在地址":"臺北市八德路四段101號",
    "場館連絡電話":"02-27535316#304",
    "場館官方網站":"http://www.zlsh.tp.edu.tw/index_redir.jsp?"
    }
  },
  {
    "type": "Feature",
    "geometry": {
       "type": "Point",
       "coordinates":  [ 121.5379071,25.09842446 ]
    },
    "properties": {
    "場館編號":15787,
    "場館名稱":"至善公園羽球場",
    "所在地址":"台北市士林區福林路至善路一段",
    "場館連絡電話":"02-25702330#6508",
    "場館官方網站":"https://sports.gov.taipei"
    }
  },
  {
    "type": "Feature",
    "geometry": {
       "type": "Point",
       "coordinates":  [ 121.5562391,24.9827775 ]
    },
    "properties": {
    "場館編號":15788,
    "場館名稱":"景美女中活動中心",
    "所在地址":"臺北市文山區樟新里木新路3段312號",
    "場館連絡電話":"02-29368847#339",
    "場館官方網站":"http://web.cmgsh.tp.edu.tw/nss/p/index"
    }
  },
  {
    "type": "Feature",
    "geometry": {
       "type": "Point",
       "coordinates":  [ 121.5557671,24.98275805 ]
    },
    "properties": {
    "場館編號":15789,
    "場館名稱":"景美女中田徑場",
    "所在地址":"臺北市文山區樟新里木新路3段312號",
    "場館連絡電話":"02-29368847#339",
    "場館官方網站":"http://web.cmgsh.tp.edu.tw/nss/p/index"
    }
  },
  {
    "type": "Feature",
    "geometry": {
       "type": "Point",
       "coordinates":  [ 121.5553433,24.98285044 ]
    },
    "properties": {
    "場館編號":15790,
    "場館名稱":"景美女中網球場",
    "所在地址":"臺北市文山區樟新里木新路3段312號",
    "場館連絡電話":"02-29368847#339",
    "場館官方網站":"http://web.cmgsh.tp.edu.tw/nss/p/index"
    }
  },
  {
    "type": "Feature",
    "geometry": {
       "type": "Point",
       "coordinates":  [ 121.5554237,24.98250034 ]
    },
    "properties": {
    "場館編號":15791,
    "場館名稱":"景美女中排球場",
    "所在地址":"臺北市文山區樟新里木新路3段312號",
    "場館連絡電話":"02-29368847#339",
    "場館官方網站":"http://web.cmgsh.tp.edu.tw/nss/p/index"
    }
  },
  {
    "type": "Feature",
    "geometry": {
       "type": "Point",
       "coordinates":  [ 121.5554988,24.98280992 ]
    },
    "properties": {
    "場館編號":15792,
    "場館名稱":"景美女中籃球場",
    "所在地址":"臺北市文山區樟新里木新路3段312號",
    "場館連絡電話":"02-29368847#339",
    "場館官方網站":"http://web.cmgsh.tp.edu.tw/nss/p/index"
    }
  },
  {
    "type": "Feature",
    "geometry": {
       "type": "Point",
       "coordinates":  [ 121.5246892,25.04798473 ]
    },
    "properties": {
    "場館編號":16404,
    "場館名稱":"華山公園",
    "所在地址":"臺北市中山區市民大道2段與林森北路交叉口",
    "場館連絡電話":"02-25850192",
    "場館官方網站":"http://pkl.taipei.gov.tw"
    }
  },
  {
    "type": "Feature",
    "geometry": {
       "type": "Point",
       "coordinates":  [ 121.592651,25.06369412 ]
    },
    "properties": {
    "場館編號":16413,
    "場館名稱":"內湖區石潭公園",
    "所在地址":"臺北市內湖區安康路25巷",
    "場館連絡電話":"02-25702330",
    "場館官方網站":"https://sports.tms.gov.tw/"
    }
  },
  {
    "type": "Feature",
    "geometry": {
       "type": "Point",
       "coordinates":  [ 121.5401652,25.00383582 ]
    },
    "properties": {
    "場館編號":16415,
    "場館名稱":"多功能活動中心",
    "所在地址":"臺北市文山區萬祥里興隆路1段68號",
    "場館連絡電話":"02-29314360#38",
    "場館官方網站":"http://www.wkps.tp.edu.tw"
    }
  },
  {
    "type": "Feature",
    "geometry": {
       "type": "Point",
       "coordinates":  [ 121.5182948,25.05455451 ]
    },
    "properties": {
    "場館編號":16424,
    "場館名稱":"建成公園籃球場",
    "所在地址":"臺北市大同區承德路二段35號旁",
    "場館連絡電話":"02-25702330",
    "場館官方網站":"https://sports.tms.gov.tw/venues/?K=871"
    }
  },
  {
    "type": "Feature",
    "geometry": {
       "type": "Point",
       "coordinates":  [ 121.5487325,25.07941292 ]
    },
    "properties": {
    "場館編號":16443,
    "場館名稱":"明水公園",
    "所在地址":"\t臺北市中山區北安路476巷47弄",
    "場館連絡電話":"02-25850192#233",
    "場館官方網站":"http://pkl.taipei.gov.tw"
    }
  },
  {
    "type": "Feature",
    "geometry": {
       "type": "Point",
       "coordinates":  [ 121.5426868,24.99342185 ]
    },
    "properties": {
    "場館編號":16469,
    "場館名稱":"五育館",
    "所在地址":"臺北市文山區景華里景中街27號",
    "場館連絡電話":"02-89353130#502",
    "場館官方網站":"http://www.cmjh.tp.edu.tw"
    }
  },
  {
    "type": "Feature",
    "geometry": {
       "type": "Point",
       "coordinates":  [ 121.5504974,25.00492741 ]
    },
    "properties": {
    "場館編號":16505,
    "場館名稱":"興福國中活動中心",
    "所在地址":"臺北市文山區興旺里福興路80號",
    "場館連絡電話":"02-29322024#410",
    "場館官方網站":"http://www.hfjh.tp.edu.tw"
    }
  },
  {
    "type": "Feature",
    "geometry": {
       "type": "Point",
       "coordinates":  [ 121.5377247,25.06387011 ]
    },
    "properties": {
    "場館編號":16766,
    "場館名稱":"榮星游泳池",
    "所在地址":"臺北市中山區行孝里建國北路三段39號",
    "場館連絡電話":"02-25702330#6523",
    "場館官方網站":"https://www.facebook.com/RongXingSwimmingpool"
    }
  },
  {
    "type": "Feature",
    "geometry": {
       "type": "Point",
       "coordinates":  [ 121.5069276,25.02305991 ]
    },
    "properties": {
    "場館編號":16773,
    "場館名稱":"青年公園運動休閒園區",
    "所在地址":"臺北市萬華區水源路199號",
    "場館連絡電話":"02-23053800",
    "場館官方網站":"https://sports.tms.gov.tw/venues/?K=827"
    }
  },
  {
    "type": "Feature",
    "geometry": {
       "type": "Point",
       "coordinates":  [ 121.5029612,25.02255117 ]
    },
    "properties": {
    "場館編號":16776,
    "場館名稱":"青年公園",
    "所在地址":"臺北市萬華區水源路199號",
    "場館連絡電話":"02-25702330#6531",
    "場館官方網站":"https://vbs.sports.taipei/"
    }
  },
  {
    "type": "Feature",
    "geometry": {
       "type": "Point",
       "coordinates":  [ 121.522404,25.11274474 ]
    },
    "properties": {
    "場館編號":16807,
    "場館名稱":"奎山中學運動場",
    "所在地址":"臺北市北投區榮華里明德路200號",
    "場館連絡電話":"(02)28212009",
    "場館官方網站":"http://www.ksjh.tp.edu.tw"
    }
  },
  {
    "type": "Feature",
    "geometry": {
       "type": "Point",
       "coordinates":  [ 121.4693928,25.1355002 ]
    },
    "properties": {
    "場館編號":16808,
    "場館名稱":"城市大學大成館",
    "所在地址":"臺北市北投區學園路2號",
    "場館連絡電話":"02-28927154#2501",
    "場館官方網站":"http://www.tpcu.edu.tw"
    }
  },
  {
    "type": "Feature",
    "geometry": {
       "type": "Point",
       "coordinates":  [ 121.469378,25.13378634 ]
    },
    "properties": {
    "場館編號":16809,
    "場館名稱":"高爾夫球揮桿練習場",
    "所在地址":"臺北市北投區學園路2號",
    "場館連絡電話":"02-28927154#2501",
    "場館官方網站":"http://www.tpcu.edu.tw"
    }
  },
  {
    "type": "Feature",
    "geometry": {
       "type": "Point",
       "coordinates":  [ 121.4697281,25.1347823 ]
    },
    "properties": {
    "場館編號":16810,
    "場館名稱":"藝文中心桌球室",
    "所在地址":"臺北市北投區學園路2號",
    "場館連絡電話":"02-28927154#2501",
    "場館官方網站":"http://www.tpcu.edu.tw"
    }
  },
  {
    "type": "Feature",
    "geometry": {
       "type": "Point",
       "coordinates":  [ 121.4693123,25.13517567 ]
    },
    "properties": {
    "場館編號":16811,
    "場館名稱":"排球場",
    "所在地址":"臺北市北投區學園路2號",
    "場館連絡電話":"02-28927154#2501",
    "場館官方網站":"http://www.tpcu.edu.tw"
    }
  },
  {
    "type": "Feature",
    "geometry": {
       "type": "Point",
       "coordinates":  [ 121.469382,25.13441794 ]
    },
    "properties": {
    "場館編號":16812,
    "場館名稱":"田徑場",
    "所在地址":"臺北市北投區學園路2號",
    "場館連絡電話":"02-28927154#2501",
    "場館官方網站":"http://www.tpcu.edu.tw"
    }
  },
  {
    "type": "Feature",
    "geometry": {
       "type": "Point",
       "coordinates":  [ 121.4693043,25.13410457 ]
    },
    "properties": {
    "場館編號":16813,
    "場館名稱":"籃球場",
    "所在地址":"臺北市北投區學園路2號",
    "場館連絡電話":"02-28927154#2501",
    "場館官方網站":"http://www.tpcu.edu.tw"
    }
  },
  {
    "type": "Feature",
    "geometry": {
       "type": "Point",
       "coordinates":  [ 121.5433252,24.99433349 ]
    },
    "properties": {
    "場館編號":16853,
    "場館名稱":"環形或直線慢跑場（非田徑場）",
    "所在地址":"臺北市文山區景華里景中街27號",
    "場館連絡電話":"02-89353130#501",
    "場館官方網站":"http://www.cmjh.tp.edu.tw"
    }
  },
  {
    "type": "Feature",
    "geometry": {
       "type": "Point",
       "coordinates":  [ 121.4838246,25.13462094 ]
    },
    "properties": {
    "場館編號":20424,
    "場館名稱":"臺北捷運北投會館",
    "所在地址":"臺北市北投區大業路527巷88號",
    "場館連絡電話":"02-28930105#8306",
    "場館官方網站":"https://btresort.metro.taipei/Default.aspx"
    }
  },
  {
    "type": "Feature",
    "geometry": {
       "type": "Point",
       "coordinates":  [ 121.5721911,25.03544 ]
    },
    "properties": {
    "場館編號":20528,
    "場館名稱":"興雅國中排球場",
    "所在地址":"臺北市信義區松德路168巷15號",
    "場館連絡電話":"02-27232771#330",
    "場館官方網站":"http://www.syajh.tp.edu.tw"
    }
  },
  {
    "type": "Feature",
    "geometry": {
       "type": "Point",
       "coordinates":  [ 121.5510276,25.00179649 ]
    },
    "properties": {
    "場館編號":20544,
    "場館名稱":"興德國小",
    "所在地址":"臺北市文山區興隆路二段235號",
    "場館連絡電話":"02-29329431#27",
    "場館官方網站":"http://www.hdps.tp.edu.tw"
    }
  },
  {
    "type": "Feature",
    "geometry": {
       "type": "Point",
       "coordinates":  [ 121.5942818,25.05228746 ]
    },
    "properties": {
    "場館編號":20549,
    "場館名稱":"南港高中活動中心",
    "所在地址":"臺北市南港區西新里向陽路21號",
    "場館連絡電話":"02-27837863#245",
    "場館官方網站":"http://www.nksh.tp.edu.tw"
    }
  },
  {
    "type": "Feature",
    "geometry": {
       "type": "Point",
       "coordinates":  [ 121.5454446,25.13099152 ]
    },
    "properties": {
    "場館編號":20556,
    "場館名稱":"市立格致國中多功能田徑場",
    "所在地址":"臺北市士林區陽明里仰德大道四段75號",
    "場館連絡電話":"02-28610079#109",
    "場館官方網站":"http://www.gjjh.tp.edu.tw"
    }
  },
  {
    "type": "Feature",
    "geometry": {
       "type": "Point",
       "coordinates":  [ 121.5464429,25.13086964 ]
    },
    "properties": {
    "場館編號":20558,
    "場館名稱":"市立格致國中綜合籃球場",
    "所在地址":"臺北市士林區陽明里仰德大道四段75號",
    "場館連絡電話":"02-28610079#109",
    "場館官方網站":"http://www.gjjh.tp.edu.tw"
    }
  },
  {
    "type": "Feature",
    "geometry": {
       "type": "Point",
       "coordinates":  [ 121.5508461,25.03748865 ]
    },
    "properties": {
    "場館編號":20565,
    "場館名稱":"北市仁愛國中田徑場",
    "所在地址":"臺北市大安區仁愛路4段130號",
    "場館連絡電話":"02-23255823#3206",
    "場館官方網站":"http://www.jajh.tp.edu.tw"
    }
  },
  {
    "type": "Feature",
    "geometry": {
       "type": "Point",
       "coordinates":  [ 121.5228492,25.09351787 ]
    },
    "properties": {
    "場館編號":20572,
    "場館名稱":"台北市立士林國民中學體育場",
    "所在地址":"臺北市士林區福德里中正路345號",
    "場館連絡電話":"02-88613411#330",
    "場館官方網站":"http://www.sljh.tp.edu.tw"
    }
  },
  {
    "type": "Feature",
    "geometry": {
       "type": "Point",
       "coordinates":  [ 121.5222881,25.0228339 ]
    },
    "properties": {
    "場館編號":20575,
    "場館名稱":"操場(含跑道)",
    "所在地址":"臺北市中正區汀州路二段180號",
    "場館連絡電話":"02-23677144",
    "場館官方網站":"http://www.htps.tp.edu.tw"
    }
  },
  {
    "type": "Feature",
    "geometry": {
       "type": "Point",
       "coordinates":  [ 121.5941617,25.05383725 ]
    },
    "properties": {
    "場館編號":20585,
    "場館名稱":"玉成國小游泳館",
    "所在地址":"臺北市南港區西新里向陽路31號",
    "場館連絡電話":"02-27836049#133",
    "場館官方網站":"http://www.yhes.tp.edu.tw"
    }
  },
  {
    "type": "Feature",
    "geometry": {
       "type": "Point",
       "coordinates":  [ 121.54553,25.06060949 ]
    },
    "properties": {
    "場館編號":20596,
    "場館名稱":"中山國中田徑場",
    "所在地址":"臺北市松山區復興北路361巷7號",
    "場館連絡電話":"02-27126701#313",
    "場館官方網站":"http://www.csjhs.tp.edu.tw"
    }
  },
  {
    "type": "Feature",
    "geometry": {
       "type": "Point",
       "coordinates":  [ 121.5886438,25.06815592 ]
    },
    "properties": {
    "場館編號":20597,
    "場館名稱":"新湖國小籃球場",
    "所在地址":"臺北市內湖區湖興里民權東路6段138號",
    "場館連絡電話":"02-27963721",
    "場館官方網站":"http://www.shes.tp.edu.tw"
    }
  },
  {
    "type": "Feature",
    "geometry": {
       "type": "Point",
       "coordinates":  [ 121.5175545,25.06123635 ]
    },
    "properties": {
    "場館編號":20607,
    "場館名稱":"活動中心",
    "所在地址":"臺北市大同區民權里錦西街51號",
    "場館連絡電話":"02-25570309#1024",
    "場館官方網站":"http://www.sles.tp.edu.tw"
    }
  },
  {
    "type": "Feature",
    "geometry": {
       "type": "Point",
       "coordinates":  [ 121.5464816,25.02931573 ]
    },
    "properties": {
    "場館編號":20612,
    "場館名稱":"建安國小田徑場",
    "所在地址":"臺北市大安區龍雲里大安路2段99號",
    "場館連絡電話":"02-27077119#814",
    "場館官方網站":"http://www.jnps.tp.edu.tw"
    }
  },
  {
    "type": "Feature",
    "geometry": {
       "type": "Point",
       "coordinates":  [ 121.6174829,25.04219093 ]
    },
    "properties": {
    "場館編號":20615,
    "場館名稱":"胡適國小體育館",
    "所在地址":"臺北市南港區中研里舊莊街1段1號",
    "場館連絡電話":"02-27824949#922",
    "場館官方網站":"http://www.hsps.tp.edu.tw"
    }
  },
  {
    "type": "Feature",
    "geometry": {
       "type": "Point",
       "coordinates":  [ 121.5078878,25.08346117 ]
    },
    "properties": {
    "場館編號":20616,
    "場館名稱":"葫蘆國小操場",
    "所在地址":"臺北市士林區環河北路3段95號",
    "場館連絡電話":"02-28129586#822",
    "場館官方網站":"http://www.hrps.tp.edu.tw"
    }
  },
  {
    "type": "Feature",
    "geometry": {
       "type": "Point",
       "coordinates":  [ 121.5672129,25.00073176 ]
    },
    "properties": {
    "場館編號":20620,
    "場館名稱":"萬芳國小活動中心",
    "所在地址":"臺北市文山區萬芳里萬和街1號",
    "場館連絡電話":"02-22301232",
    "場館官方網站":"http://www.wfes.tp.edu.tw"
    }
  },
  {
    "type": "Feature",
    "geometry": {
       "type": "Point",
       "coordinates":  [ 121.566533,25.000908 ]
    },
    "properties": {
    "場館編號":20621,
    "場館名稱":"萬芳國小室外游泳池",
    "所在地址":"臺北市文山區萬芳里萬和街1號",
    "場館連絡電話":"02-22301232#824",
    "場館官方網站":"http://www.wfes.tp.edu.tw"
    }
  },
  {
    "type": "Feature",
    "geometry": {
       "type": "Point",
       "coordinates":  [ 121.577037,24.98468966 ]
    },
    "properties": {
    "場館編號":20623,
    "場館名稱":"北政國中上操場",
    "所在地址":"臺北市文山區指南里指南路3段2巷14號",
    "場館連絡電話":"02-29393651#34",
    "場館官方網站":"http://www.pcjh.tp.edu.tw"
    }
  },
  {
    "type": "Feature",
    "geometry": {
       "type": "Point",
       "coordinates":  [ 121.5506423,25.00501978 ]
    },
    "properties": {
    "場館編號":20637,
    "場館名稱":"興福國中運動場",
    "所在地址":"臺北市文山區興旺里福興路80號",
    "場館連絡電話":"02-29322024#340",
    "場館官方網站":"http://www.hfjh.tp.edu.tw"
    }
  },
  {
    "type": "Feature",
    "geometry": {
       "type": "Point",
       "coordinates":  [ 121.5060929,25.0359309 ]
    },
    "properties": {
    "場館編號":20650,
    "場館名稱":"龍山國中活動中心",
    "所在地址":"臺北市萬華區富裕里南寧路46號",
    "場館連絡電話":"02-23362789#303",
    "場館官方網站":"http://www.lsjh.tp.edu.tw"
    }
  },
  {
    "type": "Feature",
    "geometry": {
       "type": "Point",
       "coordinates":  [ 121.5052818,25.0356733 ]
    },
    "properties": {
    "場館編號":20651,
    "場館名稱":"龍山國中田徑場",
    "所在地址":"臺北市萬華區富裕里南寧路46號",
    "場館連絡電話":"02-23362789#303",
    "場館官方網站":"http://www.lsjh.tp.edu.tw"
    }
  },
  {
    "type": "Feature",
    "geometry": {
       "type": "Point",
       "coordinates":  [ 121.5612866,24.98100106 ]
    },
    "properties": {
    "場館編號":20654,
    "場館名稱":"力行國小田徑場",
    "所在地址":"臺北市文山區樟腳里木新路3段155巷7號",
    "場館連絡電話":"02-29363995#822",
    "場館官方網站":"http://www.lsps.tp.edu.tw"
    }
  },
  {
    "type": "Feature",
    "geometry": {
       "type": "Point",
       "coordinates":  [ 121.5502882,25.00501978 ]
    },
    "properties": {
    "場館編號":20660,
    "場館名稱":"興福國中內操場",
    "所在地址":"臺北市文山區興旺里福興路80號",
    "場館連絡電話":"02-29322024#340",
    "場館官方網站":"http://www.hfjh.tp.edu.tw"
    }
  },
  {
    "type": "Feature",
    "geometry": {
       "type": "Point",
       "coordinates":  [ 121.4774166,25.1347611 ]
    },
    "properties": {
    "場館編號":20685,
    "場館名稱":"武揚館",
    "所在地址":"臺北市北投區一德里中央北路4段48號",
    "場館連絡電話":"02-28929633#243",
    "場館官方網站":"http://www.tyjh.tp.edu.tw/TYJHenable/"
    }
  },
  {
    "type": "Feature",
    "geometry": {
       "type": "Point",
       "coordinates":  [ 121.5149367,25.02516953 ]
    },
    "properties": {
    "場館編號":20693,
    "場館名稱":"螢橋國小游泳池",
    "所在地址":"臺北市中正區螢雪里詔安街29號",
    "場館連絡電話":"02-23054620",
    "場館官方網站":"http://www.yces.tp.edu.tw"
    }
  },
  {
    "type": "Feature",
    "geometry": {
       "type": "Point",
       "coordinates":  [ 121.5639246,25.10606086 ]
    },
    "properties": {
    "場館編號":20696,
    "場館名稱":"台北市立雙溪國小籃球場",
    "所在地址":"臺北市士林區翠山里中社路2段66號",
    "場館連絡電話":"02-28411038#14",
    "場館官方網站":"http://www.sses.tp.edu.tw"
    }
  },
  {
    "type": "Feature",
    "geometry": {
       "type": "Point",
       "coordinates":  [ 121.5657967,25.08611389 ]
    },
    "properties": {
    "場館編號":20701,
    "場館名稱":"西湖國中網球場",
    "所在地址":"臺北市內湖區西湖里環山路1段27號",
    "場館連絡電話":"02-27991817#215",
    "場館官方網站":"http://www.xhjhs.tp.edu.tw"
    }
  },
  {
    "type": "Feature",
    "geometry": {
       "type": "Point",
       "coordinates":  [ 121.5156448,25.03802571 ]
    },
    "properties": {
    "場館編號":20704,
    "場館名稱":"臺北市立弘道國民中學操場",
    "所在地址":"臺北市中正區公園路21號",
    "場館連絡電話":"02-23715520#320",
    "場館官方網站":"http://www.htjh.tp.edu.tw"
    }
  },
  {
    "type": "Feature",
    "geometry": {
       "type": "Point",
       "coordinates":  [ 121.5547782,24.98342988 ]
    },
    "properties": {
    "場館編號":20717,
    "場館名稱":"臺北市立實踐國中活動中心",
    "所在地址":"臺北市文山區樟林里辛亥路七段67號",
    "場館連絡電話":"02-22362857#150",
    "場館官方網站":"http://www.sjjh.tp.edu.tw"
    }
  },
  {
    "type": "Feature",
    "geometry": {
       "type": "Point",
       "coordinates":  [ 121.5507013,25.03590703 ]
    },
    "properties": {
    "場館編號":20729,
    "場館名稱":"仁愛國小活動中心",
    "所在地址":"臺北市安和路1段60號",
    "場館連絡電話":"02-27095010#411",
    "場館官方網站":"http://www.japs.tp.edu.tw"
    }
  },
  {
    "type": "Feature",
    "geometry": {
       "type": "Point",
       "coordinates":  [ 121.5271086,25.06212075 ]
    },
    "properties": {
    "場館編號":20730,
    "場館名稱":"新興國中網球場",
    "所在地址":"臺北市中山區聚葉里林森北路511號",
    "場館連絡電話":"02-25714211",
    "場館官方網站":"http://www.hhjh.tp.edu.tw/xxjh2007/"
    }
  },
  {
    "type": "Feature",
    "geometry": {
       "type": "Point",
       "coordinates":  [ 121.5270817,25.06163968 ]
    },
    "properties": {
    "場館編號":20731,
    "場館名稱":"新興國中室外籃球場",
    "所在地址":"臺北市中山區聚葉里林森北路511號",
    "場館連絡電話":"02-25714211",
    "場館官方網站":"http://www.hhjh.tp.edu.tw/xxjh2007/"
    }
  },
  {
    "type": "Feature",
    "geometry": {
       "type": "Point",
       "coordinates":  [ 121.5264219,25.06171257 ]
    },
    "properties": {
    "場館編號":20732,
    "場館名稱":"新興國中操場",
    "所在地址":"臺北市中山區聚葉里林森北路511號",
    "場館連絡電話":"02-25714211",
    "場館官方網站":"http://www.hhjh.tp.edu.tw/xxjh2007/"
    }
  },
  {
    "type": "Feature",
    "geometry": {
       "type": "Point",
       "coordinates":  [ 121.5152907,25.03749108 ]
    },
    "properties": {
    "場館編號":20923,
    "場館名稱":"弘道國中活動中心",
    "所在地址":"臺北市中正區公園路21號",
    "場館連絡電話":"02-23715520#320",
    "場館官方網站":"http://www.htjh.tp.edu.tw"
    }
  },
  {
    "type": "Feature",
    "geometry": {
       "type": "Point",
       "coordinates":  [ 121.5783307,24.99095433 ]
    },
    "properties": {
    "場館編號":20925,
    "場館名稱":"大誠高中高爾夫簡易練習場",
    "所在地址":"臺北市文山區萬興里秀明路2段175號",
    "場館連絡電話":"02-22348989#34",
    "場館官方網站":"http://www.tcsh.tp.edu.tw"
    }
  },
  {
    "type": "Feature",
    "geometry": {
       "type": "Point",
       "coordinates":  [ 121.6158441,25.06876331 ]
    },
    "properties": {
    "場館編號":20953,
    "場館名稱":"東湖國小操場",
    "所在地址":"臺北市內湖區東湖里東湖路115號",
    "場館連絡電話":"02-26339984#832",
    "場館官方網站":"http://w3.dfps.tp.edu.tw"
    }
  },
  {
    "type": "Feature",
    "geometry": {
       "type": "Point",
       "coordinates":  [ 121.5456319,25.09520605 ]
    },
    "properties": {
    "場館編號":21986,
    "場館名稱":"東吳大學雙溪校區田徑場",
    "所在地址":"臺北市士林區臨溪路70號",
    "場館連絡電話":"02-28819471#5606",
    "場館官方網站":"http://www.scu.edu.tw/physical/"
    }
  },
  {
    "type": "Feature",
    "geometry": {
       "type": "Point",
       "coordinates":  [ 121.5295898,25.0686286 ]
    },
    "properties": {
    "場館編號":22015,
    "場館名稱":"新生公園游泳池",
    "所在地址":"臺北市中山區新生北路三段105號",
    "場館連絡電話":"02-25953997",
    "場館官方網站":"https://www.facebook.com/sunsportY/"
    }
  },
  {
    "type": "Feature",
    "geometry": {
       "type": "Point",
       "coordinates":  [ 121.5317453,25.06849499 ]
    },
    "properties": {
    "場館編號":22017,
    "場館名稱":"新生公園網球場",
    "所在地址":"臺北市中山區新生北路3段105號",
    "場館連絡電話":"02-25956489",
    "場館官方網站":""
    }
  },
  {
    "type": "Feature",
    "geometry": {
       "type": "Point",
       "coordinates":  [ 121.5172112,25.06071153 ]
    },
    "properties": {
    "場館編號":22021,
    "場館名稱":"臺北市雙蓮國小操場",
    "所在地址":"臺北市大同區民權里錦西街51號",
    "場館連絡電話":"02-25570309#1024",
    "場館官方網站":"http://www.sles.tp.edu.tw"
    }
  },
  {
    "type": "Feature",
    "geometry": {
       "type": "Point",
       "coordinates":  [ 121.5170342,25.06126065 ]
    },
    "properties": {
    "場館編號":22022,
    "場館名稱":"臺北市雙蓮國小籃球場",
    "所在地址":"臺北市大同區民權里錦西街51號",
    "場館連絡電話":"02-25570309#1024",
    "場館官方網站":"http://x-hack.sles.tp.edu.tw/"
    }
  },
  {
    "type": "Feature",
    "geometry": {
       "type": "Point",
       "coordinates":  [ 121.6105843,25.05722243 ]
    },
    "properties": {
    "場館編號":22030,
    "場館名稱":"南港國民小學活動中心",
    "所在地址":"臺北市南港區三重里惠民街67號",
    "場館連絡電話":"02-27834678",
    "場館官方網站":"http://www.nkps.tp.edu.tw"
    }
  },
  {
    "type": "Feature",
    "geometry": {
       "type": "Point",
       "coordinates":  [ 121.5108222,25.1228816 ]
    },
    "properties": {
    "場館編號":22065,
    "場館名稱":"游泳健身館",
    "所在地址":"臺北市北投區立農街二段155號",
    "場館連絡電話":"02-28206000",
    "場館官方網站":"http://pe.web.ym.edu.tw/front/bin/home.phtml"
    }
  },
  {
    "type": "Feature",
    "geometry": {
       "type": "Point",
       "coordinates":  [ 121.611583,25.071195 ]
    },
    "properties": {
    "場館編號":22123,
    "場館名稱":"操場",
    "所在地址":"臺北市內湖區東湖里康寧路3段105號",
    "場館連絡電話":"02-26323477",
    "場館官方網站":"http://www.mhups.tp.edu.tw"
    }
  },
  {
    "type": "Feature",
    "geometry": {
       "type": "Point",
       "coordinates":  [ 121.5079281,25.04683471 ]
    },
    "properties": {
    "場館編號":22126,
    "場館名稱":"福星國小活動中心",
    "所在地址":"臺北市萬華區福星里中華路一段66號",
    "場館連絡電話":"02-23144668#125",
    "場館官方網站":"http://www.fhps.tp.edu.tw"
    }
  },
  {
    "type": "Feature",
    "geometry": {
       "type": "Point",
       "coordinates":  [ 121.6105843,25.07674653 ]
    },
    "properties": {
    "場館編號":22162,
    "場館名稱":"戶外籃球場",
    "所在地址":"臺北市內湖區康寧路三段75巷137號",
    "場館連絡電話":"02-26321181#451",
    "場館官方網站":"http://www.ukn.edu.tw/ukn/index.html"
    }
  },
  {
    "type": "Feature",
    "geometry": {
       "type": "Point",
       "coordinates":  [ 121.557945,24.98295255 ]
    },
    "properties": {
    "場館編號":22176,
    "場館名稱":"實踐國小活動中心",
    "所在地址":"臺北市文山區樟文里忠順街1段4號",
    "場館連絡電話":"02-29360725#135",
    "場館官方網站":"http://www.zjps.tp.edu.tw"
    }
  },
  {
    "type": "Feature",
    "geometry": {
       "type": "Point",
       "coordinates":  [ 121.5702023,24.9904207 ]
    },
    "properties": {
    "場館編號":22184,
    "場館名稱":"木柵國小活動中心（3F）",
    "所在地址":"臺北市文山區木柵路三段191號",
    "場館連絡電話":"02-29391234#634",
    "場館官方網站":"http://www.mjes.tp.edu.tw/"
    }
  },
  {
    "type": "Feature",
    "geometry": {
       "type": "Point",
       "coordinates":  [ 121.5528417,25.11987026 ]
    },
    "properties": {
    "場館編號":22205,
    "場館名稱":"陽明山國小活動中心",
    "所在地址":"臺北市士林區新安里仰德大道3段61號",
    "場館連絡電話":"02-28616366",
    "場館官方網站":"http://www.ymps.tp.edu.tw"
    }
  },
  {
    "type": "Feature",
    "geometry": {
       "type": "Point",
       "coordinates":  [ 121.5126064,25.06205594 ]
    },
    "properties": {
    "場館編號":22209,
    "場館名稱":"太平國小操場",
    "所在地址":"臺北市大同區南芳里延平北路2段239號",
    "場館連絡電話":"02-25532229",
    "場館官方網站":"http://www.tpes.tp.edu.tw"
    }
  },
  {
    "type": "Feature",
    "geometry": {
       "type": "Point",
       "coordinates":  [ 121.4885759,25.10281593 ]
    },
    "properties": {
    "場館編號":22263,
    "場館名稱":"福安國中戶外運動場",
    "所在地址":"臺北市士林區福安里延平北路7段250號",
    "場館連絡電話":"02-28108766#141",
    "場館官方網站":"http://www.fajh.tp.edu.tw"
    }
  },
  {
    "type": "Feature",
    "geometry": {
       "type": "Point",
       "coordinates":  [ 121.4676279,25.11987881 ]
    },
    "properties": {
    "場館編號":22276,
    "場館名稱":"關渡國中多功能球場(籃球場)",
    "所在地址":"臺北市北投區關渡里知行路212號",
    "場館連絡電話":"02-28581770#31",
    "場館官方網站":""
    }
  },
  {
    "type": "Feature",
    "geometry": {
       "type": "Point",
       "coordinates":  [ 121.5213633,25.09938632 ]
    },
    "properties": {
    "場館編號":22281,
    "場館名稱":"臺北市士林區文昌國小活動中心",
    "所在地址":"臺北市士林區文林路615巷20號",
    "場館連絡電話":"02-28365411#123",
    "場館官方網站":"http://www.wces.tp.edu.tw"
    }
  },
  {
    "type": "Feature",
    "geometry": {
       "type": "Point",
       "coordinates":  [ 121.558021,25.04062838 ]
    },
    "properties": {
    "場館編號":22294,
    "場館名稱":"臺北市光復國小活動中心",
    "所在地址":"臺北市信義區光復南路271號",
    "場館連絡電話":"02-27585076#831",
    "場館官方網站":"http://www.kfps.tp.edu.tw"
    }
  },
  {
    "type": "Feature",
    "geometry": {
       "type": "Point",
       "coordinates":  [ 121.599952,25.08793092 ]
    },
    "properties": {
    "場館編號":22323,
    "場館名稱":"大湖國小籃球場及網球場",
    "所在地址":"臺北市內湖區大湖里大湖山莊街170號",
    "場館連絡電話":"02-27915870",
    "場館官方網站":"http://www.dhps.tp.edu.tw"
    }
  },
  {
    "type": "Feature",
    "geometry": {
       "type": "Point",
       "coordinates":  [ 121.6112781,25.07086404 ]
    },
    "properties": {
    "場館編號":22327,
    "場館名稱":"明湖國小活動中心",
    "所在地址":"臺北市內湖區東湖里康寧路3段105號",
    "場館連絡電話":"02-26323477#41",
    "場館官方網站":"http://www.mhups.tp.edu.tw"
    }
  },
  {
    "type": "Feature",
    "geometry": {
       "type": "Point",
       "coordinates":  [ 121.5429161,25.01241894 ]
    },
    "properties": {
    "場館編號":22375,
    "場館名稱":"公館國小田徑場",
    "所在地址":"臺北市大安區基隆路4段41巷68弄2號",
    "場館連絡電話":"02-27351734",
    "場館官方網站":"http://www.gges.tp.edu.tw"
    }
  },
  {
    "type": "Feature",
    "geometry": {
       "type": "Point",
       "coordinates":  [ 121.5478428,25.04991396 ]
    },
    "properties": {
    "場館編號":22376,
    "場館名稱":"敦化國小學生活動中心羽球場",
    "所在地址":"臺北市松山區中正里敦化北路2號",
    "場館連絡電話":"02-27414065#134",
    "場館官方網站":"http://www.thps.tp.edu.tw"
    }
  },
  {
    "type": "Feature",
    "geometry": {
       "type": "Point",
       "coordinates":  [ 121.5290505,25.05388387 ]
    },
    "properties": {
    "場館編號":22386,
    "場館名稱":"吉林國小田徑場",
    "所在地址":"臺北市中山區中原里長春路116號",
    "場館連絡電話":"02-25219196#823",
    "場館官方網站":"http://www.clps.tp.edu.tw"
    }
  },
  {
    "type": "Feature",
    "geometry": {
       "type": "Point",
       "coordinates":  [ 121.5164709,25.06022802 ]
    },
    "properties": {
    "場館編號":22390,
    "場館名稱":"禮堂",
    "所在地址":"臺北市大同區民權里錦西街51號",
    "場館連絡電話":"02-25570309#1024",
    "場館官方網站":"http://x-hack.sles.tp.edu.tw/"
    }
  },
  {
    "type": "Feature",
    "geometry": {
       "type": "Point",
       "coordinates":  [ 121.541111,25.04500735 ]
    },
    "properties": {
    "場館編號":22396,
    "場館名稱":"懷生國小操場",
    "所在地址":"臺北市中山區埤頭里安東街16巷2號",
    "場館連絡電話":"02-27710846",
    "場館官方網站":"http://www.wses.tp.edu.tw"
    }
  },
  {
    "type": "Feature",
    "geometry": {
       "type": "Point",
       "coordinates":  [ 121.5026126,25.0380889 ]
    },
    "properties": {
    "場館編號":22399,
    "場館名稱":"老松國小活動中心",
    "所在地址":"臺北市萬華區福音里桂林路64號",
    "場館連絡電話":"02-23361266#122",
    "場館官方網站":"http://www.tlsps.tp.edu.tw"
    }
  },
  {
    "type": "Feature",
    "geometry": {
       "type": "Point",
       "coordinates":  [ 121.5263629,25.06358341 ]
    },
    "properties": {
    "場館編號":22400,
    "場館名稱":"田徑場",
    "所在地址":"臺北市中山區恆安里民權東路1段69號",
    "場館連絡電話":"02-25914085#8024",
    "場館官方網站":"http://www.csps.tp.edu.tw"
    }
  },
  {
    "type": "Feature",
    "geometry": {
       "type": "Point",
       "coordinates":  [ 121.5231174,25.10828562 ]
    },
    "properties": {
    "場館編號":22457,
    "場館名稱":"環形或直線慢跑場（非田徑場）",
    "所在地址":"臺北市士林區蘭興里磺溪街57號",
    "場館連絡電話":"02-28366052",
    "場館官方網站":"http://www.lyps.tp.edu.tw"
    }
  },
  {
    "type": "Feature",
    "geometry": {
       "type": "Point",
       "coordinates":  [ 121.4993595,25.02860462 ]
    },
    "properties": {
    "場館編號":22490,
    "場館名稱":"萬華國中田徑場與戶外籃球場",
    "所在地址":"臺北市萬華區日善里西藏路201號",
    "場館連絡電話":"02-23394567#133",
    "場館官方網站":"http://www.whjhs.tp.edu.tw"
    }
  },
  {
    "type": "Feature",
    "geometry": {
       "type": "Point",
       "coordinates":  [ 121.5108007,25.0612898 ]
    },
    "properties": {
    "場館編號":22524,
    "場館名稱":"籃球場館",
    "所在地址":"臺北市大同區南芳里延平北路2段266號",
    "場館連絡電話":"02-25534882",
    "場館官方網站":"http://www.ylps.tp.edu.tw"
    }
  },
  {
    "type": "Feature",
    "geometry": {
       "type": "Point",
       "coordinates":  [ 121.5639246,25.10606086 ]
    },
    "properties": {
    "場館編號":22567,
    "場館名稱":"台北市雙溪國小網球場",
    "所在地址":"臺北市士林區翠山里中社路2段66號",
    "場館連絡電話":"02-28411038#14",
    "場館官方網站":"http://www.sses.tp.edu.tw"
    }
  },
  {
    "type": "Feature",
    "geometry": {
       "type": "Point",
       "coordinates":  [ 121.5189546,25.08599957 ]
    },
    "properties": {
    "場館編號":22570,
    "場館名稱":"百齡國小操場",
    "所在地址":"臺北市士林區福中里福港街205號",
    "場館連絡電話":"02-28817683#851",
    "場館官方網站":""
    }
  },
  {
    "type": "Feature",
    "geometry": {
       "type": "Point",
       "coordinates":  [ 121.5501916,25.01983709 ]
    },
    "properties": {
    "場館編號":22601,
    "場館名稱":"大安國小田徑場",
    "所在地址":"臺北市大安區芳和里臥龍街129號",
    "場館連絡電話":"02-27322332",
    "場館官方網站":""
    }
  },
  {
    "type": "Feature",
    "geometry": {
       "type": "Point",
       "coordinates":  [ 121.5490758,25.02000723 ]
    },
    "properties": {
    "場館編號":22603,
    "場館名稱":"大安國小網球場",
    "所在地址":"臺北市大安區芳和里臥龍街129號",
    "場館連絡電話":"02-27322332",
    "場館官方網站":"http://www.taes.tp.edu.tw/"
    }
  },
  {
    "type": "Feature",
    "geometry": {
       "type": "Point",
       "coordinates":  [ 121.5039825,25.15489921 ]
    },
    "properties": {
    "場館編號":22614,
    "場館名稱":"大屯國小籃球場",
    "所在地址":"臺北市北投區大屯里復興三路312號",
    "場館連絡電話":"02-28914353#14",
    "場館官方網站":"http://www.dtps.tp.edu.tw"
    }
  },
  {
    "type": "Feature",
    "geometry": {
       "type": "Point",
       "coordinates":  [ 121.5627614,24.98733385 ]
    },
    "properties": {
    "場館編號":22615,
    "場館名稱":"羽球場館",
    "所在地址":"臺北市文山區明興里木柵路2段138巷61號",
    "場館連絡電話":"02-29392821#14",
    "場館官方網站":"http://www.mdps.tp.edu.tw"
    }
  },
  {
    "type": "Feature",
    "geometry": {
       "type": "Point",
       "coordinates":  [ 121.5241688,25.14941704 ]
    },
    "properties": {
    "場館編號":22628,
    "場館名稱":"泉源國小操場",
    "所在地址":"臺北市北投區泉源里東昇路34號",
    "場館連絡電話":"02-28951258",
    "場館官方網站":"http://www.cyps.tp.edu.tw"
    }
  },
  {
    "type": "Feature",
    "geometry": {
       "type": "Point",
       "coordinates":  [ 121.4676547,25.11987531 ]
    },
    "properties": {
    "場館編號":22639,
    "場館名稱":"關渡關渡羽球場",
    "所在地址":"臺北市北投區關渡里知行路212號",
    "場館連絡電話":"922260726",
    "場館官方網站":"http://www.ktjhs.tp.edu.tw"
    }
  },
  {
    "type": "Feature",
    "geometry": {
       "type": "Point",
       "coordinates":  [ 121.5043795,25.11928255 ]
    },
    "properties": {
    "場館編號":22646,
    "場館名稱":"立農國小田徑場",
    "所在地址":"臺北市北投區立農里立農街1段250號",
    "場館連絡電話":"02-28210702#204",
    "場館官方網站":"http://www.lnes.tp.edu.tw"
    }
  },
  {
    "type": "Feature",
    "geometry": {
       "type": "Point",
       "coordinates":  [ 121.5329196,25.03110809 ]
    },
    "properties": {
    "場館編號":22683,
    "場館名稱":"金華操場",
    "所在地址":"臺北市大安區福住里新生南路2段32號",
    "場館連絡電話":"02-33931799",
    "場館官方網站":"http://www.chwjh.tp.edu.tw"
    }
  },
  {
    "type": "Feature",
    "geometry": {
       "type": "Point",
       "coordinates":  [ 121.5004608,25.13383472 ]
    },
    "properties": {
    "場館編號":22692,
    "場館名稱":"北投國小游泳池",
    "所在地址":"臺北市北投區長安里中央北路1段73號",
    "場館連絡電話":"02-28912052",
    "場館官方網站":"http://www.ptes.tp.edu.tw"
    }
  },
  {
    "type": "Feature",
    "geometry": {
       "type": "Point",
       "coordinates":  [ 121.5009785,25.13359554 ]
    },
    "properties": {
    "場館編號":22693,
    "場館名稱":"北投國小活動中心",
    "所在地址":"臺北市北投區長安里中央北路1段73號",
    "場館連絡電話":"02-28912052",
    "場館官方網站":"http://www.ptes.tp.edu.tw"
    }
  },
  {
    "type": "Feature",
    "geometry": {
       "type": "Point",
       "coordinates":  [ 121.4997232,25.13409333 ]
    },
    "properties": {
    "場館編號":22694,
    "場館名稱":"北投國小操場",
    "所在地址":"臺北市北投區長安里中央北路1段73號",
    "場館連絡電話":"02-28912052",
    "場館官方網站":"http://www.ptes.tp.edu.tw"
    }
  },
  {
    "type": "Feature",
    "geometry": {
       "type": "Point",
       "coordinates":  [ 121.5332294,25.0122731 ]
    },
    "properties": {
    "場館編號":22720,
    "場館名稱":"自來水園區親水體驗教育區",
    "所在地址":"臺北市中正區思源街1號",
    "場館連絡電話":"02-83695003",
    "場館官方網站":"https://waterpark.water.gov.taipei/"
    }
  },
  {
    "type": "Feature",
    "geometry": {
       "type": "Point",
       "coordinates":  [ 121.5378481,25.11695113 ]
    },
    "properties": {
    "場館編號":22726,
    "場館名稱":"天母國中田徑場",
    "所在地址":"臺北市士林區天和里天母東路120號",
    "場館連絡電話":"02-28754864",
    "場館官方網站":"http://www.tmjh.tp.edu.tw"
    }
  },
  {
    "type": "Feature",
    "geometry": {
       "type": "Point",
       "coordinates":  [ 121.5363246,25.10076109 ]
    },
    "properties": {
    "場館編號":22733,
    "場館名稱":"雙溪河濱公園",
    "所在地址":"臺北市士林區",
    "場館連絡電話":"02-28834360",
    "場館官方網站":""
    }
  },
  {
    "type": "Feature",
    "geometry": {
       "type": "Point",
       "coordinates":  [ 121.5449882,25.08237286 ]
    },
    "properties": {
    "場館編號":22738,
    "場館名稱":"培英公園",
    "所在地址":"臺北市中山區北安路501巷實踐大學前",
    "場館連絡電話":"02-25850192",
    "場館官方網站":"http://pkl.taipei.gov.tw"
    }
  },
  {
    "type": "Feature",
    "geometry": {
       "type": "Point",
       "coordinates":  [ 121.5560549,25.08572522 ]
    },
    "properties": {
    "場館編號":22750,
    "場館名稱":"敬業公園",
    "所在地址":"臺北市中山區北安路821巷4弄",
    "場館連絡電話":"02-23032451",
    "場館官方網站":"http://pkl.taipei.gov.tw"
    }
  },
  {
    "type": "Feature",
    "geometry": {
       "type": "Point",
       "coordinates":  [ 121.5701902,25.03133192 ]
    },
    "properties": {
    "場館編號":22752,
    "場館名稱":"中強(象山)公園",
    "所在地址":"臺北市信義區信義路五段150巷",
    "場館連絡電話":"02-25702330",
    "場館官方網站":"https://sports.tms.gov.tw/"
    }
  },
  {
    "type": "Feature",
    "geometry": {
       "type": "Point",
       "coordinates":  [ 121.5533674,25.07667851 ]
    },
    "properties": {
    "場館編號":22753,
    "場館名稱":"美堤河濱公園",
    "所在地址":"臺北市中山區大直橋至中山高速公路(金泰段右岸)（基隆河右岸）",
    "場館連絡電話":"02-25702330#6411",
    "場館官方網站":"https://vbs.sports.taipei/"
    }
  },
  {
    "type": "Feature",
    "geometry": {
       "type": "Point",
       "coordinates":  [ 121.534777,25.05012583 ]
    },
    "properties": {
    "場館編號":22781,
    "場館名稱":"伊通公園",
    "所在地址":"臺北市中山區松江路85巷",
    "場館連絡電話":"02-25850192",
    "場館官方網站":"http://pkl.taipei.gov.tw"
    }
  },
  {
    "type": "Feature",
    "geometry": {
       "type": "Point",
       "coordinates":  [ 121.5417856,25.04933221 ]
    },
    "properties": {
    "場館編號":22784,
    "場館名稱":"朱崙公園",
    "所在地址":"臺北市中山區龍江路45巷",
    "場館連絡電話":"02-25850192",
    "場館官方網站":"http://pkl.taipei.gov.tw"
    }
  },
  {
    "type": "Feature",
    "geometry": {
       "type": "Point",
       "coordinates":  [ 121.4632237,25.11734942 ]
    },
    "properties": {
    "場館編號":22787,
    "場館名稱":"關渡水岸河濱公園籃球場",
    "所在地址":"臺北市北投區",
    "場館連絡電話":"02-28850533",
    "場館官方網站":"http://heo.gov.taipei/"
    }
  },
  {
    "type": "Feature",
    "geometry": {
       "type": "Point",
       "coordinates":  [ 121.5222325,25.03135757 ]
    },
    "properties": {
    "場館編號":22808,
    "場館名稱":"中正國中游泳池",
    "所在地址":"臺北市中正區新營里愛國東路158號",
    "場館連絡電話":"02-23587349",
    "場館官方網站":"http://www.ccjhs.tp.edu.tw"
    }
  },
  {
    "type": "Feature",
    "geometry": {
       "type": "Point",
       "coordinates":  [ 121.549851,25.05110411 ]
    },
    "properties": {
    "場館編號":22859,
    "場館名稱":"臺北小巨蛋多功能體育場館",
    "所在地址":"台北市松山區南京東路四段2號",
    "場館連絡電話":"02-25783536",
    "場館官方網站":"https://www.arena.taipei/Default.aspx"
    }
  },
  {
    "type": "Feature",
    "geometry": {
       "type": "Point",
       "coordinates":  [ 121.5284336,25.06935126 ]
    },
    "properties": {
    "場館編號":22876,
    "場館名稱":"花博公園新生園區籃球場、羽球場",
    "所在地址":"臺北市中山區新生北路三段105號",
    "場館連絡電話":"02-25702330",
    "場館官方網站":""
    }
  },
  {
    "type": "Feature",
    "geometry": {
       "type": "Point",
       "coordinates":  [ 121.563026,25.05633092 ]
    },
    "properties": {
    "場館編號":23034,
    "場館名稱":"健康國小操場",
    "所在地址":"臺北市松山區延壽街168號",
    "場館連絡電話":"02-25282814#132",
    "場館官方網站":"http://www.jkes.nss.tp.edu.tw/nss/p/index"
    }
  },
  {
    "type": "Feature",
    "geometry": {
       "type": "Point",
       "coordinates":  [ 121.5305418,25.12570345 ]
    },
    "properties": {
    "場館編號":23053,
    "場館名稱":"天母公園",
    "所在地址":"臺北市士林區中山北路7段319巷",
    "場館連絡電話":"02-25702330#6535",
    "場館官方網站":"https://sports.tms.gov.tw/"
    }
  },
  {
    "type": "Feature",
    "geometry": {
       "type": "Point",
       "coordinates":  [ 121.5299731,25.10962338 ]
    },
    "properties": {
    "場館編號":23054,
    "場館名稱":"台北市士林區蘭雅公園滑輪場",
    "所在地址":"臺北市士林區忠誠路2段24號",
    "場館連絡電話":"02-28832130#211",
    "場館官方網站":"https://pkl.taipei.gov.tw"
    }
  },
  {
    "type": "Feature",
    "geometry": {
       "type": "Point",
       "coordinates":  [ 121.5230799,25.11028399 ]
    },
    "properties": {
    "場館編號":23055,
    "場館名稱":"蘭興公園網球場.網球場.練習壁",
    "所在地址":"臺北市士林區克強路10巷21弄附近",
    "場館連絡電話":"02-25702330#6535",
    "場館官方網站":"https://pkl.taipei.gov.tw"
    }
  },
  {
    "type": "Feature",
    "geometry": {
       "type": "Point",
       "coordinates":  [ 121.5078235,25.08233691 ]
    },
    "properties": {
    "場館編號":23056,
    "場館名稱":"台北市士林區海光公園籃球場.半場籃球場",
    "所在地址":"臺北市士林區葫蘆街80號對面",
    "場館連絡電話":"02-28832130#211",
    "場館官方網站":"https://pkl.taipei.gov.tw"
    }
  },
  {
    "type": "Feature",
    "geometry": {
       "type": "Point",
       "coordinates":  [ 121.5061927,25.09094013 ]
    },
    "properties": {
    "場館編號":23057,
    "場館名稱":"社子公園",
    "所在地址":"臺北市士林區永平街20巷附近",
    "場館連絡電話":"02-28832130#211",
    "場館官方網站":"https://pkl.taipei.gov.tw"
    }
  },
  {
    "type": "Feature",
    "geometry": {
       "type": "Point",
       "coordinates":  [ 121.5177155,25.09741789 ]
    },
    "properties": {
    "場館編號":23059,
    "場館名稱":"美崙公園",
    "所在地址":"臺北市士林區美崙街152巷",
    "場館連絡電話":"02-25702330",
    "場館官方網站":"https://pkl.taipei.gov.tw"
    }
  },
  {
    "type": "Feature",
    "geometry": {
       "type": "Point",
       "coordinates":  [ 121.5055677,25.1365099 ]
    },
    "properties": {
    "場館編號":23060,
    "場館名稱":"北投一號公園",
    "所在地址":"台北市北投區中山路",
    "場館連絡電話":"02-28832130#210",
    "場館官方網站":"https://pkl.gov.tw"
    }
  },
  {
    "type": "Feature",
    "geometry": {
       "type": "Point",
       "coordinates":  [ 121.5104574,25.11626335 ]
    },
    "properties": {
    "場館編號":23062,
    "場館名稱":"台北市北投區石牌公園",
    "所在地址":"台北市北投區石牌路1段39巷",
    "場館連絡電話":"02-28832130#211",
    "場館官方網站":"http://pkl.taipei.gov.tw"
    }
  },
  {
    "type": "Feature",
    "geometry": {
       "type": "Point",
       "coordinates":  [ 121.5242976,25.12585401 ]
    },
    "properties": {
    "場館編號":23063,
    "場館名稱":"行義公園",
    "所在地址":"臺北市北投區石牌路二段343巷",
    "場館連絡電話":"02-25702330#6508",
    "場館官方網站":"https://sports.gov.taipei/"
    }
  },
  {
    "type": "Feature",
    "geometry": {
       "type": "Point",
       "coordinates":  [ 121.5220714,25.11052492 ]
    },
    "properties": {
    "場館編號":23064,
    "場館名稱":"榮華公園",
    "所在地址":"臺北市北投區明德路150巷",
    "場館連絡電話":"02-25702330#6530",
    "場館官方網站":"https://pkl.gov.tw"
    }
  },
  {
    "type": "Feature",
    "geometry": {
       "type": "Point",
       "coordinates":  [ 121.5034729,25.11824508 ]
    },
    "properties": {
    "場館編號":23066,
    "場館名稱":"立農公園",
    "所在地址":"台北市北投區承德路7段378號",
    "場館連絡電話":"02-25702330",
    "場館官方網站":"https://sports.gov.taipei/"
    }
  },
  {
    "type": "Feature",
    "geometry": {
       "type": "Point",
       "coordinates":  [ 121.5092504,25.14166777 ]
    },
    "properties": {
    "場館編號":23068,
    "場館名稱":"泉源48公園",
    "所在地址":"台北市北投區泉源路80號",
    "場館連絡電話":"02-25702330",
    "場館官方網站":"https://sports.gov.taipei/"
    }
  },
  {
    "type": "Feature",
    "geometry": {
       "type": "Point",
       "coordinates":  [ 121.5039262,25.13140815 ]
    },
    "properties": {
    "場館編號":23069,
    "場館名稱":"大豐公園",
    "所在地址":"台北市北投區公館路13號",
    "場館連絡電話":"02-25702330",
    "場館官方網站":"https://sports.gov.taipei/"
    }
  },
  {
    "type": "Feature",
    "geometry": {
       "type": "Point",
       "coordinates":  [ 121.5295494,25.12594726 ]
    },
    "properties": {
    "場館編號":23070,
    "場館名稱":"台北市北投區172綠地(天溪綠地)",
    "所在地址":"台北市北投區行義路58巷33號",
    "場館連絡電話":"02-25702330",
    "場館官方網站":"https://sports.gov.taipei/"
    }
  },
  {
    "type": "Feature",
    "geometry": {
       "type": "Point",
       "coordinates":  [ 121.4636877,25.123581 ]
    },
    "properties": {
    "場館編號":23071,
    "場館名稱":"台北市北投區觀海公園",
    "所在地址":"台北市北投區中央北路四段601巷",
    "場館連絡電話":"02-25702330",
    "場館官方網站":"https://sports.gov.taipei/"
    }
  },
  {
    "type": "Feature",
    "geometry": {
       "type": "Point",
       "coordinates":  [ 121.4999431,25.12804053 ]
    },
    "properties": {
    "場館編號":23072,
    "場館名稱":"中央簡易公園",
    "所在地址":"台北市北投區中央南路2段6巷",
    "場館連絡電話":"02-28832130#210",
    "場館官方網站":"https://pkl.gov.tw"
    }
  },
  {
    "type": "Feature",
    "geometry": {
       "type": "Point",
       "coordinates":  [ 121.534152,25.12027534 ]
    },
    "properties": {
    "場館編號":23077,
    "場館名稱":"天和公園溜冰場",
    "所在地址":"臺北市士林區天母東路69巷",
    "場館連絡電話":"02-28832130#211",
    "場館官方網站":""
    }
  },
  {
    "type": "Feature",
    "geometry": {
       "type": "Point",
       "coordinates":  [ 121.5335619,25.12293697 ]
    },
    "properties": {
    "場館編號":23078,
    "場館名稱":"東和公園",
    "所在地址":"台北市士林區中山北路7段114巷",
    "場館連絡電話":"02-25702330",
    "場館官方網站":"https://sports.tms.gov.tw"
    }
  },
  {
    "type": "Feature",
    "geometry": {
       "type": "Point",
       "coordinates":  [ 121.4890587,25.02655485 ]
    },
    "properties": {
    "場館編號":23082,
    "場館名稱":"華中河濱公園羽球場",
    "所在地址":"臺北市萬華區雙園河濱公園",
    "場館連絡電話":"02-23086457",
    "場館官方網站":""
    }
  },
  {
    "type": "Feature",
    "geometry": {
       "type": "Point",
       "coordinates":  [ 121.5917993,25.04514551 ]
    },
    "properties": {
    "場館編號":23084,
    "場館名稱":"南港公園",
    "所在地址":"臺北市南港區東新街170號",
    "場館連絡電話":"02-25702330",
    "場館官方網站":"https://sports.tms.gov.tw/"
    }
  },
  {
    "type": "Feature",
    "geometry": {
       "type": "Point",
       "coordinates":  [ 121.5850711,25.04249128 ]
    },
    "properties": {
    "場館編號":23085,
    "場館名稱":"玉成公園",
    "所在地址":"臺北市南港區中坡南路55號",
    "場館連絡電話":"02-25702330",
    "場館官方網站":"https://sports.tms.gov.tw/"
    }
  },
  {
    "type": "Feature",
    "geometry": {
       "type": "Point",
       "coordinates":  [ 121.4916929,25.01800593 ]
    },
    "properties": {
    "場館編號":23101,
    "場館名稱":"華中河濱公園溜冰場(華中橋下游約300M)",
    "所在地址":"臺北市萬華區華中河濱公園",
    "場館連絡電話":"02-23086457",
    "場館官方網站":"http://heo.gov.taipei/"
    }
  },
  {
    "type": "Feature",
    "geometry": {
       "type": "Point",
       "coordinates":  [ 121.4940022,25.01444209 ]
    },
    "properties": {
    "場館編號":23104,
    "場館名稱":"華中河濱公園溜冰場(華中橋下游約100M)",
    "所在地址":"臺北市萬華區華中河濱公園",
    "場館連絡電話":"02-23086457",
    "場館官方網站":"http://heo.gov.taipei/"
    }
  },
  {
    "type": "Feature",
    "geometry": {
       "type": "Point",
       "coordinates":  [ 121.5075123,25.0500401 ]
    },
    "properties": {
    "場館編號":23123,
    "場館名稱":"玉泉公園游泳池",
    "所在地址":"臺北市大同區西寧北路28號",
    "場館連絡電話":"02-25509828",
    "場館官方網站":"https://www.facebook.com/winpoweryuquan/"
    }
  },
  {
    "type": "Feature",
    "geometry": {
       "type": "Point",
       "coordinates":  [ 121.6134489,25.04683616 ]
    },
    "properties": {
    "場館編號":23134,
    "場館名稱":"中研公園",
    "所在地址":"臺北市南港區研究路2段12巷58弄",
    "場館連絡電話":"02-25702330",
    "場館官方網站":"https://sports.tms.gov.tw/"
    }
  },
  {
    "type": "Feature",
    "geometry": {
       "type": "Point",
       "coordinates":  [ 121.6130465,25.04689546 ]
    },
    "properties": {
    "場館編號":23135,
    "場館名稱":"胡適公園",
    "所在地址":"臺北市南港區研究院路二段",
    "場館連絡電話":"02-25702330",
    "場館官方網站":"https://sports.tms.gov.tw/"
    }
  },
  {
    "type": "Feature",
    "geometry": {
       "type": "Point",
       "coordinates":  [ 121.5437597,24.99559761 ]
    },
    "properties": {
    "場館編號":23136,
    "場館名稱":"景華公園",
    "所在地址":"臺北市文山區景興路與景華街交叉口",
    "場館連絡電話":"02-22300340",
    "場館官方網站":""
    }
  },
  {
    "type": "Feature",
    "geometry": {
       "type": "Point",
       "coordinates":  [ 121.5378642,24.99348166 ]
    },
    "properties": {
    "場館編號":23137,
    "場館名稱":"萬慶公園",
    "所在地址":"臺北市文山區育英街45巷旁",
    "場館連絡電話":"02-27853819",
    "場館官方網站":""
    }
  },
  {
    "type": "Feature",
    "geometry": {
       "type": "Point",
       "coordinates":  [ 121.5441942,25.00231086 ]
    },
    "properties": {
    "場館編號":23138,
    "場館名稱":"景美運動公園",
    "所在地址":"臺北市文山區景豐街80號",
    "場館連絡電話":"02-25702330",
    "場館官方網站":"https://sports.tms.gov.tw/"
    }
  },
  {
    "type": "Feature",
    "geometry": {
       "type": "Point",
       "coordinates":  [ 121.5589571,24.98703438 ]
    },
    "properties": {
    "場館編號":23139,
    "場館名稱":"木柵公園",
    "所在地址":"臺北市文山區興隆路4段49號",
    "場館連絡電話":"02-22300340",
    "場館官方網站":""
    }
  },
  {
    "type": "Feature",
    "geometry": {
       "type": "Point",
       "coordinates":  [ 121.5695357,25.00158452 ]
    },
    "properties": {
    "場館編號":23141,
    "場館名稱":"萬芳4號公園",
    "所在地址":"臺北市文山區萬和街",
    "場館連絡電話":"02-25702330",
    "場館官方網站":"https://sports.tms.gov.tw/"
    }
  },
  {
    "type": "Feature",
    "geometry": {
       "type": "Point",
       "coordinates":  [ 121.5698791,25.00294677 ]
    },
    "properties": {
    "場館編號":23142,
    "場館名稱":"萬芳7號公園",
    "所在地址":"臺北市文山區萬芳社區萬美街2段與萬寧街之間",
    "場館連絡電話":"02-22300340",
    "場館官方網站":""
    }
  },
  {
    "type": "Feature",
    "geometry": {
       "type": "Point",
       "coordinates":  [ 121.6034603,25.05458269 ]
    },
    "properties": {
    "場館編號":23159,
    "場館名稱":"東明公園",
    "所在地址":"台北市南港區南港路2段86巷9弄",
    "場館連絡電話":"02-27834988",
    "場館官方網站":""
    }
  },
  {
    "type": "Feature",
    "geometry": {
       "type": "Point",
       "coordinates":  [ 121.6163886,25.04711756 ]
    },
    "properties": {
    "場館編號":23160,
    "場館名稱":"六福公園",
    "所在地址":"台北市南港區研究院路二段35巷23弄",
    "場館連絡電話":"02-27834988",
    "場館官方網站":""
    }
  },
  {
    "type": "Feature",
    "geometry": {
       "type": "Point",
       "coordinates":  [ 121.5365285,25.00302845 ]
    },
    "properties": {
    "場館編號":23161,
    "場館名稱":"萬和三號公園",
    "所在地址":"臺北市文山區萬隆街72至80號對面",
    "場館連絡電話":"02-25702330",
    "場館官方網站":"https://sports.gov.taipei/"
    }
  },
  {
    "type": "Feature",
    "geometry": {
       "type": "Point",
       "coordinates":  [ 121.5416354,25.00072982 ]
    },
    "properties": {
    "場館編號":23162,
    "場館名稱":"萬有二號公園",
    "所在地址":"臺北市文山區景明街11巷6弄8號前",
    "場館連絡電話":"02-25702330",
    "場館官方網站":"https://sports.gov.taipei/"
    }
  },
  {
    "type": "Feature",
    "geometry": {
       "type": "Point",
       "coordinates":  [ 121.5449238,25.00011286 ]
    },
    "properties": {
    "場館編號":23163,
    "場館名稱":"景豐公園",
    "所在地址":"臺北市文山區興隆路1段251巷3弄",
    "場館連絡電話":"02-25702330",
    "場館官方網站":"https://sports.gov.taipei/"
    }
  },
  {
    "type": "Feature",
    "geometry": {
       "type": "Point",
       "coordinates":  [ 121.5928794,25.06043843 ]
    },
    "properties": {
    "場館編號":23183,
    "場館名稱":"南湖右岸河濱公園",
    "所在地址":"台北市內湖區安康路32巷",
    "場館連絡電話":"02-25702330#6411",
    "場館官方網站":"https://sports.tms.gov.tw/"
    }
  },
  {
    "type": "Feature",
    "geometry": {
       "type": "Point",
       "coordinates":  [ 121.5714965,25.06330646 ]
    },
    "properties": {
    "場館編號":23184,
    "場館名稱":"彩虹河濱公園",
    "所在地址":"臺北市內湖區基隆河中山高速公路至麥帥一橋間(舊宗段右岸)（基隆河右岸）",
    "場館連絡電話":"02-25702330#6411",
    "場館官方網站":"https://vbs.sports.taipei/"
    }
  },
  {
    "type": "Feature",
    "geometry": {
       "type": "Point",
       "coordinates":  [ 121.5885043,25.05744597 ]
    },
    "properties": {
    "場館編號":23186,
    "場館名稱":"成美右岸河濱公園",
    "所在地址":"臺北市內湖區基隆河成美橋至成功橋間（基隆河右岸）",
    "場館連絡電話":"02-25702330#6411",
    "場館官方網站":"https://vbs.sports.taipei/"
    }
  },
  {
    "type": "Feature",
    "geometry": {
       "type": "Point",
       "coordinates":  [ 121.5343398,25.00491186 ]
    },
    "properties": {
    "場館編號":23207,
    "場館名稱":"溪洲河濱公園溜冰場",
    "所在地址":"臺北市文山區",
    "場館連絡電話":"02-23086457",
    "場館官方網站":"https://sports.gov.taipei/"
    }
  },
  {
    "type": "Feature",
    "geometry": {
       "type": "Point",
       "coordinates":  [ 121.5245014,25.03475663 ]
    },
    "properties": {
    "場館編號":23241,
    "場館名稱":"金甌女中籃球場",
    "所在地址":"臺北市大安區光明里杭州南路2段1號",
    "場館連絡電話":"02-23214765#206",
    "場館官方網站":"http://www.cogsh.tp.edu.tw"
    }
  },
  {
    "type": "Feature",
    "geometry": {
       "type": "Point",
       "coordinates":  [ 121.5388513,24.99418277 ]
    },
    "properties": {
    "場館編號":23328,
    "場館名稱":"溪口國小游泳池",
    "所在地址":"臺北市文山區景慶里景福街225號",
    "場館連絡電話":"02-29350955#714",
    "場館官方網站":"http://web.skps.tp.edu.tw/enableweb/"
    }
  },
  {
    "type": "Feature",
    "geometry": {
       "type": "Point",
       "coordinates":  [ 121.5476543,24.98934411 ]
    },
    "properties": {
    "場館編號":23330,
    "場館名稱":"棒、壘球打擊練習場",
    "所在地址":"臺北市文山區木柵路一段17巷1號",
    "場館連絡電話":"02-22368225#3065",
    "場館官方網站":"http://www.shu.edu.tw"
    }
  },
  {
    "type": "Feature",
    "geometry": {
       "type": "Point",
       "coordinates":  [ 121.5835235,25.04198923 ]
    },
    "properties": {
    "場館編號":23347,
    "場館名稱":"臺北市協和祐德高中籃球場、排球場",
    "所在地址":"臺北市信義區忠孝東路五段790巷27號",
    "場館連絡電話":"02-27265775#124",
    "場館官方網站":"http://www.hhvs.tp.edu.tw/bin/home.php"
    }
  },
  {
    "type": "Feature",
    "geometry": {
       "type": "Point",
       "coordinates":  [ 121.4981997,25.02339693 ]
    },
    "properties": {
    "場館編號":23361,
    "場館名稱":"東園國小棒球打擊場",
    "所在地址":"臺北市萬華區全德里東園街195號",
    "場館連絡電話":"02-23034803",
    "場館官方網站":"http://www.tyes.tp.edu.tw"
    }
  },
  {
    "type": "Feature",
    "geometry": {
       "type": "Point",
       "coordinates":  [ 121.4917302,25.02956039 ]
    },
    "properties": {
    "場館編號":23362,
    "場館名稱":"大理高中棒壘球打擊練習場",
    "所在地址":"臺北市萬華區綠堤里長順街2號",
    "場館連絡電話":"02-23026959#136",
    "場館官方網站":"http://www.tlsh.tp.edu.tw"
    }
  },
  {
    "type": "Feature",
    "geometry": {
       "type": "Point",
       "coordinates":  [ 121.5136921,25.02988281 ]
    },
    "properties": {
    "場館編號":23365,
    "場館名稱":"臺北市立建國高級中學棒球場",
    "所在地址":"臺北市中正區龍光里南海路56號",
    "場館連絡電話":"02-23034381#303",
    "場館官方網站":"https://www2.ck.tp.edu.tw/"
    }
  },
  {
    "type": "Feature",
    "geometry": {
       "type": "Point",
       "coordinates":  [ 121.51631,25.09310493 ]
    },
    "properties": {
    "場館編號":23368,
    "場館名稱":"陽明高中棒球場",
    "所在地址":"臺北市士林區後港里中正路510號",
    "場館連絡電話":"02-28316675#195",
    "場館官方網站":"http://www.ymsh.tp.edu.tw"
    }
  },
  {
    "type": "Feature",
    "geometry": {
       "type": "Point",
       "coordinates":  [ 121.5076894,25.05099719 ]
    },
    "properties": {
    "場館編號":23380,
    "場館名稱":"忠孝國中綜合球場",
    "所在地址":"臺北市大同區玉泉里西寧北路32號",
    "場館連絡電話":"02-25524890",
    "場館官方網站":""
    }
  },
  {
    "type": "Feature",
    "geometry": {
       "type": "Point",
       "coordinates":  [ 121.5077645,25.05150747 ]
    },
    "properties": {
    "場館編號":23381,
    "場館名稱":"忠孝國中田徑場",
    "所在地址":"臺北市大同區玉泉里西寧北路32號",
    "場館連絡電話":"02-25524890#78",
    "場館官方網站":""
    }
  },
  {
    "type": "Feature",
    "geometry": {
       "type": "Point",
       "coordinates":  [ 121.5044224,25.11952055 ]
    },
    "properties": {
    "場館編號":23394,
    "場館名稱":"操場兼簡易棒球練習場",
    "所在地址":"臺北市北投區立農里立農街1段250號",
    "場館連絡電話":"02-28210702#204",
    "場館官方網站":"http://www.lnes.tp.edu.tw"
    }
  },
  {
    "type": "Feature",
    "geometry": {
       "type": "Point",
       "coordinates":  [ 121.6108418,25.07400029 ]
    },
    "properties": {
    "場館編號":23432,
    "場館名稱":"東湖2號公園",
    "所在地址":"臺北市內湖區康寧路三段99巷39弄27號前",
    "場館連絡電話":"02-25702330",
    "場館官方網站":"https://sports.tms.gov.tw/"
    }
  },
  {
    "type": "Feature",
    "geometry": {
       "type": "Point",
       "coordinates":  [ 121.5990293,25.08650418 ]
    },
    "properties": {
    "場館編號":23436,
    "場館名稱":"煙波庭公園",
    "所在地址":"臺北市內湖區大湖街131巷18弄61號",
    "場館連絡電話":"02-25702330",
    "場館官方網站":"https://sports.tms.gov.tw/"
    }
  },
  {
    "type": "Feature",
    "geometry": {
       "type": "Point",
       "coordinates":  [ 121.5244907,25.11690742 ]
    },
    "properties": {
    "場館編號":23439,
    "場館名稱":"天壽公園",
    "所在地址":"臺北市士林區中山北路6段405巷右側",
    "場館連絡電話":"02-25702330#6535",
    "場館官方網站":"https://sports.gov.taipei/"
    }
  },
  {
    "type": "Feature",
    "geometry": {
       "type": "Point",
       "coordinates":  [ 121.5941628,25.05219512 ]
    },
    "properties": {
    "場館編號":23660,
    "場館名稱":"南港高中田徑場",
    "所在地址":"臺北市南港區西新里向陽路21號",
    "場館連絡電話":"02-27837863#245",
    "場館官方網站":""
    }
  },
  {
    "type": "Feature",
    "geometry": {
       "type": "Point",
       "coordinates":  [ 121.5455246,25.02114632 ]
    },
    "properties": {
    "場館編號":23672,
    "場館名稱":"臺北市和平實小附屬籃球館",
    "所在地址":"台北市大安區敦南街76巷28 號",
    "場館連絡電話":"02-66170101",
    "場館官方網站":""
    }
  },
  {
    "type": "Feature",
    "geometry": {
       "type": "Point",
       "coordinates":  [ 121.5932884,25.05282515 ]
    },
    "properties": {
    "場館編號":23700,
    "場館名稱":"南港高中游泳池",
    "所在地址":"臺北市南港區西新里向陽路21號",
    "場館連絡電話":"02-27837863#230",
    "場館官方網站":""
    }
  },
  {
    "type": "Feature",
    "geometry": {
       "type": "Point",
       "coordinates":  [ 121.5878606,25.04714369 ]
    },
    "properties": {
    "場館編號":23836,
    "場館名稱":"籃球場",
    "所在地址":"臺北市南港區聯成里東新街65號",
    "場館連絡電話":"02-27851376#152",
    "場館官方網站":"http://www.ctps.tp.edu.tw"
    }
  },
  {
    "type": "Feature",
    "geometry": {
       "type": "Point",
       "coordinates":  [ 121.5549284,25.05042859 ]
    },
    "properties": {
    "場館編號":23867,
    "場館名稱":"寧安公園",
    "所在地址":"臺北市松山區寧安街50巷",
    "場館連絡電話":"02-25850192",
    "場館官方網站":"http://pkl.taipei.gov.tw"
    }
  },
  {
    "type": "Feature",
    "geometry": {
       "type": "Point",
       "coordinates":  [ 121.5513343,25.05133738 ]
    },
    "properties": {
    "場館編號":23877,
    "場館名稱":"臺北網球場",
    "所在地址":"臺北市松山區南京東路4段6號",
    "場館連絡電話":"02-25795439",
    "場館官方網站":"https://zh-tw.facebook.com/TPTennisCourt/"
    }
  },
  {
    "type": "Feature",
    "geometry": {
       "type": "Point",
       "coordinates":  [ 121.5966475,25.06744649 ]
    },
    "properties": {
    "場館編號":23906,
    "場館名稱":"臺北市網球中心附設健身房",
    "所在地址":"臺北市內湖區民權東路6段208號",
    "場館連絡電話":"02-25702330",
    "場館官方網站":"https://sports.gov.taipei/"
    }
  },
  {
    "type": "Feature",
    "geometry": {
       "type": "Point",
       "coordinates":  [ 121.5636726,24.98772326 ]
    },
    "properties": {
    "場館編號":23977,
    "場館名稱":"操場籃球場",
    "所在地址":"臺北市文山區明興里木柵路2段138巷61號",
    "場館連絡電話":"02-29392821#20",
    "場館官方網站":"http://www.mdps.tp.edu.tw"
    }
  },
  {
    "type": "Feature",
    "geometry": {
       "type": "Point",
       "coordinates":  [ 121.5170085,25.06504743 ]
    },
    "properties": {
    "場館編號":23981,
    "場館名稱":"臺北市立大同國小田徑場",
    "所在地址":"臺北市大同區蓬萊里大龍街51號",
    "場館連絡電話":"02-25965407#333",
    "場館官方網站":""
    }
  },
  {
    "type": "Feature",
    "geometry": {
       "type": "Point",
       "coordinates":  [ 121.5170944,25.06511546 ]
    },
    "properties": {
    "場館編號":23982,
    "場館名稱":"臺北市立大同國小籃球場",
    "所在地址":"臺北市大同區蓬萊里大龍街51號",
    "場館連絡電話":"02-25965407#333",
    "場館官方網站":""
    }
  },
  {
    "type": "Feature",
    "geometry": {
       "type": "Point",
       "coordinates":  [ 121.5155381,25.09421705 ]
    },
    "properties": {
    "場館編號":23994,
    "場館名稱":"士商壘球場",
    "所在地址":"臺北市士林區後港里士商路150號",
    "場館連絡電話":"02-28313114#406",
    "場館官方網站":"http://www.slhs.tp.edu.tw"
    }
  },
  {
    "type": "Feature",
    "geometry": {
       "type": "Point",
       "coordinates":  [ 121.5156822,25.09429012 ]
    },
    "properties": {
    "場館編號":23995,
    "場館名稱":"士商籃球場",
    "所在地址":"臺北市士林區後港里士商路150號",
    "場館連絡電話":"02-28313114#406",
    "場館官方網站":"http://slhs.tp.edu.tw/"
    }
  },
  {
    "type": "Feature",
    "geometry": {
       "type": "Point",
       "coordinates":  [ 121.5158217,25.09438242 ]
    },
    "properties": {
    "場館編號":23996,
    "場館名稱":"士商田徑場",
    "所在地址":"臺北市士林區後港里士商路150號",
    "場館連絡電話":"02-28313114",
    "場館官方網站":"http://www.slhs.tp.edu.tw"
    }
  },
  {
    "type": "Feature",
    "geometry": {
       "type": "Point",
       "coordinates":  [ 121.5858076,25.036599 ]
    },
    "properties": {
    "場館編號":24000,
    "場館名稱":"?公國中操場",
    "所在地址":"臺北市信義區福德街221巷15號",
    "場館連絡電話":"02-27261481#401",
    "場館官方網站":""
    }
  },
  {
    "type": "Feature",
    "geometry": {
       "type": "Point",
       "coordinates":  [ 121.5854074,25.03653233 ]
    },
    "properties": {
    "場館編號":24003,
    "場館名稱":"?公國中游泳池",
    "所在地址":"臺北市信義區福德街221巷15號",
    "場館連絡電話":"02-27261481#310",
    "場館官方網站":""
    }
  },
  {
    "type": "Feature",
    "geometry": {
       "type": "Point",
       "coordinates":  [ 121.5876603,25.04739155 ]
    },
    "properties": {
    "場館編號":24066,
    "場館名稱":"操場",
    "所在地址":"臺北市南港區聯成里東新街65號",
    "場館連絡電話":"02-27851376#152",
    "場館官方網站":"http://www.ctps.tp.edu.tw"
    }
  },
  {
    "type": "Feature",
    "geometry": {
       "type": "Point",
       "coordinates":  [ 121.6197717,25.0541564 ]
    },
    "properties": {
    "場館編號":24067,
    "場館名稱":"臺北市立誠正國民中學學生活動中心",
    "所在地址":"臺北市南港區新富里富康街1巷24號",
    "場館連絡電話":"02-27828094#1510",
    "場館官方網站":"http://www.ccjh.tp.edu.tw/default.asp"
    }
  },
  {
    "type": "Feature",
    "geometry": {
       "type": "Point",
       "coordinates":  [ 121.51465,25.03820284 ]
    },
    "properties": {
    "場館編號":24068,
    "場館名稱":"北一女中游泳池",
    "所在地址":"臺北市中正區黎明里重慶南路1段165號",
    "場館連絡電話":"02-23820484#530",
    "場館官方網站":"http://www.fg.tp.edu.tw/bin/home.php"
    }
  },
  {
    "type": "Feature",
    "geometry": {
       "type": "Point",
       "coordinates":  [ 121.5875763,25.04485912 ]
    },
    "properties": {
    "場館編號":24071,
    "場館名稱":"成德國中操場",
    "所在地址":"臺北市南港區成福里東新街108巷23號",
    "場館連絡電話":"02-26515636#330",
    "場館官方網站":""
    }
  },
  {
    "type": "Feature",
    "geometry": {
       "type": "Point",
       "coordinates":  [ 121.4989133,25.02689362 ]
    },
    "properties": {
    "場館編號":24086,
    "場館名稱":"操場",
    "所在地址":"臺北市萬華區日善里東園街73巷65號",
    "場館連絡電話":"02-23030257#112",
    "場館官方網站":"http://www.hups.tp.edu.tw"
    }
  },
  {
    "type": "Feature",
    "geometry": {
       "type": "Point",
       "coordinates":  [ 121.4982695,25.03041039 ]
    },
    "properties": {
    "場館編號":24137,
    "場館名稱":"雙園國小田徑場",
    "所在地址":"臺北市萬華區雙園里莒光路315號",
    "場館連絡電話":"02-23061893#165",
    "場館官方網站":"http://www.syps.tp.edu.tw"
    }
  },
  {
    "type": "Feature",
    "geometry": {
       "type": "Point",
       "coordinates":  [ 121.5322551,25.11090948 ]
    },
    "properties": {
    "場館編號":24139,
    "場館名稱":"蘭雅國中田徑場",
    "所在地址":"臺北市士林區三玉里忠誠路2段51號",
    "場館連絡電話":"02-28329377#230",
    "場館官方網站":"http://163.21.26.20/enable01/"
    }
  },
  {
    "type": "Feature",
    "geometry": {
       "type": "Point",
       "coordinates":  [ 121.5467262,24.99887941 ]
    },
    "properties": {
    "場館編號":24140,
    "場館名稱":"靜心中學綜合球場",
    "所在地址":"臺北市文山區興福里興隆路2段46號",
    "場館連絡電話":"02-29359063",
    "場館官方網站":"https://zh-tw.facebook.com/sunsportc"
    }
  },
  {
    "type": "Feature",
    "geometry": {
       "type": "Point",
       "coordinates":  [ 121.5735445,25.06757568 ]
    },
    "properties": {
    "場館編號":24149,
    "場館名稱":"攀岩場/抱石場",
    "所在地址":"臺北市內湖區舊宗路二段2號",
    "場館連絡電話":"02-27206833",
    "場館官方網站":""
    }
  },
  {
    "type": "Feature",
    "geometry": {
       "type": "Point",
       "coordinates":  [ 121.491267,25.03416293 ]
    },
    "properties": {
    "場館編號":24152,
    "場館名稱":"環形或直線慢跑場（非田徑場）",
    "所在地址":"臺北市萬華區環河南路2段250巷42弄2號",
    "場館連絡電話":"02-23064352#134",
    "場館官方網站":"http://web.hces.tp.edu.tw/front/bin/home.phtml"
    }
  },
  {
    "type": "Feature",
    "geometry": {
       "type": "Point",
       "coordinates":  [ 121.5316163,25.11026964 ]
    },
    "properties": {
    "場館編號":24153,
    "場館名稱":"蘭雅國中籃球場",
    "所在地址":"臺北市士林區三玉里忠誠路2段51號",
    "場館連絡電話":"02-28329377#230",
    "場館官方網站":"http://163.21.26.20/enable01/"
    }
  },
  {
    "type": "Feature",
    "geometry": {
       "type": "Point",
       "coordinates":  [ 121.4992368,25.02915173 ]
    },
    "properties": {
    "場館編號":24195,
    "場館名稱":"萬華國中游泳池",
    "所在地址":"臺北市萬華區日善里西藏路201號",
    "場館連絡電話":"02-23390988",
    "場館官方網站":""
    }
  },
  {
    "type": "Feature",
    "geometry": {
       "type": "Point",
       "coordinates":  [ 121.5348698,25.03728014 ]
    },
    "properties": {
    "場館編號":24225,
    "場館名稱":"臺北市大安區幸安國民小學",
    "所在地址":"臺北市大安區民炤里仁愛路3段22號",
    "場館連絡電話":"02-27074191",
    "場館官方網站":"http://www.haps.tp.edu.tw"
    }
  },
  {
    "type": "Feature",
    "geometry": {
       "type": "Point",
       "coordinates":  [ 121.5811356,25.05828339 ]
    },
    "properties": {
    "場館編號":25234,
    "場館名稱":"田徑場",
    "所在地址":"臺北市內湖區週美里21鄰行善路179號",
    "場館連絡電話":"02-27917334#232",
    "場館官方網站":"http://www.tmes.tp.edu.tw"
    }
  },
  {
    "type": "Feature",
    "geometry": {
       "type": "Point",
       "coordinates":  [ 121.5820181,25.05808165 ]
    },
    "properties": {
    "場館編號":25236,
    "場館名稱":"臺北市內湖區潭美國民小多功能體育場",
    "所在地址":"臺北市內湖區週美里21鄰行善路179號",
    "場館連絡電話":"02-27917334#225",
    "場館官方網站":"http://www.tmes.tp.edu.tw"
    }
  },
  {
    "type": "Feature",
    "geometry": {
       "type": "Point",
       "coordinates":  [ 121.6184806,25.05316111 ]
    },
    "properties": {
    "場館編號":25329,
    "場館名稱":"誠正田徑場",
    "所在地址":"臺北市南港區新富里富康街1巷24號",
    "場館連絡電話":"02-27828094#1510",
    "場館官方網站":"http://163.21.132.5"
    }
  },
  {
    "type": "Feature",
    "geometry": {
       "type": "Point",
       "coordinates":  [ 121.5497262,25.07963845 ]
    },
    "properties": {
    "場館編號":25366,
    "場館名稱":"永安田徑場附屬足球場",
    "所在地址":"臺北市中山區明水路397巷19弄1號",
    "場館連絡電話":"02-25335672",
    "場館官方網站":"http://web.yaes.tp.edu.tw/front/bin/home.phtml"
    }
  },
  {
    "type": "Feature",
    "geometry": {
       "type": "Point",
       "coordinates":  [ 121.5274626,25.11970998 ]
    },
    "properties": {
    "場館編號":25396,
    "場館名稱":"天母人工草皮足球場",
    "所在地址":"臺北市士林區天玉里天玉街12號",
    "場館連絡電話":"02-28723336#9502",
    "場館官方網站":"https://www.tmups.tp.edu.tw/"
    }
  },
  {
    "type": "Feature",
    "geometry": {
       "type": "Point",
       "coordinates":  [ 121.5480181,25.0303891 ]
    },
    "properties": {
    "場館編號":25607,
    "場館名稱":"大安國中游泳池",
    "所在地址":"臺北市大安區大安路2段63號",
    "場館連絡電話":"02-27557131",
    "場館官方網站":""
    }
  },
  {
    "type": "Feature",
    "geometry": {
       "type": "Point",
       "coordinates":  [ 121.594502,25.05355865 ]
    },
    "properties": {
    "場館編號":25608,
    "場館名稱":"四維樓",
    "所在地址":"臺北市南港區西新里向陽路31號",
    "場館連絡電話":"02-27836049#133",
    "場館官方網站":"http://www.yhes.tp.edu.tw"
    }
  },
  {
    "type": "Feature",
    "geometry": {
       "type": "Point",
       "coordinates":  [ 121.6198169,25.07310485 ]
    },
    "properties": {
    "場館編號":25609,
    "場館名稱":"東湖國中學生活動中心",
    "所在地址":"臺北市內湖區樂康里康樂街131號",
    "場館連絡電話":"02-26330373#634",
    "場館官方網站":"http://www.dhjh.tp.edu.tw/"
    }
  },
  {
    "type": "Feature",
    "geometry": {
       "type": "Point",
       "coordinates":  [ 121.5195247,25.07576413 ]
    },
    "properties": {
    "場館編號":25614,
    "場館名稱":"明倫高中綜合體育館",
    "所在地址":"臺北市大同區保安里承德路3段336號",
    "場館連絡電話":"02-25961567#147",
    "場館官方網站":"http://www.mlsh.tp.edu.tw"
    }
  },
  {
    "type": "Feature",
    "geometry": {
       "type": "Point",
       "coordinates":  [ 121.5145898,25.10446689 ]
    },
    "properties": {
    "場館編號":25627,
    "場館名稱":"中正高中網球場",
    "所在地址":"臺北市北投區文林北路77號",
    "場館連絡電話":"02-28234811#330",
    "場館官方網站":"http://www.ccsh.tp.edu.tw"
    }
  },
  {
    "type": "Feature",
    "geometry": {
       "type": "Point",
       "coordinates":  [ 121.5051574,25.13837426 ]
    },
    "properties": {
    "場館編號":25664,
    "場館名稱":"逸仙國小活動中心",
    "所在地址":"臺北市北投區中心里新民路2號",
    "場館連絡電話":"02-28914537#123",
    "場館官方網站":"http://www2.ysps.tp.edu.tw"
    }
  },
  {
    "type": "Feature",
    "geometry": {
       "type": "Point",
       "coordinates":  [ 121.5107923,25.0304382 ]
    },
    "properties": {
    "場館編號":25721,
    "場館名稱":"臺北市國語實驗國民小學戶外籃球場",
    "所在地址":"臺北市中正區龍光里南海路58號",
    "場館連絡電話":"02-23033555#601",
    "場館官方網站":"http://www.meps.tp.edu.tw"
    }
  },
  {
    "type": "Feature",
    "geometry": {
       "type": "Point",
       "coordinates":  [ 121.5325373,25.11057835 ]
    },
    "properties": {
    "場館編號":25722,
    "場館名稱":"蘭雅國中游泳池",
    "所在地址":"臺北市士林區三玉里忠誠路2段51號",
    "場館連絡電話":"02-28329377#230",
    "場館官方網站":"http://163.21.26.20/enable01/"
    }
  },
  {
    "type": "Feature",
    "geometry": {
       "type": "Point",
       "coordinates":  [ 121.5658933,25.08542885 ]
    },
    "properties": {
    "場館編號":25726,
    "場館名稱":"西湖國中游泳池",
    "所在地址":"臺北市內湖區西湖里環山路1段27號",
    "場館連絡電話":"02-27991817#215",
    "場館官方網站":"http://www.xhjhs.tp.edu.tw"
    }
  },
  {
    "type": "Feature",
    "geometry": {
       "type": "Point",
       "coordinates":  [ 121.5063842,25.13818979 ]
    },
    "properties": {
    "場館編號":25728,
    "場館名稱":"臺北市立新民國中游泳池",
    "所在地址":"臺北市北投區林泉里新民路10號",
    "場館連絡電話":"02-28979001#350",
    "場館官方網站":"http://www.hmjh.tp.edu.tw"
    }
  },
  {
    "type": "Feature",
    "geometry": {
       "type": "Point",
       "coordinates":  [ 121.5483731,25.15169443 ]
    },
    "properties": {
    "場館編號":25738,
    "場館名稱":"前山公園游泳池",
    "所在地址":"臺北市北投區建國街4號",
    "場館連絡電話":"937982098",
    "場館官方網站":"https://sports.gov.taipei/cp.aspx?n=6293F95CF8D99D64"
    }
  },
  {
    "type": "Feature",
    "geometry": {
       "type": "Point",
       "coordinates":  [ 121.5208429,25.08523937 ]
    },
    "properties": {
    "場館編號":25740,
    "場館名稱":"前港公園游泳池",
    "所在地址":"臺北市士林區前港街45號",
    "場館連絡電話":"02-28805598",
    "場館官方網站":"https://sports.gov.taipei/cp.aspx?n=6293F95CF8D99D64"
    }
  },
  {
    "type": "Feature",
    "geometry": {
       "type": "Point",
       "coordinates":  [ 121.5219533,25.10772701 ]
    },
    "properties": {
    "場館編號":25741,
    "場館名稱":"克強公園游泳池(閉館整修中)",
    "所在地址":"臺北市士林區磺溪街55巷2號",
    "場館連絡電話":"02-88665105",
    "場館官方網站":"https://zh-tw.facebook.com/pages/category/Public-Swimming-Pool/%E9%81%8B%E5%8D%9A%E5%85%8B%E5%BC%B7%E5%85%AC%E5%9C%92%E6%B8%B8%E6%B3%B3%E6%B1%A0-114122908662385/"
    }
  },
  {
    "type": "Feature",
    "geometry": {
       "type": "Point",
       "coordinates":  [ 121.5012789,25.13643657 ]
    },
    "properties": {
    "場館編號":25742,
    "場館名稱":"七虎公園游泳池",
    "所在地址":"臺北市北投區育仁路108號",
    "場館連絡電話":"02-28916759",
    "場館官方網站":"https://sports.gov.taipei/cp.aspx?n=6293F95CF8D99D64"
    }
  },
  {
    "type": "Feature",
    "geometry": {
       "type": "Point",
       "coordinates":  [ 121.5310943,25.12870979 ]
    },
    "properties": {
    "場館編號":25743,
    "場館名稱":"天溪綠地游泳池",
    "所在地址":"臺北市北投區中山北路7段219巷3弄170號",
    "場館連絡電話":"02-28748122",
    "場館官方網站":"https://sports.gov.taipei/cp.aspx?n=6293F95CF8D99D64"
    }
  },
  {
    "type": "Feature",
    "geometry": {
       "type": "Point",
       "coordinates":  [ 121.5812409,25.08222225 ]
    },
    "properties": {
    "場館編號":25744,
    "場館名稱":"碧湖公園游泳池",
    "所在地址":"臺北市內湖區內湖路二段175號",
    "場館連絡電話":"02-25702330",
    "場館官方網站":"https://sports.tms.gov.tw/"
    }
  },
  {
    "type": "Feature",
    "geometry": {
       "type": "Point",
       "coordinates":  [ 121.5604538,24.98695756 ]
    },
    "properties": {
    "場館編號":25745,
    "場館名稱":"木柵公園游泳池",
    "所在地址":"台北市文山區興隆路四段50號",
    "場館連絡電話":"02-22342863",
    "場館官方網站":"http://www.wdygsports.com.tw/swimming.asp?major=c47OxrbPc7TJfvK1"
    }
  },
  {
    "type": "Feature",
    "geometry": {
       "type": "Point",
       "coordinates":  [ 121.5131012,25.11588127 ]
    },
    "properties": {
    "場館編號":25746,
    "場館名稱":"石牌國中室外籃球場",
    "所在地址":"臺北市北投區吉利里石牌路1段139號",
    "場館連絡電話":"02-28224682",
    "場館官方網站":"http://www.spjh.tp.edu.tw/"
    }
  },
  {
    "type": "Feature",
    "geometry": {
       "type": "Point",
       "coordinates":  [ 121.51297,25.11590221 ]
    },
    "properties": {
    "場館編號":25747,
    "場館名稱":"石牌國中室外排球場",
    "所在地址":"臺北市北投區吉利里石牌路1段139號",
    "場館連絡電話":"02-28224682",
    "場館官方網站":"http://www.spjh.tp.edu.tw/"
    }
  },
  {
    "type": "Feature",
    "geometry": {
       "type": "Point",
       "coordinates":  [ 121.5858597,25.04183128 ]
    },
    "properties": {
    "場館編號":25766,
    "場館名稱":"玉成公園游泳池(閉館整修中)",
    "所在地址":"台北市南港區中坡南路55號",
    "場館連絡電話":"02-27265151",
    "場館官方網站":"http://www.wdygsports.com.tw/index.asp"
    }
  },
  {
    "type": "Feature",
    "geometry": {
       "type": "Point",
       "coordinates":  [ 121.5665638,25.06114888 ]
    },
    "properties": {
    "場館編號":25770,
    "場館名稱":"三民公園游泳池",
    "所在地址":"臺北市松山區撫遠街298號",
    "場館連絡電話":"02-87876527",
    "場館官方網站":"https://sports.gov.taipei/cp.aspx?n=6293F95CF8D99D64"
    }
  },
  {
    "type": "Feature",
    "geometry": {
       "type": "Point",
       "coordinates":  [ 121.515103,25.1047833 ]
    },
    "properties": {
    "場館編號":25830,
    "場館名稱":"中正高中游泳館",
    "所在地址":"臺北市北投區文林北路77號",
    "場館連絡電話":"02-28234811#330",
    "場館官方網站":"http://www.ccsh.tp.edu.tw"
    }
  },
  {
    "type": "Feature",
    "geometry": {
       "type": "Point",
       "coordinates":  [ 121.5482931,25.15123325 ]
    },
    "properties": {
    "場館編號":25942,
    "場館名稱":"台北市前山公園",
    "所在地址":"臺北市北投區建國街4號",
    "場館連絡電話":"02-28616361#211",
    "場館官方網站":"https://pkl.gov.tw"
    }
  },
  {
    "type": "Feature",
    "geometry": {
       "type": "Point",
       "coordinates":  [ 121.5754254,25.00176657 ]
    },
    "properties": {
    "場館編號":26131,
    "場館名稱":"田徑場",
    "所在地址":"臺北市文山區木柵路4段159巷14號之1",
    "場館連絡電話":"02-22302585#122",
    "場館官方網站":""
    }
  },
  {
    "type": "Feature",
    "geometry": {
       "type": "Point",
       "coordinates":  [ 121.6101853,25.06803195 ]
    },
    "properties": {
    "場館編號":26132,
    "場館名稱":"南湖國小田徑場",
    "所在地址":"臺北市內湖區葫洲里康寧路3段200號",
    "場館連絡電話":"02-26321296#54",
    "場館官方網站":"http://www.nhps.tp.edu.tw"
    }
  },
  {
    "type": "Feature",
    "geometry": {
       "type": "Point",
       "coordinates":  [ 121.5696485,25.04768102 ]
    },
    "properties": {
    "場館編號":26133,
    "場館名稱":"興雅國小操場",
    "所在地址":"臺北市信義區雅祥里基隆路1段83巷9號",
    "場館連絡電話":"02-27618156#639",
    "場館官方網站":"http://www.hyps.tp.edu.tw"
    }
  },
  {
    "type": "Feature",
    "geometry": {
       "type": "Point",
       "coordinates":  [ 121.5702351,25.0478171 ]
    },
    "properties": {
    "場館編號":26134,
    "場館名稱":"興雅國小游泳池",
    "所在地址":"臺北市信義區雅祥里基隆路1段83巷9號",
    "場館連絡電話":"02-27618156#639",
    "場館官方網站":"http://www.hyps.tp.edu.tw"
    }
  },
  {
    "type": "Feature",
    "geometry": {
       "type": "Point",
       "coordinates":  [ 121.5151425,25.09440482 ]
    },
    "properties": {
    "場館編號":26138,
    "場館名稱":"士商排球場",
    "所在地址":"臺北市士林區後港里士商路150號",
    "場館連絡電話":"02-28313114#306",
    "場館官方網站":"http://www.slhs.tp.edu.tw"
    }
  },
  {
    "type": "Feature",
    "geometry": {
       "type": "Point",
       "coordinates":  [ 121.5465893,25.08013008 ]
    },
    "properties": {
    "場館編號":26139,
    "場館名稱":"大直國小溫水游泳池",
    "所在地址":"臺北市中山區大直里大直街2號",
    "場館連絡電話":"02-25323449",
    "場館官方網站":"http://www.tzes.tp.edu.tw/default.asp"
    }
  },
  {
    "type": "Feature",
    "geometry": {
       "type": "Point",
       "coordinates":  [ 121.503326,25.02596204 ]
    },
    "properties": {
    "場館編號":26140,
    "場館名稱":"新和國小活動中心",
    "所在地址":"臺北市萬華區西藏路125巷31號",
    "場館連絡電話":"02-23038298#1303",
    "場館官方網站":"http://www.soes.tp.edu.tw"
    }
  },
  {
    "type": "Feature",
    "geometry": {
       "type": "Point",
       "coordinates":  [ 121.5722367,25.03641998 ]
    },
    "properties": {
    "場館編號":26150,
    "場館名稱":"興雅國中滾球場",
    "所在地址":"臺北市信義區松德路168巷15號",
    "場館連絡電話":"02-27232771#330",
    "場館官方網站":"http://www.syajh.tp.edu.tw"
    }
  },
  {
    "type": "Feature",
    "geometry": {
       "type": "Point",
       "coordinates":  [ 121.5141749,25.11499367 ]
    },
    "properties": {
    "場館編號":26174,
    "場館名稱":"石牌國中活動中心3樓綜合球場",
    "所在地址":"臺北市北投區吉利里石牌路1段139號",
    "場館連絡電話":"02-28224682#253",
    "場館官方網站":"http://www.spjh.tp.edu.tw"
    }
  },
  {
    "type": "Feature",
    "geometry": {
       "type": "Point",
       "coordinates":  [ 121.617365,25.04249736 ]
    },
    "properties": {
    "場館編號":26217,
    "場館名稱":"戶外籃球場",
    "所在地址":"臺北市南港區中研里舊莊街1段1號",
    "場館連絡電話":"02-27824949#932",
    "場館官方網站":""
    }
  }
]
}