{
	"type": "FeatureCollection",
	"features": [
		{
			"type": "Feature",
			"geometry": {
				"type": "Point",
				"coordinates": [121.5869915, 25.07823331]
			},
			"properties": {
				"場館編號": 1055,
				"場館名稱": "內湖高中活動中心",
				"所在地址": "臺北市內湖區紫陽里文德路218號",
				"場館連絡電話": "02-27977035",
				"場館官方網站": "http://web.nhsh.tp.edu.tw/",
				"場館停車場類型": "一般及無障礙停車場"
			}
		},
		{
			"type": "Feature",
			"geometry": {
				"type": "Point",
				"coordinates": [121.5186596, 25.06083302]
			},
			"properties": {
				"場館編號": 1063,
				"場館名稱": "成淵高中綜合球場",
				"所在地址": "臺北市大同區承德路二段235號",
				"場館連絡電話": "02-25531969",
				"場館官方網站": "http://www.cyhs.tp.edu.tw",
				"場館停車場類型": ""
			}
		},
		{
			"type": "Feature",
			"geometry": {
				"type": "Point",
				"coordinates": [121.5235519, 25.08645398]
			},
			"properties": {
				"場館編號": 1068,
				"場館名稱": "百齡高中活動中心",
				"所在地址": "臺北市士林區義信里承德路4段177號",
				"場館連絡電話": "02-28831568",
				"場館官方網站": "http://www.blsh.tp.edu.tw",
				"場館停車場類型": "一般及無障礙停車場"
			}
		},
		{
			"type": "Feature",
			"geometry": {
				"type": "Point",
				"coordinates": [121.584819, 24.98787653]
			},
			"properties": {
				"場館編號": 1069,
				"場館名稱": "政大附中體育館",
				"所在地址": "臺北市文山區政大一街353號",
				"場館連絡電話": "02-82377500#9323",
				"場館官方網站": "http://www.ahs.nccu.edu.tw",
				"場館停車場類型": "一般及無障礙停車場"
			}
		},
		{
			"type": "Feature",
			"geometry": {
				"type": "Point",
				"coordinates": [121.5239382, 25.08650256]
			},
			"properties": {
				"場館編號": 1072,
				"場館名稱": "百齡高中籃球場",
				"所在地址": "臺北市士林區義信里承德路4段177號",
				"場館連絡電話": "02-28831568",
				"場館官方網站": "http://www.blsh.tp.edu.tw",
				"場館停車場類型": "一般及無障礙停車場"
			}
		},
		{
			"type": "Feature",
			"geometry": {
				"type": "Point",
				"coordinates": [121.3640571, 24.93961853]
			},
			"properties": {
				"場館編號": 1074,
				"場館名稱": "臺北大學田徑場",
				"所在地址": "新北市三峽區大學路151號",
				"場館連絡電話": "02-86741111#68512",
				"場館官方網站": "http://www.ntpu.edu.tw/chinese/",
				"場館停車場類型": ""
			}
		},
		{
			"type": "Feature",
			"geometry": {
				"type": "Point",
				"coordinates": [121.5773785, 25.08526852]
			},
			"properties": {
				"場館編號": 1077,
				"場館名稱": "麗山高中體育館",
				"所在地址": "臺北市內湖區環山路二段100號",
				"場館連絡電話": "02-26570435#302",
				"場館官方網站": "http://www.lssh.tp.edu.tw",
				"場館停車場類型": "無停車場"
			}
		},
		{
			"type": "Feature",
			"geometry": {
				"type": "Point",
				"coordinates": [121.5238255, 25.08651714]
			},
			"properties": {
				"場館編號": 1079,
				"場館名稱": "百齡高中排球場(館)",
				"所在地址": "臺北市士林區義信里承德路4段177號",
				"場館連絡電話": "02-28831568",
				"場館官方網站": "http://www.blsh.tp.edu.tw",
				"場館停車場類型": "一般及無障礙停車場"
			}
		},
		{
			"type": "Feature",
			"geometry": {
				"type": "Point",
				"coordinates": [121.4488336, 25.17580685]
			},
			"properties": {
				"場館編號": 1081,
				"場館名稱": "淡江大學紹謨紀念體育館",
				"所在地址": "新北市淡水區英專路151號",
				"場館連絡電話": "02-26230985",
				"場館官方網站": "http://www.tku.edu.tw",
				"場館停車場類型": "一般及無障礙停車場"
			}
		},
		{
			"type": "Feature",
			"geometry": {
				"type": "Point",
				"coordinates": [121.5241313, 25.0862062]
			},
			"properties": {
				"場館編號": 1085,
				"場館名稱": "百齡高中田徑場",
				"所在地址": "臺北市士林區義信里承德路4段177號",
				"場館連絡電話": "02-28831568",
				"場館官方網站": "http://www.blsh.tp.edu.tw",
				"場館停車場類型": "一般及無障礙停車場"
			}
		},
		{
			"type": "Feature",
			"geometry": {
				"type": "Point",
				"coordinates": [121.5736556, 24.98500288]
			},
			"properties": {
				"場館編號": 1101,
				"場館名稱": "政治大學體育館",
				"所在地址": "臺北市文山區指南路二段64號",
				"場館連絡電話": "02-29393091#62964",
				"場館官方網站": "http://sports.nccu.edu.tw/",
				"場館停車場類型": "一般及無障礙停車場"
			}
		},
		{
			"type": "Feature",
			"geometry": {
				"type": "Point",
				"coordinates": [121.4184952, 25.02121762]
			},
			"properties": {
				"場館編號": 1106,
				"場館名稱": "丹鳳高中體育館",
				"所在地址": "新北市新莊區龍安路72號",
				"場館連絡電話": "02-29089627#115",
				"場館官方網站": "http://www.dfsh.ntpc.edu.tw/",
				"場館停車場類型": "一般及無障礙停車場"
			}
		},
		{
			"type": "Feature",
			"geometry": {
				"type": "Point",
				"coordinates": [121.5715568, 24.99565282]
			},
			"properties": {
				"場館編號": 1108,
				"場館名稱": "木柵高工活動中心",
				"所在地址": "臺北市文山區萬芳里木柵路4段77號",
				"場館連絡電話": "02-22300506#303",
				"場館官方網站": "http://www.mcvs.tp.edu.tw",
				"場館停車場類型": "無停車場"
			}
		},
		{
			"type": "Feature",
			"geometry": {
				"type": "Point",
				"coordinates": [121.5787874, 24.98421109]
			},
			"properties": {
				"場館編號": 1117,
				"場館名稱": "政大實小操場",
				"所在地址": "臺北市文山區指南路三段12號",
				"場館連絡電話": "02-29393610#622",
				"場館官方網站": "http://www.es.nccu.edu.tw",
				"場館停車場類型": "無停車場"
			}
		},
		{
			"type": "Feature",
			"geometry": {
				"type": "Point",
				"coordinates": [121.5741116, 24.98458958]
			},
			"properties": {
				"場館編號": 1125,
				"場館名稱": "政治大學綜合球類練習區",
				"所在地址": "臺北市文山區指南路二段64號",
				"場館連絡電話": "02-29393091#62964",
				"場館官方網站": "http://sports.nccu.edu.tw",
				"場館停車場類型": "一般及無障礙停車場"
			}
		},
		{
			"type": "Feature",
			"geometry": {
				"type": "Point",
				"coordinates": [121.4202547, 25.06587017]
			},
			"properties": {
				"場館編號": 1130,
				"場館名稱": "黎明技術學院體育館",
				"所在地址": "新北市泰山區泰林路三段22號",
				"場館連絡電話": "02-29097811#1251",
				"場館官方網站": "http://www.lit.edu.tw",
				"場館停車場類型": ""
			}
		},
		{
			"type": "Feature",
			"geometry": {
				"type": "Point",
				"coordinates": [121.5776038, 24.98548426]
			},
			"properties": {
				"場館編號": 1133,
				"場館名稱": "國立政治大學游泳館",
				"所在地址": "臺北市文山區指南路二段64號",
				"場館連絡電話": "02-29393091#62964",
				"場館官方網站": "http://www.nccu.edu.tw",
				"場館停車場類型": "一般及無障礙停車場"
			}
		},
		{
			"type": "Feature",
			"geometry": {
				"type": "Point",
				"coordinates": [121.5151899, 25.05782647]
			},
			"properties": {
				"場館編號": 1135,
				"場館名稱": "靜修女中體育館",
				"所在地址": "臺北市大同區雙連里寧夏路72號",
				"場館連絡電話": "02-25574345#304",
				"場館官方網站": "http://www.bish.tp.edu.tw",
				"場館停車場類型": "一般及無障礙停車場"
			}
		},
		{
			"type": "Feature",
			"geometry": {
				"type": "Point",
				"coordinates": [121.5151598, 25.05787895]
			},
			"properties": {
				"場館編號": 1137,
				"場館名稱": "靜修女中攀岩場",
				"所在地址": "臺北市大同區雙連里寧夏路72號",
				"場館連絡電話": "02-25574345",
				"場館官方網站": "http://www.bish.tp.edu.tw",
				"場館停車場類型": "一般及無障礙停車場"
			}
		},
		{
			"type": "Feature",
			"geometry": {
				"type": "Point",
				"coordinates": [121.5782449, 24.98230179]
			},
			"properties": {
				"場館編號": 1146,
				"場館名稱": "政治大學網球場",
				"所在地址": "臺北市文山區指南路二段64號",
				"場館連絡電話": "02-29393091#62964",
				"場館官方網站": "http://sports.nccu.edu.tw/",
				"場館停車場類型": ""
			}
		},
		{
			"type": "Feature",
			"geometry": {
				"type": "Point",
				"coordinates": [121.4589643, 24.99698813]
			},
			"properties": {
				"場館編號": 1151,
				"場館名稱": "豫章工商籃球場",
				"所在地址": "新北市板橋區四川路一段391號",
				"場館連絡電話": "02-29519810#351",
				"場館官方網站": "http://www.ycvs.ntpc.edu.tw",
				"場館停車場類型": "無停車場"
			}
		},
		{
			"type": "Feature",
			"geometry": {
				"type": "Point",
				"coordinates": [121.5779418, 24.98121015]
			},
			"properties": {
				"場館編號": 1158,
				"場館名稱": "政治大學環山運動園區",
				"所在地址": "臺北市文山區指南路二段64號",
				"場館連絡電話": "02-29393091#62964",
				"場館官方網站": "http://sports.nccu.edu.tw/",
				"場館停車場類型": "一般及無障礙停車場"
			}
		},
		{
			"type": "Feature",
			"geometry": {
				"type": "Point",
				"coordinates": [121.5743959, 24.98532137]
			},
			"properties": {
				"場館編號": 1160,
				"場館名稱": "政治大學田徑場",
				"所在地址": "臺北市文山區指南路二段64號",
				"場館連絡電話": "02-29393091#62964",
				"場館官方網站": "http://sports.nccu.edu.tw",
				"場館停車場類型": "一般及無障礙停車場"
			}
		},
		{
			"type": "Feature",
			"geometry": {
				"type": "Point",
				"coordinates": [121.6081274, 25.05535635]
			},
			"properties": {
				"場館編號": 1193,
				"場館名稱": "南港高工活動中心",
				"所在地址": "臺北市南港區南港里興中路29號",
				"場館連絡電話": "02-27825432#1209",
				"場館官方網站": "http://www.nkhs.tp.edu.tw",
				"場館停車場類型": ""
			}
		},
		{
			"type": "Feature",
			"geometry": {
				"type": "Point",
				"coordinates": [121.4788556, 25.06487598]
			},
			"properties": {
				"場館編號": 1201,
				"場館名稱": "東海高中籃球場",
				"所在地址": "新北市三重區忠孝路三段93巷12號",
				"場館連絡電話": "02-29822788#203",
				"場館官方網站": "http://www.thhs.ntpc.edu.tw",
				"場館停車場類型": ""
			}
		},
		{
			"type": "Feature",
			"geometry": {
				"type": "Point",
				"coordinates": [121.4487773, 25.00563721]
			},
			"properties": {
				"場館編號": 1203,
				"場館名稱": "國立臺灣藝術大學",
				"所在地址": "新北市板橋區大觀路一段59號",
				"場館連絡電話": "02-22722181#2472",
				"場館官方網站": "http://www.ntua.edu.tw",
				"場館停車場類型": ""
			}
		},
		{
			"type": "Feature",
			"geometry": {
				"type": "Point",
				"coordinates": [121.6084439, 25.0561436]
			},
			"properties": {
				"場館編號": 2218,
				"場館名稱": "南港高工田徑場",
				"所在地址": "臺北市南港區南港里興中路29號",
				"場館連絡電話": "02-27825432#1209",
				"場館官方網站": "http://www.nkhs.tp.edu.tw",
				"場館停車場類型": ""
			}
		},
		{
			"type": "Feature",
			"geometry": {
				"type": "Point",
				"coordinates": [121.6085082, 25.05597352]
			},
			"properties": {
				"場館編號": 2231,
				"場館名稱": "南港高工籃球場",
				"所在地址": "臺北市南港區南港里興中路29號",
				"場館連絡電話": "02-27825432#1209",
				"場館官方網站": "http://www.nkhs.tp.edu.tw",
				"場館停車場類型": ""
			}
		},
		{
			"type": "Feature",
			"geometry": {
				"type": "Point",
				"coordinates": [121.4962792, 25.02774087]
			},
			"properties": {
				"場館編號": 2237,
				"場館名稱": "市立華江高中活動中心",
				"所在地址": "臺北市萬華區西藏路213號",
				"場館連絡電話": "02-23396689",
				"場館官方網站": "http://www.hcsh.tp.edu.tw/",
				"場館停車場類型": "一般及無障礙停車場"
			}
		},
		{
			"type": "Feature",
			"geometry": {
				"type": "Point",
				"coordinates": [121.4209843, 25.06631916]
			},
			"properties": {
				"場館編號": 2238,
				"場館名稱": "黎明技術學院綜合運動場",
				"所在地址": "新北市泰山區黎專路2之2號",
				"場館連絡電話": "02-29097811#1251",
				"場館官方網站": "http://www.lit.edu.tw",
				"場館停車場類型": ""
			}
		},
		{
			"type": "Feature",
			"geometry": {
				"type": "Point",
				"coordinates": [121.3351321, 24.93943856]
			},
			"properties": {
				"場館編號": 2280,
				"場館名稱": "鶯歌工商活動中心",
				"所在地址": "新北市鶯歌區中正三路154號",
				"場館連絡電話": "02-26775040#823",
				"場館官方網站": "http://www.ykvs.ntpc.edu.tw",
				"場館停車場類型": "一般及無障礙停車場"
			}
		},
		{
			"type": "Feature",
			"geometry": {
				"type": "Point",
				"coordinates": [121.5555882, 24.99879676]
			},
			"properties": {
				"場館編號": 2295,
				"場館名稱": "中國科技大學體育館",
				"所在地址": "臺北市文山區興隆路三段56號",
				"場館連絡電話": "02-29313416#2149",
				"場館官方網站": "http://www.cute.edu.tw/",
				"場館停車場類型": "無停車場"
			}
		},
		{
			"type": "Feature",
			"geometry": {
				"type": "Point",
				"coordinates": [121.5548265, 24.9972993]
			},
			"properties": {
				"場館編號": 2304,
				"場館名稱": "中國科技大學環形/直線慢跑道(非田徑場型)",
				"所在地址": "臺北市文山區興隆路三段56號",
				"場館連絡電話": "02-29313416#2149",
				"場館官方網站": "http://www.cute.edu.tw/",
				"場館停車場類型": "無停車場"
			}
		},
		{
			"type": "Feature",
			"geometry": {
				"type": "Point",
				"coordinates": [121.5862635, 25.08216132]
			},
			"properties": {
				"場館編號": 2308,
				"場館名稱": "臺灣戲曲學院籃球場",
				"所在地址": "臺北市內湖區內湖路二段177號",
				"場館連絡電話": "02-27962666",
				"場館官方網站": "http://www.tcpa.edu.tw/bin/home.php",
				"場館停車場類型": "無停車場"
			}
		},
		{
			"type": "Feature",
			"geometry": {
				"type": "Point",
				"coordinates": [121.5865815, 25.08222434]
			},
			"properties": {
				"場館編號": 2318,
				"場館名稱": "國立臺灣戲曲學院田徑場",
				"所在地址": "臺北市內湖區內湖路二段177號",
				"場館連絡電話": "02-27962666",
				"場館官方網站": "http://www.tcpa.edu.tw/bin/home.php",
				"場館停車場類型": "無停車場"
			}
		},
		{
			"type": "Feature",
			"geometry": {
				"type": "Point",
				"coordinates": [121.488179, 25.07373406]
			},
			"properties": {
				"場館編號": 2325,
				"場館名稱": "格致高級中學田徑場附設籃球場",
				"所在地址": "新北市三重區大智街260號",
				"場館連絡電話": "02-29855892",
				"場館官方網站": "http://www.gjsh.ntpc.edu.tw",
				"場館停車場類型": "無停車場"
			}
		},
		{
			"type": "Feature",
			"geometry": {
				"type": "Point",
				"coordinates": [121.5429604, 25.07926335]
			},
			"properties": {
				"場館編號": 2332,
				"場館名稱": "大直高中活動中心",
				"所在地址": "臺北市中山區劍潭里北安路420號",
				"場館連絡電話": "02-25334017",
				"場館官方網站": "http://www.dcsh.tp.edu.tw",
				"場館停車場類型": ""
			}
		},
		{
			"type": "Feature",
			"geometry": {
				"type": "Point",
				"coordinates": [121.335218, 24.9399347]
			},
			"properties": {
				"場館編號": 2342,
				"場館名稱": "鶯歌工商籃球場",
				"所在地址": "新北市鶯歌區中正三路154號",
				"場館連絡電話": "02-26775040#823",
				"場館官方網站": "http://www.ykvs.ntpc.edu.tw",
				"場館停車場類型": "一般及無障礙停車場"
			}
		},
		{
			"type": "Feature",
			"geometry": {
				"type": "Point",
				"coordinates": [121.5433896, 25.07816529]
			},
			"properties": {
				"場館編號": 2365,
				"場館名稱": "大直高中田徑場",
				"所在地址": "臺北市中山區劍潭里北安路420號",
				"場館連絡電話": "02-25334017",
				"場館官方網站": "http://www.dcsh.tp.edu.tw",
				"場館停車場類型": "無停車場"
			}
		},
		{
			"type": "Feature",
			"geometry": {
				"type": "Point",
				"coordinates": [121.608578, 25.05549242]
			},
			"properties": {
				"場館編號": 2376,
				"場館名稱": "南港高工排球場(館)",
				"所在地址": "臺北市南港區南港里興中路29號",
				"場館連絡電話": "02-27825432#1209",
				"場館官方網站": "http://www.nkhs.tp.edu.tw",
				"場館停車場類型": ""
			}
		},
		{
			"type": "Feature",
			"geometry": {
				"type": "Point",
				"coordinates": [121.5749002, 25.07966176]
			},
			"properties": {
				"場館編號": 2378,
				"場館名稱": "內湖高工排球場(館)",
				"所在地址": "臺北市內湖區港墘里內湖路1段520號",
				"場館連絡電話": "02-26574874#205",
				"場館官方網站": "http://www.nihs.tp.edu.tw",
				"場館停車場類型": "一般及無障礙停車場"
			}
		},
		{
			"type": "Feature",
			"geometry": {
				"type": "Point",
				"coordinates": [121.5447092, 25.02263701]
			},
			"properties": {
				"場館編號": 2381,
				"場館名稱": "羽球場館",
				"所在地址": "臺北市大安區和平東路二段134號",
				"場館連絡電話": "02-27321104#83412",
				"場館官方網站": "http://www.ntue.edu.tw/",
				"場館停車場類型": ""
			}
		},
		{
			"type": "Feature",
			"geometry": {
				"type": "Point",
				"coordinates": [121.4771926, 25.05084168]
			},
			"properties": {
				"場館編號": 2405,
				"場館名稱": "清傳高商操場",
				"所在地址": "新北市三重區五谷王北街141巷1號",
				"場館連絡電話": "02-29955535#115",
				"場館官方網站": "http://www.ccvs.ntpc.edu.tw",
				"場館停車場類型": ""
			}
		},
		{
			"type": "Feature",
			"geometry": {
				"type": "Point",
				"coordinates": [121.5260732, 25.04230271]
			},
			"properties": {
				"場館編號": 2428,
				"場館名稱": "臺北商業大學學生活動中心",
				"所在地址": "臺北市中正區濟南路一段321號",
				"場館連絡電話": "02-23226177",
				"場館官方網站": "http://www.ntub.edu.tw",
				"場館停車場類型": "無停車場"
			}
		},
		{
			"type": "Feature",
			"geometry": {
				"type": "Point",
				"coordinates": [121.545825, 25.02273423]
			},
			"properties": {
				"場館編號": 2433,
				"場館名稱": "臺北教育大學田徑場",
				"所在地址": "臺北市大安區和平東路二段134號",
				"場館連絡電話": "02-27321104#83412",
				"場館官方網站": "http://www.ntue.edu.tw/",
				"場館停車場類型": ""
			}
		},
		{
			"type": "Feature",
			"geometry": {
				"type": "Point",
				"coordinates": [121.5252364, 25.04212775]
			},
			"properties": {
				"場館編號": 2435,
				"場館名稱": "臺北商業大學籃球場",
				"所在地址": "臺北市中正區濟南路一段321號",
				"場館連絡電話": "02-23226177",
				"場館官方網站": "http://www.ntub.edu.tw",
				"場館停車場類型": "無停車場"
			}
		},
		{
			"type": "Feature",
			"geometry": {
				"type": "Point",
				"coordinates": [121.5256441, 25.04225411]
			},
			"properties": {
				"場館編號": 2439,
				"場館名稱": "臺北商業大學排球場",
				"所在地址": "臺北市中正區濟南路一段321號",
				"場館連絡電話": "02-23226177",
				"場館官方網站": "http://www.ntub.edu.tw",
				"場館停車場類型": "無停車場"
			}
		},
		{
			"type": "Feature",
			"geometry": {
				"type": "Point",
				"coordinates": [121.5154801, 25.05792636]
			},
			"properties": {
				"場館編號": 2445,
				"場館名稱": "靜修女中多功能體適能場地",
				"所在地址": "臺北市大同區雙連里寧夏路72號",
				"場館連絡電話": "02-25574345#304",
				"場館官方網站": "http://www.bish.tp.edu.tw",
				"場館停車場類型": "無障礙停車場"
			}
		},
		{
			"type": "Feature",
			"geometry": {
				"type": "Point",
				"coordinates": [121.5384489, 25.04897064]
			},
			"properties": {
				"場館編號": 2448,
				"場館名稱": "中山女中活動中心",
				"所在地址": "臺北市中山區力行里長安東路2段141號",
				"場館連絡電話": "02-25073148#340",
				"場館官方網站": "http://www.csghs.tp.edu.tw",
				"場館停車場類型": "無停車場"
			}
		},
		{
			"type": "Feature",
			"geometry": {
				"type": "Point",
				"coordinates": [121.5156319, 25.05793454]
			},
			"properties": {
				"場館編號": 2451,
				"場館名稱": "靜修女中戶外探索教育場",
				"所在地址": "臺北市大同區雙連里寧夏路59號",
				"場館連絡電話": "02-25574345#304",
				"場館官方網站": "http://www.bish.tp.edu.tw",
				"場館停車場類型": "一般及無障礙停車場"
			}
		},
		{
			"type": "Feature",
			"geometry": {
				"type": "Point",
				"coordinates": [121.5377972, 25.04925008]
			},
			"properties": {
				"場館編號": 2464,
				"場館名稱": "中山女中田徑場",
				"所在地址": "臺北市中山區力行里長安東路2段141號",
				"場館連絡電話": "02-25073148#340",
				"場館官方網站": "http://www.csghs.tp.edu.tw",
				"場館停車場類型": ""
			}
		},
		{
			"type": "Feature",
			"geometry": {
				"type": "Point",
				"coordinates": [121.5454119, 24.98986033]
			},
			"properties": {
				"場館編號": 2468,
				"場館名稱": "世新大學體育館",
				"所在地址": "臺北市文山區木柵路一段17巷1號",
				"場館連絡電話": "02-22368225#83078",
				"場館官方網站": "http://www.shu.edu.tw",
				"場館停車場類型": "一般及無障礙停車場"
			}
		},
		{
			"type": "Feature",
			"geometry": {
				"type": "Point",
				"coordinates": [121.4793062, 25.07955487]
			},
			"properties": {
				"場館編號": 2493,
				"場館名稱": "徐匯高中田徑場",
				"所在地址": "新北市蘆洲區中山一路1號",
				"場館連絡電話": "02-22817565#8204",
				"場館官方網站": "http://www.sish.ntpc.edu.tw",
				"場館停車場類型": ""
			}
		},
		{
			"type": "Feature",
			"geometry": {
				"type": "Point",
				"coordinates": [121.4032602, 25.06834057]
			},
			"properties": {
				"場館編號": 2503,
				"場館名稱": "臺灣師範大學體育館",
				"所在地址": "新北市林口區仁愛路一段2號",
				"場館連絡電話": "02-77148466",
				"場館官方網站": "http://www.ntnu.edu.tw",
				"場館停車場類型": ""
			}
		},
		{
			"type": "Feature",
			"geometry": {
				"type": "Point",
				"coordinates": [121.5743101, 25.07998243]
			},
			"properties": {
				"場館編號": 2505,
				"場館名稱": "內湖高工綜合球場",
				"所在地址": "臺北市內湖區港墘里內湖路1段520號",
				"場館連絡電話": "02-26574874#205",
				"場館官方網站": "http://www.nihs.tp.edu.tw",
				"場館停車場類型": "無停車場"
			}
		},
		{
			"type": "Feature",
			"geometry": {
				"type": "Point",
				"coordinates": [121.3353199, 24.93993957]
			},
			"properties": {
				"場館編號": 2512,
				"場館名稱": "鶯歌工商排球場(館)",
				"所在地址": "新北市鶯歌區中正三路154號",
				"場館連絡電話": "02-26775040#823",
				"場館官方網站": "http://www.ykvs.ntpc.edu.tw",
				"場館停車場類型": "一般及無障礙停車場"
			}
		},
		{
			"type": "Feature",
			"geometry": {
				"type": "Point",
				"coordinates": [121.544044, 25.02271479]
			},
			"properties": {
				"場館編號": 2518,
				"場館名稱": "國立臺北教育大學泳健館",
				"所在地址": "臺北市大安區和平東路二段134號",
				"場館連絡電話": "02-27373378",
				"場館官方網站": "https://www.facebook.com/HandlePowerYongJian",
				"場館停車場類型": ""
			}
		},
		{
			"type": "Feature",
			"geometry": {
				"type": "Point",
				"coordinates": [121.3340592, 24.93990552]
			},
			"properties": {
				"場館編號": 2519,
				"場館名稱": "田徑場",
				"所在地址": "新北市鶯歌區中正三路154號",
				"場館連絡電話": "02-26775040#823",
				"場館官方網站": "http://www.ykvs.ntpc.edu.tw",
				"場館停車場類型": "無停車場"
			}
		},
		{
			"type": "Feature",
			"geometry": {
				"type": "Point",
				"coordinates": [121.5876245, 25.07718382]
			},
			"properties": {
				"場館編號": 2521,
				"場館名稱": "內湖高中籃球場",
				"所在地址": "臺北市內湖區紫陽里文德路218號",
				"場館連絡電話": "02-27977035",
				"場館官方網站": "http://web.nhsh.tp.edu.tw/",
				"場館停車場類型": "一般及無障礙停車場"
			}
		},
		{
			"type": "Feature",
			"geometry": {
				"type": "Point",
				"coordinates": [121.5448594, 25.02211203]
			},
			"properties": {
				"場館編號": 2558,
				"場館名稱": "臺北教育大學網球場",
				"所在地址": "臺北市大安區和平東路二段134號",
				"場館連絡電話": "02-27321104#83412",
				"場館官方網站": "http://www.ntue.edu.tw/",
				"場館停車場類型": ""
			}
		},
		{
			"type": "Feature",
			"geometry": {
				"type": "Point",
				"coordinates": [121.5348816, 25.11611569]
			},
			"properties": {
				"場館編號": 2573,
				"場館名稱": "臺北市立大學體育館（天母校區）",
				"所在地址": "臺北市士林區忠誠路二段101號",
				"場館連絡電話": "02-28718288#7314",
				"場館官方網站": "http://www.uTaipei.edu.tw",
				"場館停車場類型": "一般及無障礙停車場"
			}
		},
		{
			"type": "Feature",
			"geometry": {
				"type": "Point",
				"coordinates": [121.5445161, 25.02318143]
			},
			"properties": {
				"場館編號": 2575,
				"場館名稱": "臺北教育大學排球場",
				"所在地址": "臺北市大安區和平東路二段134號",
				"場館連絡電話": "02-27321104#83412",
				"場館官方網站": "http://www.ntue.edu.tw/",
				"場館停車場類型": ""
			}
		},
		{
			"type": "Feature",
			"geometry": {
				"type": "Point",
				"coordinates": [121.5447092, 25.02341476]
			},
			"properties": {
				"場館編號": 2584,
				"場館名稱": "臺北教育大學籃球場",
				"所在地址": "臺北市大安區和平東路二段134號",
				"場館連絡電話": "02-27321104#83412",
				"場館官方網站": "http://www.ntue.edu.tw/",
				"場館停車場類型": ""
			}
		},
		{
			"type": "Feature",
			"geometry": {
				"type": "Point",
				"coordinates": [121.5126085, 25.02953932]
			},
			"properties": {
				"場館編號": 2618,
				"場館名稱": "建國中學活動中心",
				"所在地址": "臺北市中正區龍光里南海路56號",
				"場館連絡電話": "02-23034381",
				"場館官方網站": "https://www2.ck.tp.edu.tw/",
				"場館停車場類型": "一般及無障礙停車場"
			}
		},
		{
			"type": "Feature",
			"geometry": {
				"type": "Point",
				"coordinates": [121.4044833, 25.06906943]
			},
			"properties": {
				"場館編號": 2623,
				"場館名稱": "臺灣師範大學田徑場(含足球場)",
				"所在地址": "新北市林口區仁愛路一段2號",
				"場館連絡電話": "02-77148466",
				"場館官方網站": "http://www.ntnu.edu.tw",
				"場館停車場類型": ""
			}
		},
		{
			"type": "Feature",
			"geometry": {
				"type": "Point",
				"coordinates": [121.5131342, 25.02972889]
			},
			"properties": {
				"場館編號": 2624,
				"場館名稱": "建國中學籃球場",
				"所在地址": "臺北市中正區龍光里南海路56號",
				"場館連絡電話": "02-23034381#308",
				"場館官方網站": "http://www.ck.tp.edu.tw",
				"場館停車場類型": "一般及無障礙停車場"
			}
		},
		{
			"type": "Feature",
			"geometry": {
				"type": "Point",
				"coordinates": [121.4030242, 25.06939013]
			},
			"properties": {
				"場館編號": 2631,
				"場館名稱": "臺灣師範大學室外網球場",
				"所在地址": "新北市林口區仁愛路一段2號",
				"場館連絡電話": "02-77148466",
				"場館官方網站": "http://www.ntnu.edu.tw",
				"場館停車場類型": ""
			}
		},
		{
			"type": "Feature",
			"geometry": {
				"type": "Point",
				"coordinates": [121.5133756, 25.03009343]
			},
			"properties": {
				"場館編號": 2637,
				"場館名稱": "建國中學排球場(館)",
				"所在地址": "臺北市中正區龍光里南海路56號",
				"場館連絡電話": "02-23034381#308",
				"場館官方網站": "http://www.ck.tp.edu.tw",
				"場館停車場類型": "一般及無障礙停車場"
			}
		},
		{
			"type": "Feature",
			"geometry": {
				"type": "Point",
				"coordinates": [121.5125495, 25.03010559]
			},
			"properties": {
				"場館編號": 2641,
				"場館名稱": "建國中學田徑場",
				"所在地址": "臺北市中正區龍光里南海路56號",
				"場館連絡電話": "02-23034381#308",
				"場館官方網站": "http://www.ck.tp.edu.tw",
				"場館停車場類型": "一般及無障礙停車場"
			}
		},
		{
			"type": "Feature",
			"geometry": {
				"type": "Point",
				"coordinates": [121.5396492, 24.97136915]
			},
			"properties": {
				"場館編號": 2654,
				"場館名稱": "崇光女子高級中學舞蹈教室",
				"所在地址": "新北市新店區三民路19號",
				"場館連絡電話": "02-29112543#225",
				"場館官方網站": "http://www.ckgsh.ntpc.edu.tw",
				"場館停車場類型": "一般及無障礙停車場"
			}
		},
		{
			"type": "Feature",
			"geometry": {
				"type": "Point",
				"coordinates": [121.5388834, 24.97153814]
			},
			"properties": {
				"場館編號": 2657,
				"場館名稱": "崇光女子高級中學桌球場(館)",
				"所在地址": "新北市新店區三民路18號",
				"場館連絡電話": "02-29112543#225",
				"場館官方網站": "http://www.ckgsh.ntpc.edu.tw",
				"場館停車場類型": "無停車場"
			}
		},
		{
			"type": "Feature",
			"geometry": {
				"type": "Point",
				"coordinates": [121.479156, 25.07989012]
			},
			"properties": {
				"場館編號": 2666,
				"場館名稱": "徐匯高中籃球場",
				"所在地址": "新北市蘆洲區中山一路1號",
				"場館連絡電話": "02-22817565#8204",
				"場館官方網站": "http://www.sish.ntpc.edu.tw",
				"場館停車場類型": ""
			}
		},
		{
			"type": "Feature",
			"geometry": {
				"type": "Point",
				"coordinates": [121.5547943, 24.9984467]
			},
			"properties": {
				"場館編號": 2701,
				"場館名稱": "中國科技大學健身房(含重量訓練室)",
				"所在地址": "臺北市文山區興隆路三段56號",
				"場館連絡電話": "02-29313416#2149",
				"場館官方網站": "http://www.cute.edu.tw/",
				"場館停車場類型": "無停車場"
			}
		},
		{
			"type": "Feature",
			"geometry": {
				"type": "Point",
				"coordinates": [121.5546817, 24.99874328]
			},
			"properties": {
				"場館編號": 2704,
				"場館名稱": "中國科技大學撞球場",
				"所在地址": "臺北市文山區興隆路三段56號",
				"場館連絡電話": "02-29313416#2149",
				"場館官方網站": "http://www.cute.edu.tw/",
				"場館停車場類型": "無停車場"
			}
		},
		{
			"type": "Feature",
			"geometry": {
				"type": "Point",
				"coordinates": [121.5355682, 25.05556045]
			},
			"properties": {
				"場館編號": 2710,
				"場館名稱": "田徑場",
				"所在地址": "臺北市中山區中央里長春路167號",
				"場館連絡電話": "02-25054269#122",
				"場館官方網站": "http://www.ttsh.tp.edu.tw/releaseRedirect.do?unitID=183&pageID=3042",
				"場館停車場類型": ""
			}
		},
		{
			"type": "Feature",
			"geometry": {
				"type": "Point",
				"coordinates": [121.536217, 25.05617826]
			},
			"properties": {
				"場館編號": 2713,
				"場館名稱": "大同高中籃球場",
				"所在地址": "臺北市中山區中央里長春路167號",
				"場館連絡電話": "02-25054269#122",
				"場館官方網站": "http://www.ttsh.tp.edu.tw/releaseRedirect.do?unitID=183&pageID=3042",
				"場館停車場類型": "無停車場"
			}
		},
		{
			"type": "Feature",
			"geometry": {
				"type": "Point",
				"coordinates": [121.535359, 25.09720512]
			},
			"properties": {
				"場館編號": 2722,
				"場館名稱": "泰北高中體育館",
				"所在地址": "臺北市士林區福林里福林路240號",
				"場館連絡電話": "02-28825560#332",
				"場館官方網站": "http://www.tpsh.tp.edu.tw",
				"場館停車場類型": "一般及無障礙停車場"
			}
		},
		{
			"type": "Feature",
			"geometry": {
				"type": "Point",
				"coordinates": [121.5346509, 25.05621164]
			},
			"properties": {
				"場館編號": 2726,
				"場館名稱": "大同高中排球場",
				"所在地址": "臺北市中山區中央里長春路167號",
				"場館連絡電話": "02-25054269#122",
				"場館官方網站": "http://www.ttsh.tp.edu.tw/releaseRedirect.do?unitID=183&pageID=3042",
				"場館停車場類型": "無停車場"
			}
		},
		{
			"type": "Feature",
			"geometry": {
				"type": "Point",
				"coordinates": [121.4533424, 25.18791328]
			},
			"properties": {
				"場館編號": 2735,
				"場館名稱": "淡水商工朝陽館",
				"所在地址": "新北市淡水區商工路307號",
				"場館連絡電話": "02-26203930#246",
				"場館官方網站": "http://www.tsvs.ntpc.edu.tw",
				"場館停車場類型": "無停車場"
			}
		},
		{
			"type": "Feature",
			"geometry": {
				"type": "Point",
				"coordinates": [121.862036, 25.03698074]
			},
			"properties": {
				"場館編號": 2762,
				"場館名稱": "雙溪高中活動中心",
				"所在地址": "新北市雙溪區梅竹蹊3號",
				"場館連絡電話": "02-24931028#221",
				"場館官方網站": "http://www.sxhs.ntpc.edu.tw",
				"場館停車場類型": "無停車場"
			}
		},
		{
			"type": "Feature",
			"geometry": {
				"type": "Point",
				"coordinates": [121.5079147, 24.98054398]
			},
			"properties": {
				"場館編號": 2764,
				"場館名稱": "華夏科技大學綜合體育館",
				"所在地址": "新北市中和區工專路111號",
				"場館連絡電話": "02-89415116",
				"場館官方網站": "http://www.hwh.edu.tw",
				"場館停車場類型": ""
			}
		},
		{
			"type": "Feature",
			"geometry": {
				"type": "Point",
				"coordinates": [121.5371883, 25.1102189]
			},
			"properties": {
				"場館編號": 2768,
				"場館名稱": "臺北市立大學詩欣館（天母校區）",
				"所在地址": "臺北市士林區忠誠路二段101號",
				"場館連絡電話": "02-28718288#7314",
				"場館官方網站": "http://www.uTaipei.edu.tw",
				"場館停車場類型": "一般及無障礙停車場"
			}
		},
		{
			"type": "Feature",
			"geometry": {
				"type": "Point",
				"coordinates": [121.5347421, 25.05584231]
			},
			"properties": {
				"場館編號": 2788,
				"場館名稱": "大同高中游泳池(館)",
				"所在地址": "臺北市中山區中央里長春路167號",
				"場館連絡電話": "02-25054269",
				"場館官方網站": "http://www.ttsh.tp.edu.tw/releaseRedirect.do?unitID=183&pageID=3042",
				"場館停車場類型": "無停車場"
			}
		},
		{
			"type": "Feature",
			"geometry": {
				"type": "Point",
				"coordinates": [121.5357238, 25.0568531]
			},
			"properties": {
				"場館編號": 2797,
				"場館名稱": "大同高中活動中心",
				"所在地址": "臺北市中山區中央里長春路167號",
				"場館連絡電話": "02-25054269#122",
				"場館官方網站": "http://www.ttsh.tp.edu.tw/releaseRedirect.do?unitID=183&pageID=3042",
				"場館停車場類型": "無停車場"
			}
		},
		{
			"type": "Feature",
			"geometry": {
				"type": "Point",
				"coordinates": [121.6913402, 24.98133171]
			},
			"properties": {
				"場館編號": 2799,
				"場館名稱": "室內體育館",
				"所在地址": "新北市石碇區華梵路1號",
				"場館連絡電話": "02-26632102#2710",
				"場館官方網站": "http://www.hfu.edu.tw",
				"場館停車場類型": "一般及無障礙停車場"
			}
		},
		{
			"type": "Feature",
			"geometry": {
				"type": "Point",
				"coordinates": [121.5035212, 25.00203147]
			},
			"properties": {
				"場館編號": 2803,
				"場館名稱": "行健大樓一樓籃球場",
				"所在地址": "新北市中和區廣福路41號",
				"場館連絡電話": "02-22453000#471",
				"場館官方網站": "http://www.nssh.ntpc.edu.tw",
				"場館停車場類型": "無停車場"
			}
		},
		{
			"type": "Feature",
			"geometry": {
				"type": "Point",
				"coordinates": [121.5353, 25.02166604]
			},
			"properties": {
				"場館編號": 2811,
				"場館名稱": "國立臺灣大學綜合體育館",
				"所在地址": "臺北市大安區羅斯福路四段1號",
				"場館連絡電話": "02-33665959#272",
				"場館官方網站": "https://ntusportscenter.ntu.edu.tw/#/",
				"場館停車場類型": "一般及無障礙停車場"
			}
		},
		{
			"type": "Feature",
			"geometry": {
				"type": "Point",
				"coordinates": [121.4166337, 25.02105234]
			},
			"properties": {
				"場館編號": 2815,
				"場館名稱": "丹鳳高中籃球場",
				"所在地址": "新北市新莊區龍安路72號",
				"場館連絡電話": "02-29089627",
				"場館官方網站": "http://www.dfsh.ntpc.edu.tw/",
				"場館停車場類型": "無停車場"
			}
		},
		{
			"type": "Feature",
			"geometry": {
				"type": "Point",
				"coordinates": [121.5870881, 25.07784947]
			},
			"properties": {
				"場館編號": 2845,
				"場館名稱": "內湖高中排球場",
				"所在地址": "臺北市內湖區紫陽里文德路218號",
				"場館連絡電話": "02-27977035",
				"場館官方網站": "http://web.nhsh.tp.edu.tw/",
				"場館停車場類型": "一般及無障礙停車場"
			}
		},
		{
			"type": "Feature",
			"geometry": {
				"type": "Point",
				"coordinates": [121.4781625, 24.99445071]
			},
			"properties": {
				"場館編號": 2846,
				"場館名稱": "中和高中活動中心",
				"所在地址": "新北市中和區連城路460號",
				"場館連絡電話": "02-22227146#340",
				"場館官方網站": "http://www.chshs.ntpc.edu.tw",
				"場館停車場類型": "一般及無障礙停車場"
			}
		},
		{
			"type": "Feature",
			"geometry": {
				"type": "Point",
				"coordinates": [121.4774299, 24.99533651]
			},
			"properties": {
				"場館編號": 2863,
				"場館名稱": "中和高中籃球場",
				"所在地址": "新北市中和區連城路460號",
				"場館連絡電話": "02-22227146#340",
				"場館官方網站": "http://www.chshs.ntpc.edu.tw",
				"場館停車場類型": ""
			}
		},
		{
			"type": "Feature",
			"geometry": {
				"type": "Point",
				"coordinates": [121.4165425, 25.02105234]
			},
			"properties": {
				"場館編號": 5100,
				"場館名稱": "丹鳳高中田徑場",
				"所在地址": "新北市新莊區龍安路72號",
				"場館連絡電話": "02-29089627#115",
				"場館官方網站": "http://www.dfsh.ntpc.edu.tw/",
				"場館停車場類型": "無停車場"
			}
		},
		{
			"type": "Feature",
			"geometry": {
				"type": "Point",
				"coordinates": [121.5335083, 25.0855989]
			},
			"properties": {
				"場館編號": 5111,
				"場館名稱": "銘傳大學體育館",
				"所在地址": "臺北市士林區中山北路五段250號",
				"場館連絡電話": "02-28824564#2325",
				"場館官方網站": "http://www.mcu.edu.tw",
				"場館停車場類型": "一般及無障礙停車場"
			}
		},
		{
			"type": "Feature",
			"geometry": {
				"type": "Point",
				"coordinates": [121.4913398, 25.02971345]
			},
			"properties": {
				"場館編號": 5113,
				"場館名稱": "大理高中活動中心",
				"所在地址": "臺北市萬華區長順街2號",
				"場館連絡電話": "02-23026959#136",
				"場館官方網站": "http://www.tlsh.tp.edu.tw",
				"場館停車場類型": ""
			}
		},
		{
			"type": "Feature",
			"geometry": {
				"type": "Point",
				"coordinates": [121.4575428, 24.97227731]
			},
			"properties": {
				"場館編號": 5143,
				"場館名稱": "宏國德霖科技學院田徑場",
				"所在地址": "新北市土城區青雲路380巷1號",
				"場館連絡電話": "02-22733567#605",
				"場館官方網站": "http://www.dlit.edu.tw",
				"場館停車場類型": ""
			}
		},
		{
			"type": "Feature",
			"geometry": {
				"type": "Point",
				"coordinates": [121.4169288, 25.02092596]
			},
			"properties": {
				"場館編號": 5153,
				"場館名稱": "丹鳳高中跆拳道場/館",
				"所在地址": "新北市新莊區龍安路72號",
				"場館連絡電話": "02-29089627#115",
				"場館官方網站": "http://www.dfsh.ntpc.edu.tw/",
				"場館停車場類型": "無停車場"
			}
		},
		{
			"type": "Feature",
			"geometry": {
				"type": "Point",
				"coordinates": [121.4166605, 25.02105234]
			},
			"properties": {
				"場館編號": 5156,
				"場館名稱": "丹鳳高中半場籃球場",
				"所在地址": "新北市新莊區龍安路72號",
				"場館連絡電話": "02-29089627#115",
				"場館官方網站": "http://www.dfsh.ntpc.edu.tw/",
				"場館停車場類型": "無停車場"
			}
		},
		{
			"type": "Feature",
			"geometry": {
				"type": "Point",
				"coordinates": [121.5613765, 25.02602989]
			},
			"properties": {
				"場館編號": 5157,
				"場館名稱": "臺北醫學大學綜合球場",
				"所在地址": "臺北市信義區吳興街250號",
				"場館連絡電話": "02-27361661#2274",
				"場館官方網站": "http://pe.tmu.edu.tw",
				"場館停車場類型": ""
			}
		},
		{
			"type": "Feature",
			"geometry": {
				"type": "Point",
				"coordinates": [121.5230155, 25.04301229]
			},
			"properties": {
				"場館編號": 5166,
				"場館名稱": "成功高中運動中心(舞動陽光有限公司成功營業所)",
				"所在地址": "臺北市中正區濟南路1段71號",
				"場館連絡電話": "02-23216256#276",
				"場館官方網站": "http://www.cksh.tp.edu.tw",
				"場館停車場類型": "一般及無障礙停車場"
			}
		},
		{
			"type": "Feature",
			"geometry": {
				"type": "Point",
				"coordinates": [121.4575374, 24.97228703]
			},
			"properties": {
				"場館編號": 5184,
				"場館名稱": "宏國德霖科技學院網球場(館)",
				"所在地址": "新北市土城區青雲路380巷1號",
				"場館連絡電話": "02-22733567#605",
				"場館官方網站": "http://www.dlit.edu.tw",
				"場館停車場類型": ""
			}
		},
		{
			"type": "Feature",
			"geometry": {
				"type": "Point",
				"coordinates": [121.5613228, 25.02600072]
			},
			"properties": {
				"場館編號": 5203,
				"場館名稱": "臺北醫學大學游泳池(館)",
				"所在地址": "臺北市信義區吳興街250號",
				"場館連絡電話": "02-27399118",
				"場館官方網站": "http://pe.tmu.edu.tw",
				"場館停車場類型": ""
			}
		},
		{
			"type": "Feature",
			"geometry": {
				"type": "Point",
				"coordinates": [121.4776862, 24.99545175]
			},
			"properties": {
				"場館編號": 5216,
				"場館名稱": "中和高中游泳池(館)",
				"所在地址": "新北市中和區連城路460號",
				"場館連絡電話": "02-22227146#340",
				"場館官方網站": "http://www.chshs.ntpc.edu.tw",
				"場館停車場類型": ""
			}
		},
		{
			"type": "Feature",
			"geometry": {
				"type": "Point",
				"coordinates": [121.5340716, 25.05627967]
			},
			"properties": {
				"場館編號": 5225,
				"場館名稱": "大同高中柔道場",
				"所在地址": "臺北市中山區中央里長春路167號",
				"場館連絡電話": "02-25054269#122",
				"場館官方網站": "http://www.ttsh.tp.edu.tw/releaseRedirect.do?unitID=183&pageID=3042",
				"場館停車場類型": "無停車場"
			}
		},
		{
			"type": "Feature",
			"geometry": {
				"type": "Point",
				"coordinates": [121.5613496, 25.02600558]
			},
			"properties": {
				"場館編號": 5226,
				"場館名稱": "臺北醫學大學健身房(含重量訓練室)",
				"所在地址": "臺北市信義區吳興街250號",
				"場館連絡電話": "(02)27361661",
				"場館官方網站": "http://pe.tmu.edu.tw",
				"場館停車場類型": ""
			}
		},
		{
			"type": "Feature",
			"geometry": {
				"type": "Point",
				"coordinates": [121.5613443, 25.02600072]
			},
			"properties": {
				"場館編號": 5233,
				"場館名稱": "臺北醫學大學體適能教室",
				"所在地址": "臺北市信義區吳興街250號",
				"場館連絡電話": "(02)27361661",
				"場館官方網站": "http://pe.tmu.edu.tw",
				"場館停車場類型": ""
			}
		},
		{
			"type": "Feature",
			"geometry": {
				"type": "Point",
				"coordinates": [121.5611994, 25.02590351]
			},
			"properties": {
				"場館編號": 5240,
				"場館名稱": "臺北醫學大學桌球場(館)",
				"所在地址": "臺北市信義區吳興街250號",
				"場館連絡電話": "(02)27361661",
				"場館官方網站": "http://pe.tmu.edu.tw",
				"場館停車場類型": ""
			}
		},
		{
			"type": "Feature",
			"geometry": {
				"type": "Point",
				"coordinates": [121.561178, 25.0258792]
			},
			"properties": {
				"場館編號": 5242,
				"場館名稱": "臺北醫學大學攀岩場",
				"所在地址": "臺北市信義區吳興街250號",
				"場館連絡電話": "(02)27361661",
				"場館官方網站": "http://pe.tmu.edu.tw",
				"場館停車場類型": ""
			}
		},
		{
			"type": "Feature",
			"geometry": {
				"type": "Point",
				"coordinates": [121.4735448, 25.13632001]
			},
			"properties": {
				"場館編號": 5243,
				"場館名稱": "臺北藝術大學游泳池(館)",
				"所在地址": "臺北市北投區學園路1號",
				"場館連絡電話": "02-28941022",
				"場館官方網站": "http://www.tnua.edu.tw",
				"場館停車場類型": "一般及無障礙停車場"
			}
		},
		{
			"type": "Feature",
			"geometry": {
				"type": "Point",
				"coordinates": [121.5615213, 25.0258792]
			},
			"properties": {
				"場館編號": 5256,
				"場館名稱": "臺北醫學大學田徑場",
				"所在地址": "臺北市信義區吳興街250號",
				"場館連絡電話": "(02)27361661",
				"場館官方網站": "http://pe.tmu.edu.tw",
				"場館停車場類型": ""
			}
		},
		{
			"type": "Feature",
			"geometry": {
				"type": "Point",
				"coordinates": [121.5613389, 25.02602503]
			},
			"properties": {
				"場館編號": 5262,
				"場館名稱": "臺北醫學大學高爾夫球練習場",
				"所在地址": "臺北市信義區吳興街250號",
				"場館連絡電話": "(02)27361661",
				"場館官方網站": "http://pe.tmu.edu.tw",
				"場館停車場類型": ""
			}
		},
		{
			"type": "Feature",
			"geometry": {
				"type": "Point",
				"coordinates": [121.5614033, 25.02604447]
			},
			"properties": {
				"場館編號": 5264,
				"場館名稱": "臺北醫學大學籃球場",
				"所在地址": "臺北市信義區吳興街250號",
				"場館連絡電話": "(02)27361661",
				"場館官方網站": "http://pe.tmu.edu.tw",
				"場館停車場類型": ""
			}
		},
		{
			"type": "Feature",
			"geometry": {
				"type": "Point",
				"coordinates": [121.561355, 25.0260153]
			},
			"properties": {
				"場館編號": 5268,
				"場館名稱": "臺北醫學大學排球場(館)",
				"所在地址": "臺北市信義區吳興街250號",
				"場館連絡電話": "(02)27361661",
				"場館官方網站": "http://pe.tmu.edu.tw",
				"場館停車場類型": ""
			}
		},
		{
			"type": "Feature",
			"geometry": {
				"type": "Point",
				"coordinates": [121.5614033, 25.02604933]
			},
			"properties": {
				"場館編號": 5275,
				"場館名稱": "臺北醫學大學網球場(館)",
				"所在地址": "臺北市信義區吳興街250號",
				"場館連絡電話": "07-27361661#2274",
				"場館官方網站": "http://pe.tmu.edu.tw",
				"場館停車場類型": ""
			}
		},
		{
			"type": "Feature",
			"geometry": {
				"type": "Point",
				"coordinates": [121.543234, 25.01463568]
			},
			"properties": {
				"場館編號": 5276,
				"場館名稱": "臺灣科技大學體育館",
				"所在地址": "臺北市大安區基隆路四段43號",
				"場館連絡電話": "02-27333141#7168",
				"場館官方網站": "http://www.ntust.edu.tw",
				"場館停車場類型": "一般及無障礙停車場"
			}
		},
		{
			"type": "Feature",
			"geometry": {
				"type": "Point",
				"coordinates": [121.4737594, 25.13758267]
			},
			"properties": {
				"場館編號": 5277,
				"場館名稱": "臺北藝術大學田徑場",
				"所在地址": "臺北市北投區學園路1號",
				"場館連絡電話": "02-28961000#3663",
				"場館官方網站": "http://www.tnua.edu.tw",
				"場館停車場類型": "一般及無障礙停車場"
			}
		},
		{
			"type": "Feature",
			"geometry": {
				"type": "Point",
				"coordinates": [121.4458001, 25.00546353]
			},
			"properties": {
				"場館編號": 5345,
				"場館名稱": "華僑高級中學排球場(館)",
				"所在地址": "新北市板橋區大觀路一段32號",
				"場館連絡電話": "02-29684131#341",
				"場館官方網站": "http://www.nocsh.ntpc.edu.tw",
				"場館停車場類型": ""
			}
		},
		{
			"type": "Feature",
			"geometry": {
				"type": "Point",
				"coordinates": [121.4734375, 25.13720388]
			},
			"properties": {
				"場館編號": 5348,
				"場館名稱": "臺北藝術大學籃球場",
				"所在地址": "臺北市北投區學園路1號",
				"場館連絡電話": "02-28961000#3663",
				"場館官方網站": "http://www.tnua.edu.tw",
				"場館停車場類型": "一般及無障礙停車場"
			}
		},
		{
			"type": "Feature",
			"geometry": {
				"type": "Point",
				"coordinates": [121.4746499, 25.13652398]
			},
			"properties": {
				"場館編號": 5349,
				"場館名稱": "臺北藝術大學網球場(館)",
				"所在地址": "臺北市北投區學園路1號",
				"場館連絡電話": "02-28961000#3663",
				"場館官方網站": "http://www.tnua.edu.tw",
				"場館停車場類型": "一般及無障礙停車場"
			}
		},
		{
			"type": "Feature",
			"geometry": {
				"type": "Point",
				"coordinates": [121.47443, 25.13650941]
			},
			"properties": {
				"場館編號": 5350,
				"場館名稱": "臺北藝術大學排球場(館)",
				"所在地址": "臺北市北投區學園路1號",
				"場館連絡電話": "02-28961000#3663",
				"場館官方網站": "http://www.tnua.edu.tw",
				"場館停車場類型": "一般及無障礙停車場"
			}
		},
		{
			"type": "Feature",
			"geometry": {
				"type": "Point",
				"coordinates": [121.4460844, 25.00612847]
			},
			"properties": {
				"場館編號": 5365,
				"場館名稱": "華僑高級中學體育館",
				"所在地址": "新北市板橋區大觀路一段32號",
				"場館連絡電話": "02-29684131#341",
				"場館官方網站": "http://www.nocsh.ntpc.edu.tw",
				"場館停車場類型": ""
			}
		},
		{
			"type": "Feature",
			"geometry": {
				"type": "Point",
				"coordinates": [121.4458108, 25.00529228]
			},
			"properties": {
				"場館編號": 5366,
				"場館名稱": "華僑高級中學籃球場",
				"所在地址": "新北市板橋區大觀路一段32號",
				"場館連絡電話": "02-29684131#341",
				"場館官方網站": "http://www.nocsh.ntpc.edu.tw",
				"場館停車場類型": ""
			}
		},
		{
			"type": "Feature",
			"geometry": {
				"type": "Point",
				"coordinates": [121.4470124, 25.00512455]
			},
			"properties": {
				"場館編號": 5368,
				"場館名稱": "華僑高級中學游泳池(館)",
				"所在地址": "新北市板橋區大觀路一段32號",
				"場館連絡電話": "02-29684131#341",
				"場館官方網站": "http://www.nocsh.ntpc.edu.tw",
				"場館停車場類型": "無停車場"
			}
		},
		{
			"type": "Feature",
			"geometry": {
				"type": "Point",
				"coordinates": [121.4469534, 25.00591456]
			},
			"properties": {
				"場館編號": 5371,
				"場館名稱": "華僑高級中學田徑場",
				"所在地址": "新北市板橋區大觀路一段32號",
				"場館連絡電話": "02-29684131#341",
				"場館官方網站": "http://www.nocsh.ntpc.edu.tw",
				"場館停車場類型": ""
			}
		},
		{
			"type": "Feature",
			"geometry": {
				"type": "Point",
				"coordinates": [121.4462507, 25.00695493]
			},
			"properties": {
				"場館編號": 5376,
				"場館名稱": "華僑高級中學網球場(館)",
				"所在地址": "新北市板橋區大觀路一段32號",
				"場館連絡電話": "02-29684131#341",
				"場館官方網站": "http://www.nocsh.ntpc.edu.tw",
				"場館停車場類型": ""
			}
		},
		{
			"type": "Feature",
			"geometry": {
				"type": "Point",
				"coordinates": [121.334939, 24.94051841]
			},
			"properties": {
				"場館編號": 5408,
				"場館名稱": "鶯歌工商棒球打擊練習場",
				"所在地址": "新北市鶯歌區中正三路154號",
				"場館連絡電話": "02-26775040#823",
				"場館官方網站": "http://www.ykvs.ntpc.edu.tw",
				"場館停車場類型": "一般及無障礙停車場"
			}
		},
		{
			"type": "Feature",
			"geometry": {
				"type": "Point",
				"coordinates": [121.5276611, 25.0870467]
			},
			"properties": {
				"場館編號": 5409,
				"場館名稱": "銘傳大學羽球場(館)",
				"所在地址": "臺北市士林區中山北路五段250號",
				"場館連絡電話": "02-28824564#2325",
				"場館官方網站": "http://www.mcu.edu.tw",
				"場館停車場類型": "一般及無障礙停車場"
			}
		},
		{
			"type": "Feature",
			"geometry": {
				"type": "Point",
				"coordinates": [121.5276289, 25.08700783]
			},
			"properties": {
				"場館編號": 5421,
				"場館名稱": "銘傳大學室外籃球場",
				"所在地址": "臺北市士林區中山北路五段250號",
				"場館連絡電話": "02-28824564#2325",
				"場館官方網站": "http://www.mcu.edu.tw",
				"場館停車場類型": "一般及無障礙停車場"
			}
		},
		{
			"type": "Feature",
			"geometry": {
				"type": "Point",
				"coordinates": [121.5276504, 25.08701755]
			},
			"properties": {
				"場館編號": 5430,
				"場館名稱": "銘傳大學田徑場",
				"所在地址": "臺北市士林區中山北路五段250號",
				"場館連絡電話": "02-28824564#2325",
				"場館官方網站": "http://www.mcu.edu.tw",
				"場館停車場類型": "一般及無障礙停車場"
			}
		},
		{
			"type": "Feature",
			"geometry": {
				"type": "Point",
				"coordinates": [121.5877104, 25.0812481]
			},
			"properties": {
				"場館編號": 5439,
				"場館名稱": "達人女中籃球場",
				"所在地址": "臺北市內湖區內湖路二段314號",
				"場館連絡電話": "02-27956899#401",
				"場館官方網站": "http://www.trgsh.tp.edu.tw",
				"場館停車場類型": "無停車場"
			}
		},
		{
			"type": "Feature",
			"geometry": {
				"type": "Point",
				"coordinates": [121.5276343, 25.08703698]
			},
			"properties": {
				"場館編號": 5447,
				"場館名稱": "銘傳大學健身房(含重量訓練室)",
				"所在地址": "臺北市士林區中山北路五段250號",
				"場館連絡電話": "02-28824564#2325",
				"場館官方網站": "http://www.mcu.edu.tw",
				"場館停車場類型": "一般及無障礙停車場"
			}
		},
		{
			"type": "Feature",
			"geometry": {
				"type": "Point",
				"coordinates": [121.5431964, 25.0146211]
			},
			"properties": {
				"場館編號": 5542,
				"場館名稱": "國立臺灣科技大學游泳池(館)",
				"所在地址": "臺北市大安區基隆路四段43號",
				"場館連絡電話": "02-27333141#5530",
				"場館官方網站": "http://www.ntust.edu.tw",
				"場館停車場類型": "一般及無障礙停車場"
			}
		},
		{
			"type": "Feature",
			"geometry": {
				"type": "Point",
				"coordinates": [121.543234, 25.01463082]
			},
			"properties": {
				"場館編號": 5562,
				"場館名稱": "臺灣科技大學田徑場",
				"所在地址": "臺北市大安區基隆路四段43號",
				"場館連絡電話": "02-27333141#7168",
				"場館官方網站": "http://www.ntust.edu.tw",
				"場館停車場類型": "一般及無障礙停車場"
			}
		},
		{
			"type": "Feature",
			"geometry": {
				"type": "Point",
				"coordinates": [121.5432394, 25.01463568]
			},
			"properties": {
				"場館編號": 5567,
				"場館名稱": "臺灣科技大學籃球場",
				"所在地址": "臺北市大安區基隆路四段43號",
				"場館連絡電話": "02-27333141#7168",
				"場館官方網站": "http://www.ntust.edu.tw",
				"場館停車場類型": "一般及無障礙停車場"
			}
		},
		{
			"type": "Feature",
			"geometry": {
				"type": "Point",
				"coordinates": [121.5432501, 25.01466242]
			},
			"properties": {
				"場館編號": 5577,
				"場館名稱": "臺灣科技大學網球場(館)",
				"所在地址": "臺北市大安區基隆路四段43號",
				"場館連絡電話": "02-27333141#7168",
				"場館官方網站": "http://www.ntust.edu.tw",
				"場館停車場類型": "一般及無障礙停車場"
			}
		},
		{
			"type": "Feature",
			"geometry": {
				"type": "Point",
				"coordinates": [121.5432715, 25.01463568]
			},
			"properties": {
				"場館編號": 5587,
				"場館名稱": "臺灣科技大學排球場(館)",
				"所在地址": "臺北市大安區基隆路四段43號",
				"場館連絡電話": "02-27333141#7168",
				"場館官方網站": "http://www.ntust.edu.tw",
				"場館停車場類型": "一般及無障礙停車場"
			}
		},
		{
			"type": "Feature",
			"geometry": {
				"type": "Point",
				"coordinates": [121.5432769, 25.01463568]
			},
			"properties": {
				"場館編號": 5613,
				"場館名稱": "臺灣科技大學撞球場",
				"所在地址": "臺北市大安區基隆路四段43號",
				"場館連絡電話": "02-27376912",
				"場館官方網站": "http://www.ntust.edu.tw",
				"場館停車場類型": "一般及無障礙停車場"
			}
		},
		{
			"type": "Feature",
			"geometry": {
				"type": "Point",
				"coordinates": [121.5432662, 25.01463082]
			},
			"properties": {
				"場館編號": 5627,
				"場館名稱": "臺灣科技大學桌球場(館)",
				"所在地址": "臺北市大安區基隆路四段43號",
				"場館連絡電話": "02-27333141#7168",
				"場館官方網站": "http://www.ntust.edu.tw",
				"場館停車場類型": "一般及無障礙停車場"
			}
		},
		{
			"type": "Feature",
			"geometry": {
				"type": "Point",
				"coordinates": [121.8041083, 25.11102766]
			},
			"properties": {
				"場館編號": 5729,
				"場館名稱": "瑞芳高工田徑場",
				"所在地址": "新北市瑞芳區瑞芳街60號",
				"場館連絡電話": "02-24972516#206",
				"場館官方網站": "http://www.jfvs.ntpc.edu.tw",
				"場館停車場類型": "無停車場"
			}
		},
		{
			"type": "Feature",
			"geometry": {
				"type": "Point",
				"coordinates": [121.5142458, 24.96704311]
			},
			"properties": {
				"場館編號": 5756,
				"場館名稱": "田徑場",
				"所在地址": "新北市新店區安興路1號",
				"場館連絡電話": "02-22112581#245",
				"場館官方網站": "http://www.cjsh.ntpc.edu.tw",
				"場館停車場類型": ""
			}
		},
		{
			"type": "Feature",
			"geometry": {
				"type": "Point",
				"coordinates": [121.4615124, 25.14643063]
			},
			"properties": {
				"場館編號": 5764,
				"場館名稱": "竹圍高中活動中心",
				"所在地址": "新北市淡水區竹林路 35 號",
				"場館連絡電話": "02-28091557",
				"場館官方網站": "http://www.zwhs.ntpc.edu.tw/",
				"場館停車場類型": ""
			}
		},
		{
			"type": "Feature",
			"geometry": {
				"type": "Point",
				"coordinates": [121.6374707, 25.22477165]
			},
			"properties": {
				"場館編號": 5779,
				"場館名稱": "金山高中環形/直線慢跑道(非田徑場型)",
				"所在地址": "新北市金山區美田里文化二路2號",
				"場館連絡電話": "02-24982028#410",
				"場館官方網站": "http://www.cshs.ntpc.edu.tw",
				"場館停車場類型": "一般及無障礙停車場"
			}
		},
		{
			"type": "Feature",
			"geometry": {
				"type": "Point",
				"coordinates": [121.6365105, 24.9529749]
			},
			"properties": {
				"場館編號": 5796,
				"場館名稱": "雲海國小環形/直線慢跑道(非田徑場型)",
				"所在地址": "新北市石碇區北宜路五段坑內巷1號",
				"場館連絡電話": "02-26651715",
				"場館官方網站": "http://www.whies.ntpc.edu.tw",
				"場館停車場類型": "無停車場"
			}
		},
		{
			"type": "Feature",
			"geometry": {
				"type": "Point",
				"coordinates": [121.4147079, 25.00189859]
			},
			"properties": {
				"場館編號": 5810,
				"場館名稱": "武林國小運動場",
				"所在地址": "新北市樹林區保安街二段151號",
				"場館連絡電話": "02-26812475#831",
				"場館官方網站": "http://www.wles.ntpc.edu.tw",
				"場館停車場類型": ""
			}
		},
		{
			"type": "Feature",
			"geometry": {
				"type": "Point",
				"coordinates": [121.6305184, 25.23958364]
			},
			"properties": {
				"場館編號": 5830,
				"場館名稱": "中角國小田徑場",
				"所在地址": "新北市金山區海興路49號",
				"場館連絡電話": "02-24982413#16",
				"場館官方網站": "http://www.jjps.ntpc.edu.tw",
				"場館停車場類型": "無停車場"
			}
		},
		{
			"type": "Feature",
			"geometry": {
				"type": "Point",
				"coordinates": [121.453557, 25.18785502]
			},
			"properties": {
				"場館編號": 5842,
				"場館名稱": "淡水商工田徑場",
				"所在地址": "新北市淡水區商工路307號",
				"場館連絡電話": "02-26203930#246",
				"場館官方網站": "http://www.tsvs.ntpc.edu.tw",
				"場館停車場類型": "無停車場"
			}
		},
		{
			"type": "Feature",
			"geometry": {
				"type": "Point",
				"coordinates": [121.6312426, 25.24018294]
			},
			"properties": {
				"場館編號": 5843,
				"場館名稱": "中角國小籃球場",
				"所在地址": "新北市金山區海興路49號",
				"場館連絡電話": "02-24982413#16",
				"場館官方網站": "http://www.jjps.ntpc.edu.tw",
				"場館停車場類型": "無停車場"
			}
		},
		{
			"type": "Feature",
			"geometry": {
				"type": "Point",
				"coordinates": [121.4978027, 24.95314513]
			},
			"properties": {
				"場館編號": 5857,
				"場館名稱": "達觀國中(小)運動場",
				"所在地址": "新北市新店區僑信路1號",
				"場館連絡電話": "02-22159013#134",
				"場館官方網站": "http://www.dgejh.ntpc.edu.tw",
				"場館停車場類型": "一般及無障礙停車場"
			}
		},
		{
			"type": "Feature",
			"geometry": {
				"type": "Point",
				"coordinates": [121.5721992, 25.03912171]
			},
			"properties": {
				"場館編號": 5863,
				"場館名稱": "松山工農學生活動中心",
				"所在地址": "臺北市信義區忠孝東路5段236巷15號",
				"場館連絡電話": "02-27226616",
				"場館官方網站": "http://www.saihs.edu.tw",
				"場館停車場類型": "一般及無障礙停車場"
			}
		},
		{
			"type": "Feature",
			"geometry": {
				"type": "Point",
				"coordinates": [121.4592648, 25.02288925]
			},
			"properties": {
				"場館編號": 5875,
				"場館名稱": "文德國小活動中心",
				"所在地址": "新北市板橋區新翠里英士路179號",
				"場館連絡電話": "02-22577193#63",
				"場館官方網站": "http://www.wdps.ntpc.edu.tw",
				"場館停車場類型": "無停車場"
			}
		},
		{
			"type": "Feature",
			"geometry": {
				"type": "Point",
				"coordinates": [121.4165425, 24.98578087]
			},
			"properties": {
				"場館編號": 5876,
				"場館名稱": "育林國小籃球場",
				"所在地址": "新北市樹林區復興路395號",
				"場館連絡電話": "02-26832112#204",
				"場館官方網站": "http://www.yles.ntpc.edu.tw",
				"場館停車場類型": "無停車場"
			}
		},
		{
			"type": "Feature",
			"geometry": {
				"type": "Point",
				"coordinates": [121.6092324, 25.05804369]
			},
			"properties": {
				"場館編號": 5878,
				"場館名稱": "育成高中活動中心",
				"所在地址": "臺北市南港區重陽路366號",
				"場館連絡電話": "02-26530475#541",
				"場館官方網站": "http://www.yucsh.tp.edu.tw",
				"場館停車場類型": "無停車場"
			}
		},
		{
			"type": "Feature",
			"geometry": {
				"type": "Point",
				"coordinates": [121.5097332, 24.98630114]
			},
			"properties": {
				"場館編號": 5887,
				"場館名稱": "田徑場",
				"所在地址": "新北市中和區興南路一段135巷24號",
				"場館連絡電話": "02-29422349#832",
				"場館官方網站": "http://www.hnps.ntpc.edu.tw",
				"場館停車場類型": "無停車場"
			}
		},
		{
			"type": "Feature",
			"geometry": {
				"type": "Point",
				"coordinates": [121.5157561, 24.98946528]
			},
			"properties": {
				"場館編號": 5892,
				"場館名稱": "景新國小活動中心",
				"所在地址": "新北市中和區景新街467巷37號",
				"場館連絡電話": "02-29448021",
				"場館官方網站": "http://www.jsps.ntpc.edu.tw",
				"場館停車場類型": "無停車場"
			}
		},
		{
			"type": "Feature",
			"geometry": {
				"type": "Point",
				"coordinates": [121.4649725, 24.98895109]
			},
			"properties": {
				"場館編號": 5895,
				"場館名稱": "田徑場",
				"所在地址": "新北市土城區延和路23號",
				"場館連絡電話": "02-22603451#124",
				"場館官方網站": "http://www.anhoes.ntpc.edu.tw",
				"場館停車場類型": "一般及無障礙停車場"
			}
		},
		{
			"type": "Feature",
			"geometry": {
				"type": "Point",
				"coordinates": [121.3600874, 24.85844237]
			},
			"properties": {
				"場館編號": 5912,
				"場館名稱": "五寮國小操場",
				"所在地址": "新北市三峽區五寮里69號",
				"場館連絡電話": "02-26720298#25",
				"場館官方網站": "http://www.wres.ntpc.edu.tw",
				"場館停車場類型": ""
			}
		},
		{
			"type": "Feature",
			"geometry": {
				"type": "Point",
				"coordinates": [121.3952771, 25.08082623]
			},
			"properties": {
				"場館編號": 5940,
				"場館名稱": "醒吾科技大學體育中心",
				"所在地址": "新北市林口區粉寮路一段101號",
				"場館連絡電話": "935518174",
				"場館官方網站": "http://www.hwu.edu.tw",
				"場館停車場類型": "一般及無障礙停車場"
			}
		},
		{
			"type": "Feature",
			"geometry": {
				"type": "Point",
				"coordinates": [121.4520335, 25.04042668]
			},
			"properties": {
				"場館編號": 5953,
				"場館名稱": "新莊體育館",
				"所在地址": "新北市新莊區中華路一段75號",
				"場館連絡電話": "02-29981382#525",
				"場館官方網站": "http://www.t-sports.ntpc.gov.tw",
				"場館停車場類型": "一般及無障礙停車場"
			}
		},
		{
			"type": "Feature",
			"geometry": {
				"type": "Point",
				"coordinates": [121.4684862, 25.01014382]
			},
			"properties": {
				"場館編號": 5960,
				"場館名稱": "板橋第一運動場",
				"所在地址": "新北市板橋區漢生東路278號",
				"場館連絡電話": "02-29620462#202",
				"場館官方網站": "http://www.t-sports.ntpc.gov.tw",
				"場館停車場類型": "一般及無障礙停車場"
			}
		},
		{
			"type": "Feature",
			"geometry": {
				"type": "Point",
				"coordinates": [121.4472216, 25.04065997]
			},
			"properties": {
				"場館編號": 5962,
				"場館名稱": "新莊棒球場",
				"所在地址": "新北市新莊區和興街66號",
				"場館連絡電話": "02-29620462#110",
				"場館官方網站": "http://www.t-sports.ntpc.gov.tw",
				"場館停車場類型": "一般及無障礙停車場"
			}
		},
		{
			"type": "Feature",
			"geometry": {
				"type": "Point",
				"coordinates": [121.4512825, 25.04227355]
			},
			"properties": {
				"場館編號": 5968,
				"場館名稱": "新莊田徑場",
				"所在地址": "新北市新莊區和興街66號",
				"場館連絡電話": "02-29981382#525",
				"場館官方網站": "http://www.t-sports.ntpc.gov.tw",
				"場館停車場類型": "一般及無障礙停車場"
			}
		},
		{
			"type": "Feature",
			"geometry": {
				"type": "Point",
				"coordinates": [121.4267478, 24.98123472]
			},
			"properties": {
				"場館編號": 5995,
				"場館名稱": "樹林體育園區極限運動場",
				"所在地址": "新北市樹林區水源街81號",
				"場館連絡電話": "02-86865082",
				"場館官方網站": "http://www.t-sports.ntpc.gov.tw",
				"場館停車場類型": "一般及無障礙停車場"
			}
		},
		{
			"type": "Feature",
			"geometry": {
				"type": "Point",
				"coordinates": [121.4268058, 24.98220324]
			},
			"properties": {
				"場館編號": 5996,
				"場館名稱": "樹林體育園區網球場",
				"所在地址": "新北市樹林區水源街81號",
				"場館連絡電話": "02-29620462#101",
				"場館官方網站": "http://www.t-sports.ntpc.gov.tw",
				"場館停車場類型": ""
			}
		},
		{
			"type": "Feature",
			"geometry": {
				"type": "Point",
				"coordinates": [121.4261698, 24.98070891]
			},
			"properties": {
				"場館編號": 5999,
				"場館名稱": "樹林體育園區木(槌)球場",
				"所在地址": "新北市樹林區水源街81號",
				"場館連絡電話": "02-86755082",
				"場館官方網站": "http://www.t-sports.ntpc.gov.tw",
				"場館停車場類型": "一般及無障礙停車場"
			}
		},
		{
			"type": "Feature",
			"geometry": {
				"type": "Point",
				"coordinates": [121.6108713, 25.03268169]
			},
			"properties": {
				"場館編號": 6004,
				"場館名稱": "中華科技大學重量訓練室",
				"所在地址": "臺北市南港區研究院路三段245號",
				"場館連絡電話": "02-26546773",
				"場館官方網站": "http://www.cust.edu.tw/sports/",
				"場館停車場類型": "一般及無障礙停車場"
			}
		},
		{
			"type": "Feature",
			"geometry": {
				"type": "Point",
				"coordinates": [121.6108471, 25.032723]
			},
			"properties": {
				"場館編號": 6009,
				"場館名稱": "中華科技大學體適能教室",
				"所在地址": "臺北市南港區研究院路三段245號",
				"場館連絡電話": "02-26546773",
				"場館官方網站": "http://www.cust.edu.tw/sports/",
				"場館停車場類型": "一般及無障礙停車場"
			}
		},
		{
			"type": "Feature",
			"geometry": {
				"type": "Point",
				"coordinates": [121.6108471, 25.0326987]
			},
			"properties": {
				"場館編號": 6011,
				"場館名稱": "中華科技大學操場",
				"所在地址": "臺北市南港區研究院路三段245號",
				"場館連絡電話": "02-26546773",
				"場館官方網站": "http://www.cust.edu.tw/sports/",
				"場館停車場類型": "一般及無障礙停車場"
			}
		},
		{
			"type": "Feature",
			"geometry": {
				"type": "Point",
				"coordinates": [121.6100049, 25.03297332]
			},
			"properties": {
				"場館編號": 6016,
				"場館名稱": "中華科技大學舞蹈教室",
				"所在地址": "臺北市南港區研究院路三段245號",
				"場館連絡電話": "02-26546773",
				"場館官方網站": "http://www.cust.edu.tw/sports/",
				"場館停車場類型": "一般及無障礙停車場"
			}
		},
		{
			"type": "Feature",
			"geometry": {
				"type": "Point",
				"coordinates": [121.6104233, 25.03211544]
			},
			"properties": {
				"場館編號": 6017,
				"場館名稱": "中華科技大學學生活動中心",
				"所在地址": "臺北市南港區研究院路三段245號",
				"場館連絡電話": "02-26546773",
				"場館官方網站": "http://www.cust.edu.tw/sports/",
				"場館停車場類型": "一般及無障礙停車場"
			}
		},
		{
			"type": "Feature",
			"geometry": {
				"type": "Point",
				"coordinates": [121.6185504, 25.0015613]
			},
			"properties": {
				"場館編號": 6022,
				"場館名稱": "深坑國中環形/直線慢跑道(非田徑場型)",
				"所在地址": "新北市深坑區文化街41號",
				"場館連絡電話": "02-26621455",
				"場館官方網站": "http://www.skjh.ntpc.edu.tw",
				"場館停車場類型": "無停車場"
			}
		},
		{
			"type": "Feature",
			"geometry": {
				"type": "Point",
				"coordinates": [121.5432715, 25.0146454]
			},
			"properties": {
				"場館編號": 6038,
				"場館名稱": "臺灣科技大學滾球場",
				"所在地址": "臺北市大安區基隆路四段43號",
				"場館連絡電話": "02-27333141#7168",
				"場館官方網站": "http://www.ntust.edu.tw",
				"場館停車場類型": "一般及無障礙停車場"
			}
		},
		{
			"type": "Feature",
			"geometry": {
				"type": "Point",
				"coordinates": [121.4760554, 25.18621424]
			},
			"properties": {
				"場館編號": 6046,
				"場館名稱": "水源國小綜合球場(籃球場、躲避球場)",
				"所在地址": "新北市淡水區水源里北新路二段15號",
				"場館連絡電話": "02-26211347#15",
				"場館官方網站": "http://www.hyes.ntpc.edu.tw",
				"場館停車場類型": "無停車場"
			}
		},
		{
			"type": "Feature",
			"geometry": {
				"type": "Point",
				"coordinates": [121.4705622, 25.09209443]
			},
			"properties": {
				"場館編號": 6047,
				"場館名稱": "仁愛國小田徑場",
				"所在地址": "新北市蘆洲區民族路488號",
				"場館連絡電話": "02-22838815#823",
				"場館官方網站": "http://www.jaes.ntpc.edu.tw",
				"場館停車場類型": "無停車場"
			}
		},
		{
			"type": "Feature",
			"geometry": {
				"type": "Point",
				"coordinates": [121.4068973, 25.01669683]
			},
			"properties": {
				"場館編號": 6049,
				"場館名稱": "三多國小躲避球場",
				"所在地址": "新北市樹林區三福街52號",
				"場館連絡電話": "02-26880698#133",
				"場館官方網站": "http://www.sdes.ntpc.edu.tw",
				"場館停車場類型": "無停車場"
			}
		},
		{
			"type": "Feature",
			"geometry": {
				"type": "Point",
				"coordinates": [121.9887328, 25.01661905]
			},
			"properties": {
				"場館編號": 6056,
				"場館名稱": "福連國小籃球場",
				"所在地址": "新北市貢寮區福連里福連街1號",
				"場館連絡電話": "02-24991194",
				"場館官方網站": "http://www.fulps.ntpc.edu.tw",
				"場館停車場類型": "無停車場"
			}
		},
		{
			"type": "Feature",
			"geometry": {
				"type": "Point",
				"coordinates": [121.5212399, 25.04154939]
			},
			"properties": {
				"場館編號": 6062,
				"場館名稱": "開南商工活動中心",
				"所在地址": "臺北市中正區東門里濟南路1段6號",
				"場館連絡電話": "02-23212666#212",
				"場館官方網站": "http://www.knvs.tp.edu.tw",
				"場館停車場類型": "無停車場"
			}
		},
		{
			"type": "Feature",
			"geometry": {
				"type": "Point",
				"coordinates": [121.5441513, 24.97364864]
			},
			"properties": {
				"場館編號": 6079,
				"場館名稱": "北新國小體育館",
				"所在地址": "新北市新店區寶橋路8號",
				"場館連絡電話": "02-29189300#625",
				"場館官方網站": "http://www.tspes.ntpc.edu.tw",
				"場館停車場類型": "一般及無障礙停車場"
			}
		},
		{
			"type": "Feature",
			"geometry": {
				"type": "Point",
				"coordinates": [121.4028499, 25.14982984]
			},
			"properties": {
				"場館編號": 6085,
				"場館名稱": "八里國小田徑場",
				"所在地址": "新北市八里區舊城里中山路二段338號",
				"場館連絡電話": "02-26102217",
				"場館官方網站": "http://www.ples.ntpc.edu.tw",
				"場館停車場類型": "一般及無障礙停車場"
			}
		},
		{
			"type": "Feature",
			"geometry": {
				"type": "Point",
				"coordinates": [121.4266899, 24.98158272]
			},
			"properties": {
				"場館編號": 6086,
				"場館名稱": "樹林體育園區籃球場",
				"所在地址": "新北市樹林區水源街81號",
				"場館連絡電話": "02-86755082",
				"場館官方網站": "http://www.t-sports.ntpc.gov.tw",
				"場館停車場類型": "一般及無障礙停車場"
			}
		},
		{
			"type": "Feature",
			"geometry": {
				"type": "Point",
				"coordinates": [121.458149, 25.01438776]
			},
			"properties": {
				"場館編號": 6097,
				"場館名稱": "板橋第二運動場",
				"所在地址": "新北市板橋區民權路117號",
				"場館連絡電話": "02-29620462#216",
				"場館官方網站": "http://www.t-sports.ntpc.gov.tw",
				"場館停車場類型": "一般及無障礙停車場"
			}
		},
		{
			"type": "Feature",
			"geometry": {
				"type": "Point",
				"coordinates": [121.4568615, 25.01332314]
			},
			"properties": {
				"場館編號": 6103,
				"場館名稱": "板橋體育館",
				"所在地址": "新北市板橋區中正路8號",
				"場館連絡電話": "02-29620462#216",
				"場館官方網站": "http://www.t-sports.ntpc.gov.tw",
				"場館停車場類型": "一般及無障礙停車場"
			}
		},
		{
			"type": "Feature",
			"geometry": {
				"type": "Point",
				"coordinates": [121.3953531, 25.08081535]
			},
			"properties": {
				"場館編號": 6105,
				"場館名稱": "醒吾高中風雨操場",
				"所在地址": "新北市林口區粉寮路一段75巷80號",
				"場館連絡電話": "02-26012644#1102",
				"場館官方網站": "http://www.swsh.ntpc.edu.tw",
				"場館停車場類型": "無停車場"
			}
		},
		{
			"type": "Feature",
			"geometry": {
				"type": "Point",
				"coordinates": [121.452055, 25.16667849]
			},
			"properties": {
				"場館編號": 6116,
				"場館名稱": "淡水區運動公園-籃球場",
				"所在地址": "新北市淡水區竿蓁一街與中正東路一段3巷口",
				"場館連絡電話": "02-26221020#7511",
				"場館官方網站": "https://www.tamsui.ntpc.gov.tw/",
				"場館停車場類型": "無停車場"
			}
		},
		{
			"type": "Feature",
			"geometry": {
				"type": "Point",
				"coordinates": [121.4259815, 25.06512003]
			},
			"properties": {
				"場館編號": 6120,
				"場館名稱": "泰山國中活動中心",
				"所在地址": "新北市泰山區泰林路二段498號",
				"場館連絡電話": "02-22962519#152",
				"場館官方網站": "http://www.ttcjh.ntpc.edu.tw",
				"場館停車場類型": "一般及無障礙停車場"
			}
		},
		{
			"type": "Feature",
			"geometry": {
				"type": "Point",
				"coordinates": [121.4263272, 25.05559933]
			},
			"properties": {
				"場館編號": 6128,
				"場館名稱": "泰山體育園區",
				"所在地址": "新北市泰山區公園路54號",
				"場館連絡電話": "02-29620462#213",
				"場館官方網站": "https://www.t-sports.ntpc.gov.tw/",
				"場館停車場類型": "一般及無障礙停車場"
			}
		},
		{
			"type": "Feature",
			"geometry": {
				"type": "Point",
				"coordinates": [121.4414978, 25.17313088]
			},
			"properties": {
				"場館編號": 6147,
				"場館名稱": "田徑場",
				"所在地址": "新北市淡水區中山路160號",
				"場館連絡電話": "02-26212755#133",
				"場館官方網站": "http://www.tsps.ntpc.edu.tw",
				"場館停車場類型": "一般及無障礙停車場"
			}
		},
		{
			"type": "Feature",
			"geometry": {
				"type": "Point",
				"coordinates": [121.4394647, 25.18004412]
			},
			"properties": {
				"場館編號": 6156,
				"場館名稱": "新興國小田徑場",
				"所在地址": "新北市淡水區新興街123號",
				"場館連絡電話": "02-26203646#823",
				"場館官方網站": "http://www.shes.ntpc.edu.tw",
				"場館停車場類型": "無停車場"
			}
		},
		{
			"type": "Feature",
			"geometry": {
				"type": "Point",
				"coordinates": [121.5394092, 24.95579094]
			},
			"properties": {
				"場館編號": 6157,
				"場館名稱": "文山國中綜合大樓體育館",
				"所在地址": "新北市新店區文中路38號",
				"場館連絡電話": "02-29134300#639",
				"場館官方網站": "http://www.wsjh.ntpc.edu.tw",
				"場館停車場類型": ""
			}
		},
		{
			"type": "Feature",
			"geometry": {
				"type": "Point",
				"coordinates": [121.4770424, 25.02908242]
			},
			"properties": {
				"場館編號": 6165,
				"場館名稱": "文聖國小田徑場",
				"所在地址": "新北市板橋區文聖街86號",
				"場館連絡電話": "02-22530782",
				"場館官方網站": "http://www.wses.ntpc.edu.tw",
				"場館停車場類型": "無停車場"
			}
		},
		{
			"type": "Feature",
			"geometry": {
				"type": "Point",
				"coordinates": [121.4914942, 25.0617806]
			},
			"properties": {
				"場館編號": 6180,
				"場館名稱": "三重區綜合體育館",
				"所在地址": "新北市三重區新北大道一段2號",
				"場館連絡電話": "02-29826151",
				"場館官方網站": "https://www.sanchong.ntpc.gov.tw/home.jsp?id=03871f85bbdc10c9&act=be4f48068b2b0031&dataserno=682f2fe2ab86c8860449dae4b06ffb14",
				"場館停車場類型": "一般及無障礙停車場"
			}
		},
		{
			"type": "Feature",
			"geometry": {
				"type": "Point",
				"coordinates": [121.4497912, 25.09960978]
			},
			"properties": {
				"場館編號": 6190,
				"場館名稱": "成州國民小學學校操場",
				"所在地址": "新北市五股區成泰路三段493號",
				"場館連絡電話": "02-22933613",
				"場館官方網站": "http://www.cjoes.ntpc.edu.tw",
				"場館停車場類型": "無停車場"
			}
		},
		{
			"type": "Feature",
			"geometry": {
				"type": "Point",
				"coordinates": [121.4765757, 25.18600065]
			},
			"properties": {
				"場館編號": 6193,
				"場館名稱": "水源國小環形/直線慢跑道(非田徑場型)",
				"所在地址": "新北市淡水區水源里北新路二段15號",
				"場館連絡電話": "02-26211347#15",
				"場館官方網站": "http://www.hyes.ntpc.edu.tw",
				"場館停車場類型": "無停車場"
			}
		},
		{
			"type": "Feature",
			"geometry": {
				"type": "Point",
				"coordinates": [121.4319706, 25.05228503]
			},
			"properties": {
				"場館編號": 6199,
				"場館名稱": "義學國小田徑場",
				"所在地址": "新北市泰山區民生路30號",
				"場館連絡電話": "02-22972048#201",
				"場館官方網站": "http://www.yses.ntpc.edu.tw",
				"場館停車場類型": "無停車場"
			}
		},
		{
			"type": "Feature",
			"geometry": {
				"type": "Point",
				"coordinates": [121.4304028, 25.052234]
			},
			"properties": {
				"場館編號": 6200,
				"場館名稱": "義學國中田徑場",
				"所在地址": "新北市泰山區民生路33號",
				"場館連絡電話": "02-22961168#290",
				"場館官方網站": "http://www.yhjh.ntpc.edu.tw",
				"場館停車場類型": ""
			}
		},
		{
			"type": "Feature",
			"geometry": {
				"type": "Point",
				"coordinates": [121.4508791, 25.03481285]
			},
			"properties": {
				"場館編號": 6205,
				"場館名稱": "新莊國中綜合大樓",
				"所在地址": "新北市新莊區中正路211號",
				"場館連絡電話": "02-22766326",
				"場館官方網站": "http://www.hcjh.ntpc.edu.tw",
				"場館停車場類型": "無停車場"
			}
		},
		{
			"type": "Feature",
			"geometry": {
				"type": "Point",
				"coordinates": [121.4514155, 25.03452705]
			},
			"properties": {
				"場館編號": 6206,
				"場館名稱": "新莊國中活動中心",
				"所在地址": "新北市新莊區中正路211號",
				"場館連絡電話": "222766326",
				"場館官方網站": "http://www.hcjh.ntpc.edu.tw",
				"場館停車場類型": "無停車場"
			}
		},
		{
			"type": "Feature",
			"geometry": {
				"type": "Point",
				"coordinates": [121.6454382, 25.08947707]
			},
			"properties": {
				"場館編號": 6209,
				"場館名稱": "北港國小操場附設籃球場",
				"所在地址": "新北市汐止區汐萬路二段279號",
				"場館連絡電話": "02-26462832#13",
				"場館官方網站": "http://www.bkes.ntpc.edu.tw",
				"場館停車場類型": "無停車場"
			}
		},
		{
			"type": "Feature",
			"geometry": {
				"type": "Point",
				"coordinates": [121.4470956, 25.17404876]
			},
			"properties": {
				"場館編號": 6220,
				"場館名稱": "淡江大學紹謨紀念游泳館",
				"所在地址": "新北市淡水區英專路151號",
				"場館連絡電話": "02-26215656",
				"場館官方網站": "http://www.tku.edu.tw",
				"場館停車場類型": ""
			}
		},
		{
			"type": "Feature",
			"geometry": {
				"type": "Point",
				"coordinates": [121.435377, 25.17847362]
			},
			"properties": {
				"場館編號": 6224,
				"場館名稱": "真理大學排球場(館)",
				"所在地址": "新北市淡水區真理街32號",
				"場館連絡電話": "02-26212121#1714",
				"場館官方網站": "http://www.au.edu.tw",
				"場館停車場類型": "無停車場"
			}
		},
		{
			"type": "Feature",
			"geometry": {
				"type": "Point",
				"coordinates": [121.3787019, 24.93031296]
			},
			"properties": {
				"場館編號": 6235,
				"場館名稱": "介壽國小風雨操場",
				"所在地址": "新北市三峽區大同路1號",
				"場館連絡電話": "02-26712392#34",
				"場館官方網站": "http://www.jses.ntpc.edu.tw",
				"場館停車場類型": "無停車場"
			}
		},
		{
			"type": "Feature",
			"geometry": {
				"type": "Point",
				"coordinates": [121.4354306, 25.17709244]
			},
			"properties": {
				"場館編號": 6242,
				"場館名稱": "真理大學田徑場",
				"所在地址": "新北市淡水區真理街32號",
				"場館連絡電話": "02-26212121#1714",
				"場館官方網站": "http://www.au.edu.tw",
				"場館停車場類型": "無停車場"
			}
		},
		{
			"type": "Feature",
			"geometry": {
				"type": "Point",
				"coordinates": [121.4651656, 24.98251817]
			},
			"properties": {
				"場館編號": 6247,
				"場館名稱": "清水高中綜合體育館",
				"所在地址": "新北市土城區明德路一段72號",
				"場館連絡電話": "02-22707801",
				"場館官方網站": "http://www.cssh.ntpc.edu.tw",
				"場館停車場類型": ""
			}
		},
		{
			"type": "Feature",
			"geometry": {
				"type": "Point",
				"coordinates": [121.4441746, 25.04252142]
			},
			"properties": {
				"場館編號": 6250,
				"場館名稱": "新泰國中羽球場",
				"所在地址": "新北市新莊區新泰路359號",
				"場館連絡電話": "02-29960745#502",
				"場館官方網站": "http://www.htjh.ntpc.edu.tw",
				"場館停車場類型": ""
			}
		},
		{
			"type": "Feature",
			"geometry": {
				"type": "Point",
				"coordinates": [121.3687845, 24.93493422]
			},
			"properties": {
				"場館編號": 6253,
				"場館名稱": "三峽國小活動中心",
				"所在地址": "新北市三峽區中山路16號",
				"場館連絡電話": "02-26711018#824",
				"場館官方網站": "http://www.shps.ntpc.edu.tw",
				"場館停車場類型": "無停車場"
			}
		},
		{
			"type": "Feature",
			"geometry": {
				"type": "Point",
				"coordinates": [121.4389873, 25.18008781]
			},
			"properties": {
				"場館編號": 6262,
				"場館名稱": "新興國小籃球場",
				"所在地址": "新北市淡水區新興街123號",
				"場館連絡電話": "02-26203646",
				"場館官方網站": "http://www.shes.ntpc.edu.tw",
				"場館停車場類型": "無停車場"
			}
		},
		{
			"type": "Feature",
			"geometry": {
				"type": "Point",
				"coordinates": [121.4470983, 25.04587]
			},
			"properties": {
				"場館編號": 6265,
				"場館名稱": "中港國小田徑場",
				"所在地址": "新北市新莊區立志里中港一街142號",
				"場館連絡電話": "02-29925550#823",
				"場館官方網站": "https://www.jgps.ntpc.edu.tw/",
				"場館停車場類型": "無停車場"
			}
		},
		{
			"type": "Feature",
			"geometry": {
				"type": "Point",
				"coordinates": [121.3377553, 24.94107778]
			},
			"properties": {
				"場館編號": 6277,
				"場館名稱": "二橋國小籃球場",
				"所在地址": "新北市鶯歌區二橋里中正三路106號",
				"場館連絡電話": "02-26792364",
				"場館官方網站": "http://www.tbes.ntpc.edu.tw",
				"場館停車場類型": "無停車場"
			}
		},
		{
			"type": "Feature",
			"geometry": {
				"type": "Point",
				"coordinates": [121.5530455, 24.95284358]
			},
			"properties": {
				"場館編號": 6283,
				"場館名稱": "青潭國小體育館",
				"所在地址": "新北市新店區北宜路二段80號",
				"場館連絡電話": "02-22173146#217",
				"場館官方網站": "http://www.chtes.ntpc.edu.tw",
				"場館停車場類型": "一般及無障礙停車場"
			}
		},
		{
			"type": "Feature",
			"geometry": {
				"type": "Point",
				"coordinates": [121.4507643, 25.0344829]
			},
			"properties": {
				"場館編號": 6295,
				"場館名稱": "新莊國中操場",
				"所在地址": "新北市新莊區中正路211號",
				"場館連絡電話": "02-22766326",
				"場館官方網站": "http://www.hcjh.ntpc.edu.tw",
				"場館停車場類型": "無停車場"
			}
		},
		{
			"type": "Feature",
			"geometry": {
				"type": "Point",
				"coordinates": [121.5533352, 24.9529214]
			},
			"properties": {
				"場館編號": 6304,
				"場館名稱": "青潭國小籃球場",
				"所在地址": "新北市新店區北宜路二段80號",
				"場館連絡電話": "02-22173146#217",
				"場館官方網站": "http://www.chtes.ntpc.edu.tw",
				"場館停車場類型": "一般及無障礙停車場"
			}
		},
		{
			"type": "Feature",
			"geometry": {
				"type": "Point",
				"coordinates": [121.3394401, 25.10826695]
			},
			"properties": {
				"場館編號": 6308,
				"場館名稱": "田徑場",
				"所在地址": "新北市林口區嘉寶里嘉溪雅坑22號",
				"場館連絡電話": "02-26052716#830",
				"場館官方網站": "http://www.jbes.ntpc.edu.tw",
				"場館停車場類型": "無停車場"
			}
		},
		{
			"type": "Feature",
			"geometry": {
				"type": "Point",
				"coordinates": [121.3365483, 24.96860089]
			},
			"properties": {
				"場館編號": 6310,
				"場館名稱": "鳳鳴國小田徑場",
				"所在地址": "新北市鶯歌區鳳鳴里永和街120號",
				"場館連絡電話": "02-26797554#302",
				"場館官方網站": "http://www.fmes.ntpc.edu.tw",
				"場館停車場類型": ""
			}
		},
		{
			"type": "Feature",
			"geometry": {
				"type": "Point",
				"coordinates": [121.6410273, 25.06727156]
			},
			"properties": {
				"場館編號": 6331,
				"場館名稱": "環形或直線慢跑場（非田徑場）",
				"所在地址": "新北市汐止區樟樹一路141巷2號",
				"場館連絡電話": "02-26421407#5202",
				"場館官方網站": "http://www.tctes.ntpc.edu.tw",
				"場館停車場類型": "一般及無障礙停車場"
			}
		},
		{
			"type": "Feature",
			"geometry": {
				"type": "Point",
				"coordinates": [121.4559039, 24.98502476]
			},
			"properties": {
				"場館編號": 6348,
				"場館名稱": "新北市土城區綜合體育場",
				"所在地址": "新北市土城區裕民路193-1號",
				"場館連絡電話": "02-22732000#456",
				"場館官方網站": "http://www.tucheng.ntpc.gov.tw",
				"場館停車場類型": "無停車場"
			}
		},
		{
			"type": "Feature",
			"geometry": {
				"type": "Point",
				"coordinates": [121.6999662, 25.06006219]
			},
			"properties": {
				"場館編號": 6374,
				"場館名稱": "東山國小籃球場",
				"所在地址": "新北市汐止區東山里汐平路二段76號",
				"場館連絡電話": "02-26416170#13",
				"場館官方網站": "http://www.dsps.ntpc.edu.tw",
				"場館停車場類型": "無停車場"
			}
		},
		{
			"type": "Feature",
			"geometry": {
				"type": "Point",
				"coordinates": [121.5067291, 24.9907258]
			},
			"properties": {
				"場館編號": 6384,
				"場館名稱": "中和國小田徑場",
				"所在地址": "新北市中和區中和路100號",
				"場館連絡電話": "02-22492550",
				"場館官方網站": "http://www.jhes.ntpc.edu.tw",
				"場館停車場類型": ""
			}
		},
		{
			"type": "Feature",
			"geometry": {
				"type": "Point",
				"coordinates": [121.4445341, 25.18498121]
			},
			"properties": {
				"場館編號": 6395,
				"場館名稱": "新市國小活動中心",
				"所在地址": "新北市淡水區中山北路二段200號",
				"場館連絡電話": "02-26262141",
				"場館官方網站": "http://album.shmps.kh.edu.tw/~school/web/index.php",
				"場館停車場類型": "一般及無障礙停車場"
			}
		},
		{
			"type": "Feature",
			"geometry": {
				"type": "Point",
				"coordinates": [121.7332403, 25.02390692]
			},
			"properties": {
				"場館編號": 6420,
				"場館名稱": "平溪國中活動中心",
				"所在地址": "新北市平溪區石底街92號",
				"場館連絡電話": "02-24951010#160",
				"場館官方網站": "http://www.phjh.ntpc.edu.tw",
				"場館停車場類型": ""
			}
		},
		{
			"type": "Feature",
			"geometry": {
				"type": "Point",
				"coordinates": [121.8682265, 25.03266954]
			},
			"properties": {
				"場館編號": 6425,
				"場館名稱": "雙溪國小活動中心",
				"所在地址": "新北市雙溪區共和里東榮街54號",
				"場館連絡電話": "02-24931005",
				"場館官方網站": "http://www.sses.ntpc.edu.tw",
				"場館停車場類型": ""
			}
		},
		{
			"type": "Feature",
			"geometry": {
				"type": "Point",
				"coordinates": [121.4348835, 25.07152689]
			},
			"properties": {
				"場館編號": 6428,
				"場館名稱": "德音國小田徑場",
				"所在地址": "新北市五股區明德路2號",
				"場館連絡電話": "02-22924152",
				"場館官方網站": "http://www.tyes.ntpc.edu.tw",
				"場館停車場類型": "一般及無障礙停車場"
			}
		},
		{
			"type": "Feature",
			"geometry": {
				"type": "Point",
				"coordinates": [121.4283221, 25.02250273]
			},
			"properties": {
				"場館編號": 6437,
				"場館名稱": "民安國小簡易棒球打擊場",
				"所在地址": "新北市新莊區民安里民安路261號",
				"場館連絡電話": "02-22056777",
				"場館官方網站": "http://www.maes.ntpc.edu.tw",
				"場館停車場類型": "無停車場"
			}
		},
		{
			"type": "Feature",
			"geometry": {
				"type": "Point",
				"coordinates": [121.4874387, 24.99261718]
			},
			"properties": {
				"場館編號": 6450,
				"場館名稱": "中和區錦和運動公園-籃球場",
				"所在地址": "新北市中和區錦和路350號",
				"場館連絡電話": "02-2248688#430",
				"場館官方網站": "https://ntpcsite.ntpc.gov.tw/",
				"場館停車場類型": "一般及無障礙停車場"
			}
		},
		{
			"type": "Feature",
			"geometry": {
				"type": "Point",
				"coordinates": [121.470699, 25.10897296]
			},
			"properties": {
				"場館編號": 6451,
				"場館名稱": "臺北海洋科技大學體育館",
				"所在地址": "臺北市士林區延平北路九段212號",
				"場館連絡電話": "02-28102292#2247",
				"場館官方網站": "http://www.tumt.edu.tw",
				"場館停車場類型": ""
			}
		},
		{
			"type": "Feature",
			"geometry": {
				"type": "Point",
				"coordinates": [121.4891615, 24.99004849]
			},
			"properties": {
				"場館編號": 6454,
				"場館名稱": "錦和國小田徑場",
				"所在地址": "新北市中和區圓通路292號",
				"場館連絡電話": "02-22479495#268",
				"場館官方網站": "http://www.chps.ntpc.edu.tw",
				"場館停車場類型": "無停車場"
			}
		},
		{
			"type": "Feature",
			"geometry": {
				"type": "Point",
				"coordinates": [121.3368702, 24.94135504]
			},
			"properties": {
				"場館編號": 6459,
				"場館名稱": "二橋國小環形/直線慢跑道(非田徑場型)",
				"所在地址": "新北市鶯歌區二橋里中正三路106號",
				"場館連絡電話": "02-26792364",
				"場館官方網站": "http://www.tbes.ntpc.edu.tw",
				"場館停車場類型": "無停車場"
			}
		},
		{
			"type": "Feature",
			"geometry": {
				"type": "Point",
				"coordinates": [121.3126311, 25.11205743]
			},
			"properties": {
				"場館編號": 6462,
				"場館名稱": "興福國小籃球場",
				"所在地址": "新北市林口區下福里20鄰10之1號",
				"場館連絡電話": "02-26062895",
				"場館官方網站": "http://www.hfps.ntpc.edu.tw",
				"場館停車場類型": ""
			}
		},
		{
			"type": "Feature",
			"geometry": {
				"type": "Point",
				"coordinates": [121.4874279, 24.99306935]
			},
			"properties": {
				"場館編號": 6464,
				"場館名稱": "中和區錦和運動公園-網球場",
				"所在地址": "新北市中和區錦和路350號",
				"場館連絡電話": "02-22482688#430",
				"場館官方網站": "https://ntpcsite.ntpc.gov.tw/",
				"場館停車場類型": ""
			}
		},
		{
			"type": "Feature",
			"geometry": {
				"type": "Point",
				"coordinates": [121.4707875, 25.01087303]
			},
			"properties": {
				"場館編號": 6465,
				"場館名稱": "海山高中活動中心",
				"所在地址": "新北市板橋區漢生東路215號",
				"場館連絡電話": "02-29517475#223",
				"場館官方網站": "http://www.hshs.ntpc.edu.tw",
				"場館停車場類型": "無停車場"
			}
		},
		{
			"type": "Feature",
			"geometry": {
				"type": "Point",
				"coordinates": [121.501472, 25.20389276]
			},
			"properties": {
				"場館編號": 6466,
				"場館名稱": "興華國小田徑場",
				"所在地址": "新北市三芝區興華里1鄰田心子5號",
				"場館連絡電話": "02-26371366#204",
				"場館官方網站": "http://www.hhes.ntpc.edu.tw",
				"場館停車場類型": ""
			}
		},
		{
			"type": "Feature",
			"geometry": {
				"type": "Point",
				"coordinates": [121.4675474, 25.07111509]
			},
			"properties": {
				"場館編號": 6467,
				"場館名稱": "籃球場館",
				"所在地址": "新北市五股區四維路2號",
				"場館連絡電話": "02-29824591",
				"場館官方網站": "http://www.glps.ntpc.edu.tw",
				"場館停車場類型": "一般及無障礙停車場"
			}
		},
		{
			"type": "Feature",
			"geometry": {
				"type": "Point",
				"coordinates": [121.4720321, 25.10913083]
			},
			"properties": {
				"場館編號": 6476,
				"場館名稱": "臺北海洋科技大學游泳池(館)",
				"所在地址": "臺北市士林區延平北路九段212號",
				"場館連絡電話": "02-28102292#2246",
				"場館官方網站": "http://www.tcmt.edu.tw",
				"場館停車場類型": "無停車場"
			}
		},
		{
			"type": "Feature",
			"geometry": {
				"type": "Point",
				"coordinates": [121.486237, 24.99310825]
			},
			"properties": {
				"場館編號": 6480,
				"場館名稱": "中和區錦和運動公園-壘球場",
				"所在地址": "新北市中和區錦和路350號",
				"場館連絡電話": "02-22482688#430",
				"場館官方網站": "https://ntpcsite.ntpc.gov.tw/",
				"場館停車場類型": "一般及無障礙停車場"
			}
		},
		{
			"type": "Feature",
			"geometry": {
				"type": "Point",
				"coordinates": [121.4537394, 25.03674259]
			},
			"properties": {
				"場館編號": 6487,
				"場館名稱": "恆毅高中活動中心",
				"所在地址": "新北市新莊區中正路108號",
				"場館連絡電話": "02-29923619",
				"場館官方網站": "http://www.hchs.ntpc.edu.tw",
				"場館停車場類型": ""
			}
		},
		{
			"type": "Feature",
			"geometry": {
				"type": "Point",
				"coordinates": [121.4715922, 25.01133486]
			},
			"properties": {
				"場館編號": 6488,
				"場館名稱": "海山高中手球場(館)",
				"所在地址": "新北市板橋區漢生東路215號",
				"場館連絡電話": "02-29517475#223",
				"場館官方網站": "http://www.hshs.ntpc.edu.tw",
				"場館停車場類型": "一般及無障礙停車場"
			}
		},
		{
			"type": "Feature",
			"geometry": {
				"type": "Point",
				"coordinates": [121.4295995, 24.98987006]
			},
			"properties": {
				"場館編號": 6493,
				"場館名稱": "沙崙國小永傳社教中心",
				"所在地址": "新北市板橋區篤行路二段132號",
				"場館連絡電話": "02-26812764#832",
				"場館官方網站": "http://www.sles.ntpc.edu.tw",
				"場館停車場類型": ""
			}
		},
		{
			"type": "Feature",
			"geometry": {
				"type": "Point",
				"coordinates": [121.4901853, 24.992588]
			},
			"properties": {
				"場館編號": 6494,
				"場館名稱": "環形或直線慢跑場（非田徑場）",
				"所在地址": "新北市中和區錦和路350號",
				"場館連絡電話": "02-22482688#430",
				"場館官方網站": "https://ntpcsite.ntpc.gov.tw/",
				"場館停車場類型": "一般及無障礙停車場"
			}
		},
		{
			"type": "Feature",
			"geometry": {
				"type": "Point",
				"coordinates": [121.4749074, 25.0502828]
			},
			"properties": {
				"場館編號": 6495,
				"場館名稱": "籃球場館",
				"所在地址": "新北市三重區五神農街101號",
				"場館連絡電話": "02-29990725#112",
				"場館官方網站": "http://www.skps.ntpc.edu.tw",
				"場館停車場類型": "無停車場"
			}
		},
		{
			"type": "Feature",
			"geometry": {
				"type": "Point",
				"coordinates": [121.4717317, 25.01100429]
			},
			"properties": {
				"場館編號": 6497,
				"場館名稱": "海山高中排球場(館)",
				"所在地址": "新北市板橋區漢生東路215號",
				"場館連絡電話": "02-29517475#223",
				"場館官方網站": "http://www.hshs.ntpc.edu.tw",
				"場館停車場類型": "無停車場"
			}
		},
		{
			"type": "Feature",
			"geometry": {
				"type": "Point",
				"coordinates": [121.472311, 25.00995422]
			},
			"properties": {
				"場館編號": 6505,
				"場館名稱": "海山高中游泳池(館)",
				"所在地址": "新北市板橋區漢生東路215號",
				"場館連絡電話": "02-29517475",
				"場館官方網站": "http://www.hshs.ntpc.edu.tw",
				"場館停車場類型": "無停車場"
			}
		},
		{
			"type": "Feature",
			"geometry": {
				"type": "Point",
				"coordinates": [121.4675796, 25.07048827]
			},
			"properties": {
				"場館編號": 6521,
				"場館名稱": "更寮國小操場",
				"所在地址": "新北市五股區四維路2號",
				"場館連絡電話": "02-29824591",
				"場館官方網站": "http://www.glps.ntpc.edu.tw",
				"場館停車場類型": ""
			}
		},
		{
			"type": "Feature",
			"geometry": {
				"type": "Point",
				"coordinates": [121.5624139, 25.29142838]
			},
			"properties": {
				"場館編號": 6523,
				"場館名稱": "石門國中籃球場",
				"所在地址": "新北市石門區中央路1之9號",
				"場館連絡電話": "02-26381273#134",
				"場館官方網站": "http://www.smjh.ntpc.edu.tw",
				"場館停車場類型": ""
			}
		},
		{
			"type": "Feature",
			"geometry": {
				"type": "Point",
				"coordinates": [121.4185381, 25.0220294]
			},
			"properties": {
				"場館編號": 6524,
				"場館名稱": "裕民國小籃球場",
				"所在地址": "新北市新莊區裕民街123號",
				"場館連絡電話": "02-29062407",
				"場館官方網站": "http://www.ymes.ntpc.edu.tw",
				"場館停車場類型": "無停車場"
			}
		},
		{
			"type": "Feature",
			"geometry": {
				"type": "Point",
				"coordinates": [121.474371, 25.01910794]
			},
			"properties": {
				"場館編號": 6530,
				"場館名稱": "埔墘國小活動中心",
				"所在地址": "新北市板橋區永豐街42之8號",
				"場館連絡電話": "02-29616690#232",
				"場館官方網站": "http://www.pces.ntpc.edu.tw",
				"場館停車場類型": "無停車場"
			}
		},
		{
			"type": "Feature",
			"geometry": {
				"type": "Point",
				"coordinates": [121.6892333, 25.17530223]
			},
			"properties": {
				"場館編號": 6536,
				"場館名稱": "萬里國小瑪鋉館",
				"所在地址": "新北市萬里區瑪鋉路18號",
				"場館連絡電話": "02-24922034#25",
				"場館官方網站": "http://www.wlps.ntpc.edu.tw",
				"場館停車場類型": "無停車場"
			}
		},
		{
			"type": "Feature",
			"geometry": {
				"type": "Point",
				"coordinates": [121.4743602, 25.0180385]
			},
			"properties": {
				"場館編號": 6538,
				"場館名稱": "埔墘國小桌球場(館)",
				"所在地址": "新北市板橋區永豐街42之8號",
				"場館連絡電話": "02-29616690#232",
				"場館官方網站": "http://www.pces.ntpc.edu.tw",
				"場館停車場類型": "無停車場"
			}
		},
		{
			"type": "Feature",
			"geometry": {
				"type": "Point",
				"coordinates": [121.688886, 25.17607294]
			},
			"properties": {
				"場館編號": 6541,
				"場館名稱": "萬里國小田徑場",
				"所在地址": "新北市萬里區瑪鋉路18號",
				"場館連絡電話": "02-24922034#22",
				"場館官方網站": "http://www.wlps.ntpc.edu.tw",
				"場館停車場類型": "無停車場"
			}
		},
		{
			"type": "Feature",
			"geometry": {
				"type": "Point",
				"coordinates": [121.3917375, 24.97116856]
			},
			"properties": {
				"場館編號": 6547,
				"場館名稱": "育德國小活動中心",
				"所在地址": "新北市樹林區中山里佳園路一段34號",
				"場館連絡電話": "02-26805557",
				"場館官方網站": "http://www.ytps.ntpc.edu.tw",
				"場館停車場類型": "無停車場"
			}
		},
		{
			"type": "Feature",
			"geometry": {
				"type": "Point",
				"coordinates": [121.4185005, 25.02131484]
			},
			"properties": {
				"場館編號": 6549,
				"場館名稱": "裕民國小田徑場",
				"所在地址": "新北市新莊區裕民街123號",
				"場館連絡電話": "02-29062407#53",
				"場館官方網站": "http://www.ymes.ntpc.edu.tw",
				"場館停車場類型": "無停車場"
			}
		},
		{
			"type": "Feature",
			"geometry": {
				"type": "Point",
				"coordinates": [121.3916463, 24.97085733]
			},
			"properties": {
				"場館編號": 6556,
				"場館名稱": "育德國小田徑場",
				"所在地址": "新北市樹林區中山里佳園路一段34號",
				"場館連絡電話": "02-26805557#122",
				"場館官方網站": "http://www.ytps.ntpc.edu.tw",
				"場館停車場類型": ""
			}
		},
		{
			"type": "Feature",
			"geometry": {
				"type": "Point",
				"coordinates": [121.3799357, 25.0732676]
			},
			"properties": {
				"場館編號": 6557,
				"場館名稱": "林口高中體育館",
				"所在地址": "新北市林口區仁愛路二段173號",
				"場館連絡電話": "02-26009482#302",
				"場館官方網站": "http://www.lksh.ntpc.edu.tw",
				"場館停車場類型": "無停車場"
			}
		},
		{
			"type": "Feature",
			"geometry": {
				"type": "Point",
				"coordinates": [121.4654124, 24.98296552]
			},
			"properties": {
				"場館編號": 6560,
				"場館名稱": "清水高中游泳池(館)",
				"所在地址": "新北市土城區明德路一段72號",
				"場館連絡電話": "02-22702100",
				"場館官方網站": "http://www.cssh.ntpc.edu.tw",
				"場館停車場類型": "無停車場"
			}
		},
		{
			"type": "Feature",
			"geometry": {
				"type": "Point",
				"coordinates": [121.418463, 25.02201968]
			},
			"properties": {
				"場館編號": 6566,
				"場館名稱": "裕民國小羽球場(館)",
				"所在地址": "新北市新莊區裕民街123號",
				"場館連絡電話": "02-29062407",
				"場館官方網站": "http://www.ymes.ntpc.edu.tw",
				"場館停車場類型": "無停車場"
			}
		},
		{
			"type": "Feature",
			"geometry": {
				"type": "Point",
				"coordinates": [121.6590142, 24.99043407]
			},
			"properties": {
				"場館編號": 6571,
				"場館名稱": "石碇國小籃球場",
				"所在地址": "新北市石碇區石碇里石碇西街15號",
				"場館連絡電話": "02-26631244#13",
				"場館官方網站": "http://www.stes.ntpc.edu.tw",
				"場館停車場類型": "無停車場"
			}
		},
		{
			"type": "Feature",
			"geometry": {
				"type": "Point",
				"coordinates": [121.5113533, 25.01501486]
			},
			"properties": {
				"場館編號": 6576,
				"場館名稱": "頂溪國小運動場",
				"所在地址": "新北市永和區文化路133號",
				"場館連絡電話": "02-29212058#6203",
				"場館官方網站": "http://www.thps.ntpc.edu.tw",
				"場館停車場類型": "一般及無障礙停車場"
			}
		},
		{
			"type": "Feature",
			"geometry": {
				"type": "Point",
				"coordinates": [121.4653977, 24.98277656]
			},
			"properties": {
				"場館編號": 6579,
				"場館名稱": "清水高中田徑場",
				"所在地址": "新北市土城區明德路一段72號",
				"場館連絡電話": "02-22707801#330",
				"場館官方網站": "http://www.cssh.ntpc.edu.tw",
				"場館停車場類型": "無停車場"
			}
		},
		{
			"type": "Feature",
			"geometry": {
				"type": "Point",
				"coordinates": [121.4710557, 25.1087228]
			},
			"properties": {
				"場館編號": 6586,
				"場館名稱": "臺北海洋科技大學田徑場",
				"所在地址": "臺北市士林區延平北路九段212號",
				"場館連絡電話": "02-28102292#2246",
				"場館官方網站": "http://www.tumt.edu.tw",
				"場館停車場類型": "無停車場"
			}
		},
		{
			"type": "Feature",
			"geometry": {
				"type": "Point",
				"coordinates": [121.7269754, 25.02324341]
			},
			"properties": {
				"場館編號": 6589,
				"場館名稱": "菁桐國小籃球場",
				"所在地址": "新北市平溪區菁桐街45號",
				"場館連絡電話": "02-24951009#15",
				"場館官方網站": "http://www.tgtes.ntpc.edu.tw/default.asp",
				"場館停車場類型": "無停車場"
			}
		},
		{
			"type": "Feature",
			"geometry": {
				"type": "Point",
				"coordinates": [121.4844829, 25.06649409]
			},
			"properties": {
				"場館編號": 6591,
				"場館名稱": "重陽國小田徑場",
				"所在地址": "新北市三重區中正北路113號",
				"場館連絡電話": "02-29826272#173",
				"場館官方網站": "http://www.cyps.ntpc.edu.tw/",
				"場館停車場類型": "無停車場"
			}
		},
		{
			"type": "Feature",
			"geometry": {
				"type": "Point",
				"coordinates": [121.4965743, 25.13302733]
			},
			"properties": {
				"場館編號": 6594,
				"場館名稱": "幼華高中籃球場",
				"所在地址": "臺北市北投區北投路二段55號",
				"場館連絡電話": "02-28921166#225",
				"場館官方網站": "http://www.shvs.tp.edu.tw",
				"場館停車場類型": ""
			}
		},
		{
			"type": "Feature",
			"geometry": {
				"type": "Point",
				"coordinates": [121.4697683, 25.10917454]
			},
			"properties": {
				"場館編號": 6603,
				"場館名稱": "臺北海洋科技大學網球場(館)",
				"所在地址": "臺北市士林區延平北路九段212號",
				"場館連絡電話": "02-28059999#3109",
				"場館官方網站": "http://www.tumt.edu.tw",
				"場館停車場類型": "無停車場"
			}
		},
		{
			"type": "Feature",
			"geometry": {
				"type": "Point",
				"coordinates": [121.4557886, 25.03789935]
			},
			"properties": {
				"場館編號": 6617,
				"場館名稱": "新莊國小田徑場",
				"所在地址": "新北市新莊區立人里中正路86號",
				"場館連絡電話": "02-29931201#834",
				"場館官方網站": "http://www.scps.ntpc.edu.tw",
				"場館停車場類型": "無停車場"
			}
		},
		{
			"type": "Feature",
			"geometry": {
				"type": "Point",
				"coordinates": [121.9485641, 25.017076]
			},
			"properties": {
				"場館編號": 6631,
				"場館名稱": "福隆國小風雨操場",
				"所在地址": "新北市貢寮區福隆里東興街35號",
				"場館連絡電話": "02-24991449",
				"場館官方網站": "http://www.flps.ntpc.edu.tw",
				"場館停車場類型": "無停車場"
			}
		},
		{
			"type": "Feature",
			"geometry": {
				"type": "Point",
				"coordinates": [121.6617233, 25.06288853]
			},
			"properties": {
				"場館編號": 6649,
				"場館名稱": "秀峰國小田徑場",
				"所在地址": "新北市汐止區仁愛路90號",
				"場館連絡電話": "02-26480611#821",
				"場館官方網站": "http://www.sfps.ntpc.edu.tw/",
				"場館停車場類型": "無停車場"
			}
		},
		{
			"type": "Feature",
			"geometry": {
				"type": "Point",
				"coordinates": [121.44418, 25.04851381]
			},
			"properties": {
				"場館編號": 6678,
				"場館名稱": "新莊高中活動中心",
				"所在地址": "新北市新莊區中平路135號",
				"場館連絡電話": "02-29912391#202",
				"場館官方網站": "http://www.hcsh.ntpc.edu.tw",
				"場館停車場類型": ""
			}
		},
		{
			"type": "Feature",
			"geometry": {
				"type": "Point",
				"coordinates": [121.8568593, 25.10903891]
			},
			"properties": {
				"場館編號": 6681,
				"場館名稱": "時雨高中田徑場",
				"所在地址": "新北市瑞芳區祈堂路217號",
				"場館連絡電話": "02-24962217",
				"場館官方網站": "http://www.syjh.ntpc.edu.tw",
				"場館停車場類型": "無停車場"
			}
		},
		{
			"type": "Feature",
			"geometry": {
				"type": "Point",
				"coordinates": [121.3751292, 24.91159512]
			},
			"properties": {
				"場館編號": 6682,
				"場館名稱": "民義國小風雨操場",
				"所在地址": "新北市三峽區嘉添里白雞路40號",
				"場館連絡電話": "02-26711895#830",
				"場館官方網站": "http://www.myes.ntpc.edu.tw/default.asp",
				"場館停車場類型": ""
			}
		},
		{
			"type": "Feature",
			"geometry": {
				"type": "Point",
				"coordinates": [121.3905419, 25.08001523]
			},
			"properties": {
				"場館編號": 6700,
				"場館名稱": "林口國小永愛樓3F綜合球場",
				"所在地址": "新北市林口區菁湖里林口路76號",
				"場館連絡電話": "02-26011010",
				"場館官方網站": "http://www.lkes.ntpc.edu.tw",
				"場館停車場類型": "無停車場"
			}
		},
		{
			"type": "Feature",
			"geometry": {
				"type": "Point",
				"coordinates": [121.6565841, 25.06129952]
			},
			"properties": {
				"場館編號": 6703,
				"場館名稱": "青山國中(小)體育館",
				"所在地址": "新北市汐止區莊敬街33號",
				"場館連絡電話": "02-26917877#125",
				"場館官方網站": "http://www.csjhs.ntpc.edu.tw",
				"場館停車場類型": "無停車場"
			}
		},
		{
			"type": "Feature",
			"geometry": {
				"type": "Point",
				"coordinates": [121.4315766, 24.99701259]
			},
			"properties": {
				"場館編號": 6748,
				"場館名稱": "溪崑國民中學活動中心",
				"所在地址": "新北市板橋區大觀路三段50巷30號",
				"場館連絡電話": "02-26869727#383",
				"場館官方網站": "http://www.ckjhs.ntpc.edu.tw/",
				"場館停車場類型": "無停車場"
			}
		},
		{
			"type": "Feature",
			"geometry": {
				"type": "Point",
				"coordinates": [121.4320318, 24.99844281]
			},
			"properties": {
				"場館編號": 6752,
				"場館名稱": "田徑場",
				"所在地址": "新北市板橋區大觀路三段50巷30號",
				"場館連絡電話": "02-26869727#383",
				"場館官方網站": "http://www.ckjhs.ntpc.edu.tw/",
				"場館停車場類型": "無停車場"
			}
		},
		{
			"type": "Feature",
			"geometry": {
				"type": "Point",
				"coordinates": [121.4743227, 25.01876766]
			},
			"properties": {
				"場館編號": 6759,
				"場館名稱": "埔墘國小田徑場",
				"所在地址": "新北市板橋區永豐街42之8號",
				"場館連絡電話": "02-29616690#232",
				"場館官方網站": "http://www.pces.ntpc.edu.tw",
				"場館停車場類型": "無停車場"
			}
		},
		{
			"type": "Feature",
			"geometry": {
				"type": "Point",
				"coordinates": [121.3639364, 24.90708003]
			},
			"properties": {
				"場館編號": 6779,
				"場館名稱": "明德高中體健館",
				"所在地址": "新北市三峽區中正路二段399號",
				"場館連絡電話": "02-26723302#242",
				"場館官方網站": "http://www.mdhs.ntpc.edu.tw",
				"場館停車場類型": "無停車場"
			}
		},
		{
			"type": "Feature",
			"geometry": {
				"type": "Point",
				"coordinates": [121.5134391, 24.96138356]
			},
			"properties": {
				"場館編號": 6782,
				"場館名稱": "安坑國小田徑場",
				"所在地址": "新北市新店區安忠路36號",
				"場館連絡電話": "02-22110560#305",
				"場館官方網站": "https://www.takes.ntpc.edu.tw",
				"場館停車場類型": "無停車場"
			}
		},
		{
			"type": "Feature",
			"geometry": {
				"type": "Point",
				"coordinates": [121.505152, 25.00799992]
			},
			"properties": {
				"場館編號": 6799,
				"場館名稱": "永平國小田徑場",
				"所在地址": "新北市永和區保生路25號",
				"場館連絡電話": "02-29259879#304",
				"場館官方網站": "http://www.ypes.ntpc.edu.tw",
				"場館停車場類型": "無停車場"
			}
		},
		{
			"type": "Feature",
			"geometry": {
				"type": "Point",
				"coordinates": [121.456722, 24.98354902]
			},
			"properties": {
				"場館編號": 6865,
				"場館名稱": "中正國中籃球場(合併排球場使用)",
				"所在地址": "新北市土城區金城路二段247號",
				"場館連絡電話": "02-22628456#866",
				"場館官方網站": "http://www.ccjhs.ntpc.edu.tw",
				"場館停車場類型": "一般及無障礙停車場"
			}
		},
		{
			"type": "Feature",
			"geometry": {
				"type": "Point",
				"coordinates": [121.6428566, 25.01322592]
			},
			"properties": {
				"場館編號": 6886,
				"場館名稱": "石碇高中田徑場",
				"所在地址": "新北市石碇區隆盛里八分寮45號",
				"場館連絡電話": "02-26631224#203",
				"場館官方網站": "http://www.sdhs.ntpc.edu.tw",
				"場館停車場類型": "無停車場"
			}
		},
		{
			"type": "Feature",
			"geometry": {
				"type": "Point",
				"coordinates": [121.50181, 25.25934837]
			},
			"properties": {
				"場館編號": 6887,
				"場館名稱": "三芝國中活動中心",
				"所在地址": "新北市三芝區淡金路一段38號",
				"場館連絡電話": "933490310",
				"場館官方網站": "http://www.szjh.ntpc.edu.tw",
				"場館停車場類型": "無停車場"
			}
		},
		{
			"type": "Feature",
			"geometry": {
				"type": "Point",
				"coordinates": [121.4313805, 25.06206244]
			},
			"properties": {
				"場館編號": 6889,
				"場館名稱": "泰山國小活動中心",
				"所在地址": "新北市泰山區泰林路二段255號",
				"場館連絡電話": "02-29098842#140",
				"場館官方網站": "http://www.tses.ntpc.edu.tw",
				"場館停車場類型": ""
			}
		},
		{
			"type": "Feature",
			"geometry": {
				"type": "Point",
				"coordinates": [121.6427708, 25.01307035]
			},
			"properties": {
				"場館編號": 6901,
				"場館名稱": "石碇高中籃球場",
				"所在地址": "新北市石碇區隆盛里八分寮45號",
				"場館連絡電話": "02-26631224#203",
				"場館官方網站": "http://www.sdhs.ntpc.edu.tw",
				"場館停車場類型": "無停車場"
			}
		},
		{
			"type": "Feature",
			"geometry": {
				"type": "Point",
				"coordinates": [121.3663101, 24.90422639]
			},
			"properties": {
				"場館編號": 6910,
				"場館名稱": "明德高中排球場(館)",
				"所在地址": "新北市三峽區中正路二段399號",
				"場館連絡電話": "02-26723302#237",
				"場館官方網站": "http://www.mdhs.ntpc.edu.tw",
				"場館停車場類型": "無停車場"
			}
		},
		{
			"type": "Feature",
			"geometry": {
				"type": "Point",
				"coordinates": [121.4672577, 25.04203054]
			},
			"properties": {
				"場館編號": 6911,
				"場館名稱": "金陵女中體育館",
				"所在地址": "新北市三重區重新路五段656號",
				"場館連絡電話": "02-29956776#201",
				"場館官方網站": "http://www.glghs.ntpc.edu.tw",
				"場館停車場類型": "無停車場"
			}
		},
		{
			"type": "Feature",
			"geometry": {
				"type": "Point",
				"coordinates": [121.447978, 25.05618005]
			},
			"properties": {
				"場館編號": 6919,
				"場館名稱": "中信國小操場",
				"所在地址": "新北市新莊區中信街168號",
				"場館連絡電話": "02-85211131#302",
				"場館官方網站": "http://www.ches.ntpc.edu.tw",
				"場館停車場類型": "無停車場"
			}
		},
		{
			"type": "Feature",
			"geometry": {
				"type": "Point",
				"coordinates": [121.3457537, 24.9547404]
			},
			"properties": {
				"場館編號": 6922,
				"場館名稱": "建國國小環形/直線慢跑道(非田徑場型)",
				"所在地址": "新北市鶯歌區育英街2號",
				"場館連絡電話": "02-26709228",
				"場館官方網站": "https://web.ckps.ntpc.edu.tw/",
				"場館停車場類型": "無停車場"
			}
		},
		{
			"type": "Feature",
			"geometry": {
				"type": "Point",
				"coordinates": [121.4675206, 25.04254086]
			},
			"properties": {
				"場館編號": 6929,
				"場館名稱": "金陵女中田徑場",
				"所在地址": "新北市三重區重新路五段656號",
				"場館連絡電話": "02-29956776#201",
				"場館官方網站": "http://www.glghs.ntpc.edu.tw",
				"場館停車場類型": ""
			}
		},
		{
			"type": "Feature",
			"geometry": {
				"type": "Point",
				"coordinates": [121.5463655, 25.09415671]
			},
			"properties": {
				"場館編號": 6932,
				"場館名稱": "東吳大學體育館",
				"所在地址": "臺北市士林區臨溪路70號",
				"場館連絡電話": "(02)28819471#5606",
				"場館官方網站": "http://www.scu.edu.tw/physical/",
				"場館停車場類型": ""
			}
		},
		{
			"type": "Feature",
			"geometry": {
				"type": "Point",
				"coordinates": [121.4989226, 25.05869365]
			},
			"properties": {
				"場館編號": 6933,
				"場館名稱": "羽球場館",
				"所在地址": "新北市三重區正義南路62號",
				"場館連絡電話": "02-29755352#131",
				"場館官方網站": "http://www.kses.ntpc.edu.tw",
				"場館停車場類型": "無停車場"
			}
		},
		{
			"type": "Feature",
			"geometry": {
				"type": "Point",
				"coordinates": [121.5156823, 25.1048926]
			},
			"properties": {
				"場館編號": 6937,
				"場館名稱": "中正高中活動中心",
				"所在地址": "臺北市北投區文林北路77號",
				"場館連絡電話": "02-28234811#330",
				"場館官方網站": "http://www.ccsh.tp.edu.tw",
				"場館停車場類型": "無停車場"
			}
		},
		{
			"type": "Feature",
			"geometry": {
				"type": "Point",
				"coordinates": [121.4317292, 25.06141615]
			},
			"properties": {
				"場館編號": 6938,
				"場館名稱": "泰山國小田徑場",
				"所在地址": "新北市泰山區泰林路二段255號",
				"場館連絡電話": "02-29098842#140",
				"場館官方網站": "http://www.tses.ntpc.edu.tw",
				"場館停車場類型": "無停車場"
			}
		},
		{
			"type": "Feature",
			"geometry": {
				"type": "Point",
				"coordinates": [121.5017617, 25.2591252]
			},
			"properties": {
				"場館編號": 6961,
				"場館名稱": "三芝國中籃球場",
				"所在地址": "新北市三芝區淡金路一段38號",
				"場館連絡電話": "933490310",
				"場館官方網站": "http://www.szjh.ntpc.edu.tw",
				"場館停車場類型": "無停車場"
			}
		},
		{
			"type": "Feature",
			"geometry": {
				"type": "Point",
				"coordinates": [121.5446851, 25.09550239]
			},
			"properties": {
				"場館編號": 6962,
				"場館名稱": "東吳大學籃球場",
				"所在地址": "臺北市士林區臨溪路70號",
				"場館連絡電話": "(02)28819471#5606",
				"場館官方網站": "http://www.scu.edu.tw/physical/",
				"場館停車場類型": ""
			}
		},
		{
			"type": "Feature",
			"geometry": {
				"type": "Point",
				"coordinates": [121.8041343, 25.10776198]
			},
			"properties": {
				"場館編號": 6967,
				"場館名稱": "瑞芳國小活動中心",
				"所在地址": "新北市瑞芳區龍川里中山路2號",
				"場館連絡電話": "02-24972058#122",
				"場館官方網站": "http://www.rfes.ntpc.edu.tw",
				"場館停車場類型": ""
			}
		},
		{
			"type": "Feature",
			"geometry": {
				"type": "Point",
				"coordinates": [121.365999, 25.07833534]
			},
			"properties": {
				"場館編號": 6969,
				"場館名稱": "新北特殊教育學校活動中心",
				"所在地址": "新北市林口區文化北路一段425號",
				"場館連絡電話": "02-26006768#3005",
				"場館官方網站": "http://210.60.207.4/default.asp",
				"場館停車場類型": "一般及無障礙停車場"
			}
		},
		{
			"type": "Feature",
			"geometry": {
				"type": "Point",
				"coordinates": [121.4899921, 25.08482155]
			},
			"properties": {
				"場館編號": 6972,
				"場館名稱": "碧華國小籃球場",
				"所在地址": "新北市三重區五華街160號",
				"場館連絡電話": "02-28577792#734",
				"場館官方網站": "http://www2.bhes.ntpc.edu.tw/",
				"場館停車場類型": "無障礙停車場"
			}
		},
		{
			"type": "Feature",
			"geometry": {
				"type": "Point",
				"coordinates": [121.5119219, 25.01504402]
			},
			"properties": {
				"場館編號": 6974,
				"場館名稱": "頂溪國小大禮堂",
				"所在地址": "新北市永和區文化路133號",
				"場館連絡電話": "02-29212058#6203",
				"場館官方網站": "http://www.thps.ntpc.edu.tw",
				"場館停車場類型": "無停車場"
			}
		},
		{
			"type": "Feature",
			"geometry": {
				"type": "Point",
				"coordinates": [121.4890051, 25.06351052]
			},
			"properties": {
				"場館編號": 6975,
				"場館名稱": "明志國中田徑場",
				"所在地址": "新北市三重區中正北路107號",
				"場館連絡電話": "02-29844132#318",
				"場館官方網站": "http://www.mcjh.ntpc.edu.tw",
				"場館停車場類型": "無停車場"
			}
		},
		{
			"type": "Feature",
			"geometry": {
				"type": "Point",
				"coordinates": [121.4415836, 25.03434154]
			},
			"properties": {
				"場館編號": 6976,
				"場館名稱": "國泰國小籃球場",
				"所在地址": "新北市新莊區中正路386號",
				"場館連絡電話": "02-29043693#303",
				"場館官方網站": "http://www.gtps.ntpc.edu.tw",
				"場館停車場類型": ""
			}
		},
		{
			"type": "Feature",
			"geometry": {
				"type": "Point",
				"coordinates": [121.473974, 25.02543201]
			},
			"properties": {
				"場館編號": 6977,
				"場館名稱": "莒光國小風雨操揚",
				"所在地址": "新北市板橋區華翠里莒光路163號",
				"場館連絡電話": "02-22517272#104",
				"場館官方網站": "http://www.jges.ntpc.edu.tw",
				"場館停車場類型": ""
			}
		},
		{
			"type": "Feature",
			"geometry": {
				"type": "Point",
				"coordinates": [121.4890587, 25.06448238]
			},
			"properties": {
				"場館編號": 6982,
				"場館名稱": "明志國中迎曦廣場(風雨操場)",
				"所在地址": "新北市三重區中正北路107號",
				"場館連絡電話": "02-29844132#318",
				"場館官方網站": "http://www.mcjh.ntpc.edu.tw",
				"場館停車場類型": "無停車場"
			}
		},
		{
			"type": "Feature",
			"geometry": {
				"type": "Point",
				"coordinates": [121.5443069, 25.09567971]
			},
			"properties": {
				"場館編號": 6984,
				"場館名稱": "東吳大學網球場(館)",
				"所在地址": "臺北市士林區臨溪路70號",
				"場館連絡電話": "(02)28819471#5606",
				"場館官方網站": "http://www.scu.edu.tw/physical/",
				"場館停車場類型": ""
			}
		},
		{
			"type": "Feature",
			"geometry": {
				"type": "Point",
				"coordinates": [121.5111816, 25.0156857]
			},
			"properties": {
				"場館編號": 6986,
				"場館名稱": "排球場館",
				"所在地址": "新北市永和區文化路133號",
				"場館連絡電話": "02-29212058#6203",
				"場館官方網站": "http://www.thps.ntpc.edu.tw",
				"場館停車場類型": "無停車場"
			}
		},
		{
			"type": "Feature",
			"geometry": {
				"type": "Point",
				"coordinates": [121.414665, 25.0062838]
			},
			"properties": {
				"場館編號": 6994,
				"場館名稱": "三多國中田徑場",
				"所在地址": "新北市樹林區三多路101號",
				"場館連絡電話": "02-86881501#110",
				"場館官方網站": "http://www.sdjh.ntpc.edu.tw",
				"場館停車場類型": "一般及無障礙停車場"
			}
		},
		{
			"type": "Feature",
			"geometry": {
				"type": "Point",
				"coordinates": [121.4617538, 24.98419086]
			},
			"properties": {
				"場館編號": 6999,
				"場館名稱": "清水國小內操場",
				"所在地址": "新北市土城區金城路二段356號",
				"場館連絡電話": "02-22618316#832",
				"場館官方網站": "http://www.cses.ntpc.edu.tw",
				"場館停車場類型": "無停車場"
			}
		},
		{
			"type": "Feature",
			"geometry": {
				"type": "Point",
				"coordinates": [121.5452778, 25.0954368]
			},
			"properties": {
				"場館編號": 7000,
				"場館名稱": "東吳大學排球場(館)",
				"所在地址": "臺北市士林區臨溪路70號",
				"場館連絡電話": "(02)28819471#5606",
				"場館官方網站": "http://www.scu.edu.tw/physical/",
				"場館停車場類型": ""
			}
		},
		{
			"type": "Feature",
			"geometry": {
				"type": "Point",
				"coordinates": [121.3716048, 24.9316799]
			},
			"properties": {
				"場館編號": 7001,
				"場館名稱": "安溪國小田徑場",
				"所在地址": "新北市三峽區中華路42號",
				"場館連絡電話": "02-26731488#224",
				"場館官方網站": "http://www.ases.ntpc.edu.tw",
				"場館停車場類型": "無停車場"
			}
		},
		{
			"type": "Feature",
			"geometry": {
				"type": "Point",
				"coordinates": [121.4502499, 25.09955392]
			},
			"properties": {
				"場館編號": 7005,
				"場館名稱": "成州國民小學風雨操場",
				"所在地址": "新北市五股區成泰路三段493號",
				"場館連絡電話": "02-22933613",
				"場館官方網站": "http://www.cjoes.ntpc.edu.tw",
				"場館停車場類型": "無停車場"
			}
		},
		{
			"type": "Feature",
			"geometry": {
				"type": "Point",
				"coordinates": [121.5463668, 25.09408626]
			},
			"properties": {
				"場館編號": 7006,
				"場館名稱": "東吳大學舞蹈教室",
				"所在地址": "臺北市士林區臨溪路70號",
				"場館連絡電話": "(02)28819471#5606",
				"場館官方網站": "http://www.scu.edu.tw/physical/",
				"場館停車場類型": ""
			}
		},
		{
			"type": "Feature",
			"geometry": {
				"type": "Point",
				"coordinates": [121.4235324, 25.02602017]
			},
			"properties": {
				"場館編號": 7007,
				"場館名稱": "福營國中迎曦廣場",
				"所在地址": "新北市新莊區富國路105號",
				"場館連絡電話": "02-22048741#253",
				"場館官方網站": "http://www.fyjh.ntpc.edu.tw",
				"場館停車場類型": "一般及無障礙停車場"
			}
		},
		{
			"type": "Feature",
			"geometry": {
				"type": "Point",
				"coordinates": [121.4888817, 25.06408878]
			},
			"properties": {
				"場館編號": 7008,
				"場館名稱": "明志國中籃球場",
				"所在地址": "新北市三重區中正北路107號",
				"場館連絡電話": "02-29844132#318",
				"場館官方網站": "http://www.mcjh.ntpc.edu.tw",
				"場館停車場類型": "無停車場"
			}
		},
		{
			"type": "Feature",
			"geometry": {
				"type": "Point",
				"coordinates": [121.6913348, 24.98126364]
			},
			"properties": {
				"場館編號": 7013,
				"場館名稱": "華梵大學觀音室",
				"所在地址": "新北市石碇區華梵路1號",
				"場館連絡電話": "02-26632102#2710",
				"場館官方網站": "http://www.hfu.edu.tw",
				"場館停車場類型": "無停車場"
			}
		},
		{
			"type": "Feature",
			"geometry": {
				"type": "Point",
				"coordinates": [121.3720661, 24.93139289]
			},
			"properties": {
				"場館編號": 7014,
				"場館名稱": "安溪國小中庭",
				"所在地址": "新北市三峽區中華路42號",
				"場館連絡電話": "02-26731488#224",
				"場館官方網站": "http://www.ases.ntpc.edu.tw",
				"場館停車場類型": "一般及無障礙停車場"
			}
		},
		{
			"type": "Feature",
			"geometry": {
				"type": "Point",
				"coordinates": [121.5438013, 24.96676963]
			},
			"properties": {
				"場館編號": 7015,
				"場館名稱": "田徑場",
				"所在地址": "新北市新店區中興路一段253號",
				"場館連絡電話": "02-29112005#213",
				"場館官方網站": "http://www.wfjh.ntpc.edu.tw",
				"場館停車場類型": "無停車場"
			}
		},
		{
			"type": "Feature",
			"geometry": {
				"type": "Point",
				"coordinates": [121.371873, 24.93103778]
			},
			"properties": {
				"場館編號": 7019,
				"場館名稱": "安溪國小籃球場",
				"所在地址": "新北市三峽區中華路42號",
				"場館連絡電話": "02-26731488#224",
				"場館官方網站": "http://www.ases.ntpc.edu.tw",
				"場館停車場類型": "無停車場"
			}
		},
		{
			"type": "Feature",
			"geometry": {
				"type": "Point",
				"coordinates": [121.3801932, 25.07315099]
			},
			"properties": {
				"場館編號": 7031,
				"場館名稱": "林口高中田徑場",
				"所在地址": "新北市林口區仁愛路二段173號",
				"場館連絡電話": "02-26009482#302",
				"場館官方網站": "http://www.lksh.ntpc.edu.tw",
				"場館停車場類型": "無停車場"
			}
		},
		{
			"type": "Feature",
			"geometry": {
				"type": "Point",
				"coordinates": [121.5134776, 24.96116831]
			},
			"properties": {
				"場館編號": 7032,
				"場館名稱": "安坑國小籃球場",
				"所在地址": "新北市新店區安忠路36號",
				"場館連絡電話": "02-22110560#305",
				"場館官方網站": "https://www.takes.ntpc.edu.tw",
				"場館停車場類型": "無停車場"
			}
		},
		{
			"type": "Feature",
			"geometry": {
				"type": "Point",
				"coordinates": [121.3717926, 24.93181124]
			},
			"properties": {
				"場館編號": 7034,
				"場館名稱": "安溪國小體育館",
				"所在地址": "新北市三峽區中華路42號",
				"場館連絡電話": "02-26731488#224",
				"場館官方網站": "http://www.ases.ntpc.edu.tw",
				"場館停車場類型": "無停車場"
			}
		},
		{
			"type": "Feature",
			"geometry": {
				"type": "Point",
				"coordinates": [121.5464258, 25.09409598]
			},
			"properties": {
				"場館編號": 7035,
				"場館名稱": "東吳大學健身房(含重量訓練室)",
				"所在地址": "臺北市士林區臨溪路70號",
				"場館連絡電話": "(02)28819471#5606",
				"場館官方網站": "http://www.scu.edu.tw/physical/",
				"場館停車場類型": ""
			}
		},
		{
			"type": "Feature",
			"geometry": {
				"type": "Point",
				"coordinates": [121.5196574, 25.01310924]
			},
			"properties": {
				"場館編號": 7042,
				"場館名稱": "網溪國小籃球場",
				"所在地址": "新北市永和區竹林路79號",
				"場館連絡電話": "02-89264470",
				"場館官方網站": "http://www.whps.ntpc.edu.tw",
				"場館停車場類型": "無停車場"
			}
		},
		{
			"type": "Feature",
			"geometry": {
				"type": "Point",
				"coordinates": [121.3716477, 24.93219554]
			},
			"properties": {
				"場館編號": 7045,
				"場館名稱": "安溪國小游泳池",
				"所在地址": "新北市三峽區中華路42號",
				"場館連絡電話": "02-26731488",
				"場館官方網站": "http://www.ases.ntpc.edu.tw",
				"場館停車場類型": ""
			}
		},
		{
			"type": "Feature",
			"geometry": {
				"type": "Point",
				"coordinates": [121.414783, 24.95561098]
			},
			"properties": {
				"場館編號": 7049,
				"場館名稱": "頂埔國小體育館",
				"所在地址": "新北市土城區頂福里中央路四段205號",
				"場館連絡電話": "02-22686800",
				"場館官方網站": "http://www.dpes.ntpc.edu.tw",
				"場館停車場類型": ""
			}
		},
		{
			"type": "Feature",
			"geometry": {
				"type": "Point",
				"coordinates": [121.6913027, 24.98120528]
			},
			"properties": {
				"場館編號": 7054,
				"場館名稱": "華梵大學健身房(含重量訓練室)",
				"所在地址": "新北市石碇區華梵路1號",
				"場館連絡電話": "02-26632102#2710",
				"場館官方網站": "http://www.hfu.edu.tw",
				"場館停車場類型": "無停車場"
			}
		},
		{
			"type": "Feature",
			"geometry": {
				"type": "Point",
				"coordinates": [121.3828969, 24.94891853]
			},
			"properties": {
				"場館編號": 7061,
				"場館名稱": "桃子腳國(中)小風雨操場",
				"所在地址": "新北市樹林區學勤路555號",
				"場館連絡電話": "02-89703225#8230",
				"場館官方網站": "http://www.tykjh.ntpc.edu.tw",
				"場館停車場類型": "無停車場"
			}
		},
		{
			"type": "Feature",
			"geometry": {
				"type": "Point",
				"coordinates": [121.3833529, 24.95080568]
			},
			"properties": {
				"場館編號": 7062,
				"場館名稱": "桃子腳國(中)小田徑場",
				"所在地址": "新北市樹林區學勤路555號",
				"場館連絡電話": "02-89703225#8230",
				"場館官方網站": "http://www.tykjh.ntpc.edu.tw",
				"場館停車場類型": "無停車場"
			}
		},
		{
			"type": "Feature",
			"geometry": {
				"type": "Point",
				"coordinates": [121.617955, 25.04829511]
			},
			"properties": {
				"場館編號": 7076,
				"場館名稱": "白雲國小星月廣場(籃球場)",
				"所在地址": "新北市汐止區福山里民權街二段90號",
				"場館連絡電話": "02-26403909",
				"場館官方網站": "http://www.pyps.ntpc.edu.tw",
				"場館停車場類型": "無停車場"
			}
		},
		{
			"type": "Feature",
			"geometry": {
				"type": "Point",
				"coordinates": [121.4148715, 24.95568394]
			},
			"properties": {
				"場館編號": 7080,
				"場館名稱": "頂埔國小田徑場",
				"所在地址": "新北市土城區頂福里中央路四段205號",
				"場館連絡電話": "02-22686800",
				"場館官方網站": "http://www.dpes.ntpc.edu.tw",
				"場館停車場類型": "無停車場"
			}
		},
		{
			"type": "Feature",
			"geometry": {
				"type": "Point",
				"coordinates": [121.4868486, 25.07577477]
			},
			"properties": {
				"場館編號": 7086,
				"場館名稱": "三和國中田徑場",
				"所在地址": "新北市三重區三和路四段216號",
				"場館連絡電話": "02-22879890#205",
				"場館官方網站": "http://www.shjh.ntpc.edu.tw",
				"場館停車場類型": "無停車場"
			}
		},
		{
			"type": "Feature",
			"geometry": {
				"type": "Point",
				"coordinates": [121.4150566, 24.9565229]
			},
			"properties": {
				"場館編號": 7087,
				"場館名稱": "頂埔國小籃球場",
				"所在地址": "新北市土城區頂福里中央路四段205號",
				"場館連絡電話": "02-22686800#823",
				"場館官方網站": "http://www.dpes.ntpc.edu.tw",
				"場館停車場類型": "無停車場"
			}
		},
		{
			"type": "Feature",
			"geometry": {
				"type": "Point",
				"coordinates": [121.8194747, 25.10613858]
			},
			"properties": {
				"場館編號": 7088,
				"場館名稱": "瑞芳棒球場",
				"所在地址": "新北市瑞芳區明燈路一段201巷",
				"場館連絡電話": "02-24972250",
				"場館官方網站": "",
				"場館停車場類型": "無停車場"
			}
		},
		{
			"type": "Feature",
			"geometry": {
				"type": "Point",
				"coordinates": [121.8046421, 25.01507805]
			},
			"properties": {
				"場館編號": 7091,
				"場館名稱": "柑林國小籃球場",
				"所在地址": "新北市雙溪區長源里柑腳3號",
				"場館連絡電話": "02-24931624#13",
				"場館官方網站": "http://www.gles.ntpc.edu.tw",
				"場館停車場類型": "無停車場"
			}
		},
		{
			"type": "Feature",
			"geometry": {
				"type": "Point",
				"coordinates": [121.4898527, 25.06572634]
			},
			"properties": {
				"場館編號": 7093,
				"場館名稱": "修德國小體育館",
				"所在地址": "新北市三重區重陽路三段3號",
				"場館連絡電話": "02-29800495#616",
				"場館官方網站": "http://www.sude.ntpc.edu.tw",
				"場館停車場類型": "無停車場"
			}
		},
		{
			"type": "Feature",
			"geometry": {
				"type": "Point",
				"coordinates": [121.4224702, 25.02542229]
			},
			"properties": {
				"場館編號": 7100,
				"場館名稱": "福營國中田徑場",
				"所在地址": "新北市新莊區富國路105號",
				"場館連絡電話": "02-22048741#251",
				"場館官方網站": "http://www.fyjh.ntpc.edu.tw",
				"場館停車場類型": "無停車場"
			}
		},
		{
			"type": "Feature",
			"geometry": {
				"type": "Point",
				"coordinates": [121.4507839, 25.21733887]
			},
			"properties": {
				"場館編號": 7106,
				"場館名稱": "興仁國小操場及籃球場",
				"所在地址": "新北市淡水區興仁路101巷10號",
				"場館連絡電話": "02-26213783#６２1",
				"場館官方網站": "http://www.shrens.ntpc.edu.tw",
				"場館停車場類型": "無障礙停車場"
			}
		},
		{
			"type": "Feature",
			"geometry": {
				"type": "Point",
				"coordinates": [121.516943, 25.00337168]
			},
			"properties": {
				"場館編號": 7112,
				"場館名稱": "永和國小外操場",
				"所在地址": "新北市永和區秀朗路一段120號",
				"場館連絡電話": "02-29214615#401",
				"場館官方網站": "http://www.yhes.ntpc.edu.tw",
				"場館停車場類型": "無停車場"
			}
		},
		{
			"type": "Feature",
			"geometry": {
				"type": "Point",
				"coordinates": [121.4705837, 25.09203128]
			},
			"properties": {
				"場館編號": 7113,
				"場館名稱": "仁愛國小籃球場",
				"所在地址": "新北市蘆洲區民族路488號",
				"場館連絡電話": "02-22838815#823",
				"場館官方網站": "http://www.jaes.ntpc.edu.tw",
				"場館停車場類型": "無停車場"
			}
		},
		{
			"type": "Feature",
			"geometry": {
				"type": "Point",
				"coordinates": [121.6396379, 25.06569719]
			},
			"properties": {
				"場館編號": 7150,
				"場館名稱": "籃球場館",
				"所在地址": "新北市汐止區樟樹二路135號",
				"場館連絡電話": "02-26430686#301",
				"場館官方網站": "http://www.ctjhs.ntpc.edu.tw",
				"場館停車場類型": "無停車場"
			}
		},
		{
			"type": "Feature",
			"geometry": {
				"type": "Point",
				"coordinates": [121.3327932, 24.95863122]
			},
			"properties": {
				"場館編號": 7165,
				"場館名稱": "永吉國小風雨操場",
				"所在地址": "新北市鶯歌區德昌二街2號",
				"場館連絡電話": "02-26704177#203",
				"場館官方網站": "http://www.yces.ntpc.edu.tw",
				"場館停車場類型": "無停車場"
			}
		},
		{
			"type": "Feature",
			"geometry": {
				"type": "Point",
				"coordinates": [121.5019011, 24.98963181]
			},
			"properties": {
				"場館編號": 7174,
				"場館名稱": "復興國小綜合體育館",
				"所在地址": "新北市中和區復興路301巷6號",
				"場館連絡電話": "02-22472993#223",
				"場館官方網站": "http://www.fsps.ntpc.edu.tw",
				"場館停車場類型": "無停車場"
			}
		},
		{
			"type": "Feature",
			"geometry": {
				"type": "Point",
				"coordinates": [121.390847, 25.0801865]
			},
			"properties": {
				"場館編號": 7175,
				"場館名稱": "林口國小田徑場",
				"所在地址": "新北市林口區菁湖里林口路76號",
				"場館連絡電話": "02-26011010#831",
				"場館官方網站": "http://www.lkes.ntpc.edu.tw",
				"場館停車場類型": "無停車場"
			}
		},
		{
			"type": "Feature",
			"geometry": {
				"type": "Point",
				"coordinates": [121.4679658, 25.02970458]
			},
			"properties": {
				"場館編號": 7188,
				"場館名稱": "江翠國中活動中心",
				"所在地址": "新北市板橋區松江街63號",
				"場館連絡電話": "02-22518007#260",
				"場館官方網站": "http://www.ctjh.ntpc.edu.tw",
				"場館停車場類型": "一般及無障礙停車場"
			}
		},
		{
			"type": "Feature",
			"geometry": {
				"type": "Point",
				"coordinates": [121.4740732, 25.0864224]
			},
			"properties": {
				"場館編號": 7199,
				"場館名稱": "三民高中逸仙堂",
				"所在地址": "新北市蘆洲區三民路96號",
				"場館連絡電話": "02-22894675",
				"場館官方網站": "https://www.facebook.com/dreams.sport02/",
				"場館停車場類型": "無停車場"
			}
		},
		{
			"type": "Feature",
			"geometry": {
				"type": "Point",
				"coordinates": [121.4141393, 25.02471747]
			},
			"properties": {
				"場館編號": 7202,
				"場館名稱": "丹鳳國小籃球場",
				"所在地址": "新北市新莊區新北大道7段437號",
				"場館連絡電話": "02-29035355#124",
				"場館官方網站": "http://www.tfon.ntpc.edu.tw",
				"場館停車場類型": "無停車場"
			}
		},
		{
			"type": "Feature",
			"geometry": {
				"type": "Point",
				"coordinates": [121.4863068, 24.95221617]
			},
			"properties": {
				"場館編號": 7204,
				"場館名稱": "雙城國小籃球場",
				"所在地址": "新北市新店區安康路三段322號",
				"場館連絡電話": "02-22156511#123",
				"場館官方網站": "http://www.tcsps.ntpc.edu.tw",
				"場館停車場類型": "一般及無障礙停車場"
			}
		},
		{
			"type": "Feature",
			"geometry": {
				"type": "Point",
				"coordinates": [121.546281, 25.09416399]
			},
			"properties": {
				"場館編號": 7205,
				"場館名稱": "東吳大學桌球場(館)",
				"所在地址": "臺北市士林區臨溪路70號",
				"場館連絡電話": "(02)28819471#5606",
				"場館官方網站": "http://www.scu.edu.tw/physical/",
				"場館停車場類型": ""
			}
		},
		{
			"type": "Feature",
			"geometry": {
				"type": "Point",
				"coordinates": [121.4670861, 25.02854289]
			},
			"properties": {
				"場館編號": 7210,
				"場館名稱": "江翠國中田徑場",
				"所在地址": "新北市板橋區松江街63號",
				"場館連絡電話": "02-22518007#260",
				"場館官方網站": "http://www.ctjh.ntpc.edu.tw",
				"場館停車場類型": "無停車場"
			}
		},
		{
			"type": "Feature",
			"geometry": {
				"type": "Point",
				"coordinates": [121.6686863, 25.06891394]
			},
			"properties": {
				"場館編號": 7212,
				"場館名稱": "崇德國小崇光堂",
				"所在地址": "新北市汐止區茄苳里茄苳路158號",
				"場館連絡電話": "02-86482052#15",
				"場館官方網站": "http://www.cdps.ntpc.edu.tw",
				"場館停車場類型": "無停車場"
			}
		},
		{
			"type": "Feature",
			"geometry": {
				"type": "Point",
				"coordinates": [121.5100175, 25.03787504]
			},
			"properties": {
				"場館編號": 7218,
				"場館名稱": "東吳大學體育館",
				"所在地址": "臺北市中正區貴陽街一段56號",
				"場館連絡電話": "(02)28819471#5606",
				"場館官方網站": "http://www.scu.edu.tw/physical/",
				"場館停車場類型": ""
			}
		},
		{
			"type": "Feature",
			"geometry": {
				"type": "Point",
				"coordinates": [121.5378052, 24.97811266]
			},
			"properties": {
				"場館編號": 7219,
				"場館名稱": "大豐國小運動場",
				"所在地址": "新北市新店區民族路108號",
				"場館連絡電話": "02-22192619#834",
				"場館官方網站": "http://www.dfes.ntpc.edu.tw",
				"場館停車場類型": "無停車場"
			}
		},
		{
			"type": "Feature",
			"geometry": {
				"type": "Point",
				"coordinates": [121.4673114, 25.02840679]
			},
			"properties": {
				"場館編號": 7224,
				"場館名稱": "江翠國中籃球場",
				"所在地址": "新北市板橋區松江街63號",
				"場館連絡電話": "02-22518007#261",
				"場館官方網站": "http://www.ctjh.ntpc.edu.tw",
				"場館停車場類型": "無停車場"
			}
		},
		{
			"type": "Feature",
			"geometry": {
				"type": "Point",
				"coordinates": [121.509748, 25.03877298]
			},
			"properties": {
				"場館編號": 7226,
				"場館名稱": "東吳大學城中校區舞蹈教室",
				"所在地址": "臺北市中正區貴陽街一段56號",
				"場館連絡電話": "02-28819471#5606",
				"場館官方網站": "http://www.scu.edu.tw/physical/",
				"場館停車場類型": ""
			}
		},
		{
			"type": "Feature",
			"geometry": {
				"type": "Point",
				"coordinates": [121.4573228, 25.04634628]
			},
			"properties": {
				"場館編號": 7233,
				"場館名稱": "田徑場",
				"所在地址": "新北市新莊區自立街229號",
				"場館連絡電話": "02-29980443#831",
				"場館官方網站": "http://www.sies.ntpc.edu.tw",
				"場館停車場類型": "無停車場"
			}
		},
		{
			"type": "Feature",
			"geometry": {
				"type": "Point",
				"coordinates": [121.4676923, 25.0286158]
			},
			"properties": {
				"場館編號": 7234,
				"場館名稱": "江翠國中排球場(館)",
				"所在地址": "新北市板橋區松江街63號",
				"場館連絡電話": "02-22518007#260",
				"場館官方網站": "http://www.ctjh.ntpc.edu.tw",
				"場館停車場類型": "無停車場"
			}
		},
		{
			"type": "Feature",
			"geometry": {
				"type": "Point",
				"coordinates": [121.5100014, 25.03880822]
			},
			"properties": {
				"場館編號": 7236,
				"場館名稱": "東吳大學健身房(含重量訓練室)",
				"所在地址": "臺北市中正區貴陽街一段56號",
				"場館連絡電話": "(02)28819471#5606",
				"場館官方網站": "http://www.scu.edu.tw/physical/",
				"場館停車場類型": ""
			}
		},
		{
			"type": "Feature",
			"geometry": {
				"type": "Point",
				"coordinates": [121.5153497, 25.10343772]
			},
			"properties": {
				"場館編號": 7238,
				"場館名稱": "中正高中田徑場",
				"所在地址": "臺北市北投區文林北路77號",
				"場館連絡電話": "02-28234811#330",
				"場館官方網站": "http://www.ccsh.tp.edu.tw",
				"場館停車場類型": "一般及無障礙停車場"
			}
		},
		{
			"type": "Feature",
			"geometry": {
				"type": "Point",
				"coordinates": [121.509929, 25.03890786]
			},
			"properties": {
				"場館編號": 7242,
				"場館名稱": "東吳大學桌球場(館)",
				"所在地址": "臺北市中正區貴陽街一段56號",
				"場館連絡電話": "(02)28819471#5606",
				"場館官方網站": "http://www.scu.edu.tw/physical/",
				"場館停車場類型": ""
			}
		},
		{
			"type": "Feature",
			"geometry": {
				"type": "Point",
				"coordinates": [121.6691852, 25.06931239]
			},
			"properties": {
				"場館編號": 7243,
				"場館名稱": "崇德國小田徑場",
				"所在地址": "新北市汐止區茄苳里茄苳路158號",
				"場館連絡電話": "02-86482052",
				"場館官方網站": "http://www.cdps.ntpc.edu.tw",
				"場館停車場類型": "無停車場"
			}
		},
		{
			"type": "Feature",
			"geometry": {
				"type": "Point",
				"coordinates": [121.5098177, 25.03797347]
			},
			"properties": {
				"場館編號": 7251,
				"場館名稱": "東吳大學城中校區室外籃球場",
				"所在地址": "臺北市中正區貴陽街一段56號",
				"場館連絡電話": "02-28819471#5606",
				"場館官方網站": "http://www.scu.edu.tw/physical/",
				"場館停車場類型": ""
			}
		},
		{
			"type": "Feature",
			"geometry": {
				"type": "Point",
				"coordinates": [121.3694403, 25.06849171]
			},
			"properties": {
				"場館編號": 7253,
				"場館名稱": "麗林國小羽球場(館)",
				"所在地址": "新北市林口區公園路46號",
				"場館連絡電話": "02-26008457#197",
				"場館官方網站": "http://www.lles.ntpc.edu.tw",
				"場館停車場類型": "一般及無障礙停車場"
			}
		},
		{
			"type": "Feature",
			"geometry": {
				"type": "Point",
				"coordinates": [121.4435041, 25.0305795]
			},
			"properties": {
				"場館編號": 7255,
				"場館名稱": "豐年國小活動中心",
				"所在地址": "新北市新莊區國泰里瓊泰路116號",
				"場館連絡電話": "02-22017102#79",
				"場館官方網站": "http://www.fnes.ntpc.edu.tw",
				"場館停車場類型": ""
			}
		},
		{
			"type": "Feature",
			"geometry": {
				"type": "Point",
				"coordinates": [121.380043, 25.07297607]
			},
			"properties": {
				"場館編號": 7259,
				"場館名稱": "林口高中網球場(館)",
				"所在地址": "新北市林口區仁愛路二段173號",
				"場館連絡電話": "02-26009482#302",
				"場館官方網站": "http://www.lksh.ntpc.edu.tw",
				"場館停車場類型": "無停車場"
			}
		},
		{
			"type": "Feature",
			"geometry": {
				"type": "Point",
				"coordinates": [121.4926422, 25.08746452]
			},
			"properties": {
				"場館編號": 7260,
				"場館名稱": "五華國小田徑場",
				"所在地址": "新北市三重區集賢路89號",
				"場館連絡電話": "02-28578087#102",
				"場館官方網站": "http://www.whes.ntpc.edu.tw",
				"場館停車場類型": ""
			}
		},
		{
			"type": "Feature",
			"geometry": {
				"type": "Point",
				"coordinates": [121.6367385, 25.22370886]
			},
			"properties": {
				"場館編號": 7270,
				"場館名稱": "金山國小操場",
				"所在地址": "新北市金山區美田里中山路234號",
				"場館連絡電話": "02-24981125#209",
				"場館官方網站": "http://www.tpcses.ntpc.edu.tw/",
				"場館停車場類型": "無停車場"
			}
		},
		{
			"type": "Feature",
			"geometry": {
				"type": "Point",
				"coordinates": [121.6371676, 25.22327695]
			},
			"properties": {
				"場館編號": 7283,
				"場館名稱": "金山國小籃球場",
				"所在地址": "新北市金山區美田里中山路234號",
				"場館連絡電話": "02-24981125#209",
				"場館官方網站": "http://www.tpcses.ntpc.edu.tw/",
				"場館停車場類型": "無停車場"
			}
		},
		{
			"type": "Feature",
			"geometry": {
				"type": "Point",
				"coordinates": [121.4487318, 25.00984293]
			},
			"properties": {
				"場館編號": 7284,
				"場館名稱": "大觀國中樂活館",
				"所在地址": "新北市板橋區僑中一街1號",
				"場館連絡電話": "02-22725015#831",
				"場館官方網站": "http://www.tkjhs.ntpc.edu.tw",
				"場館停車場類型": "一般及無障礙停車場"
			}
		},
		{
			"type": "Feature",
			"geometry": {
				"type": "Point",
				"coordinates": [121.3125265, 25.11240473]
			},
			"properties": {
				"場館編號": 7298,
				"場館名稱": "興福國小田徑場",
				"所在地址": "新北市林口區下福里20鄰10之1號",
				"場館連絡電話": "02-26062895",
				"場館官方網站": "http://www.hfps.ntpc.edu.tw",
				"場館停車場類型": ""
			}
		},
		{
			"type": "Feature",
			"geometry": {
				"type": "Point",
				"coordinates": [121.4798239, 25.07748749]
			},
			"properties": {
				"場館編號": 7315,
				"場館名稱": "永福國小活動中心",
				"所在地址": "新北市三重區永福里永福街66號",
				"場館連絡電話": "02-22876716#845",
				"場館官方網站": "http://www.yfps.ntpc.edu.tw",
				"場館停車場類型": "一般及無障礙停車場"
			}
		},
		{
			"type": "Feature",
			"geometry": {
				"type": "Point",
				"coordinates": [121.4924812, 25.08755197]
			},
			"properties": {
				"場館編號": 7322,
				"場館名稱": "五華國小籃球場",
				"所在地址": "新北市三重區集賢路89號",
				"場館連絡電話": "02-28578087#106",
				"場館官方網站": "http://www.whes.ntpc.edu.tw",
				"場館停車場類型": ""
			}
		},
		{
			"type": "Feature",
			"geometry": {
				"type": "Point",
				"coordinates": [121.8485123, 25.05817004]
			},
			"properties": {
				"場館編號": 7323,
				"場館名稱": "三貂運動公園",
				"所在地址": "新北市雙溪區牡丹里尪子崙坑路旁(臨102市道)",
				"場館連絡電話": "02-24931111#222",
				"場館官方網站": "https://www.shuangxi.ntpc.gov.tw/",
				"場館停車場類型": ""
			}
		},
		{
			"type": "Feature",
			"geometry": {
				"type": "Point",
				"coordinates": [121.4800465, 25.07697004]
			},
			"properties": {
				"場館編號": 7324,
				"場館名稱": "永福國小田徑場",
				"所在地址": "新北市三重區永福里永福街66號",
				"場館連絡電話": "02-22876716#842",
				"場館官方網站": "http://www.yfps.ntpc.edu.tw",
				"場館停車場類型": "一般及無障礙停車場"
			}
		},
		{
			"type": "Feature",
			"geometry": {
				"type": "Point",
				"coordinates": [121.4923525, 25.08765885]
			},
			"properties": {
				"場館編號": 7335,
				"場館名稱": "五華國小籃球場",
				"所在地址": "新北市三重區集賢路89號",
				"場館連絡電話": "02-28578087#106",
				"場館官方網站": "http://www.whes.ntpc.edu.tw",
				"場館停車場類型": ""
			}
		},
		{
			"type": "Feature",
			"geometry": {
				"type": "Point",
				"coordinates": [121.5149689, 25.10400121]
			},
			"properties": {
				"場館編號": 7341,
				"場館名稱": "中正高中籃球場",
				"所在地址": "臺北市北投區文林北路77號",
				"場館連絡電話": "02-28234811#330",
				"場館官方網站": "http://www.ccsh.tp.edu.tw",
				"場館停車場類型": "一般及無障礙停車場"
			}
		},
		{
			"type": "Feature",
			"geometry": {
				"type": "Point",
				"coordinates": [121.5019011, 24.98962695]
			},
			"properties": {
				"場館編號": 7342,
				"場館名稱": "田徑場",
				"所在地址": "新北市中和區復興路301巷6號",
				"場館連絡電話": "02-22472993#223",
				"場館官方網站": "http://www.fsps.ntpc.edu.tw",
				"場館停車場類型": "無停車場"
			}
		},
		{
			"type": "Feature",
			"geometry": {
				"type": "Point",
				"coordinates": [121.5149447, 25.10397692]
			},
			"properties": {
				"場館編號": 7343,
				"場館名稱": "中正高中排球場(館)",
				"所在地址": "臺北市北投區文林北路77號",
				"場館連絡電話": "02-28234811#330",
				"場館官方網站": "http://www.ccsh.tp.edu.tw",
				"場館停車場類型": "一般及無障礙停車場"
			}
		},
		{
			"type": "Feature",
			"geometry": {
				"type": "Point",
				"coordinates": [121.6580379, 25.06502661]
			},
			"properties": {
				"場館編號": 7350,
				"場館名稱": "汐止區綜合運動場",
				"所在地址": "新北市汐止區忠孝東路9號",
				"場館連絡電話": "02-26411111#249",
				"場館官方網站": "https://www.xizhi.ntpc.gov.tw/",
				"場館停車場類型": "無停車場"
			}
		},
		{
			"type": "Feature",
			"geometry": {
				"type": "Point",
				"coordinates": [121.5052056, 25.00205902]
			},
			"properties": {
				"場館編號": 7352,
				"場館名稱": "田徑場",
				"所在地址": "新北市中和區廣福路39號",
				"場館連絡電話": "02-22488616",
				"場館官方網站": "http://www.chjh.ntpc.edu.tw",
				"場館停車場類型": "無停車場"
			}
		},
		{
			"type": "Feature",
			"geometry": {
				"type": "Point",
				"coordinates": [121.3388926, 24.9552681]
			},
			"properties": {
				"場館編號": 7358,
				"場館名稱": "羽球場館",
				"所在地址": "新北市鶯歌區永明街22號",
				"場館連絡電話": "02-86773322#302",
				"場館官方網站": "http://www.cfps.ntpc.edu.tw",
				"場館停車場類型": "無停車場"
			}
		},
		{
			"type": "Feature",
			"geometry": {
				"type": "Point",
				"coordinates": [121.3398367, 24.95585903]
			},
			"properties": {
				"場館編號": 7387,
				"場館名稱": "昌福國小籃球場",
				"所在地址": "新北市鶯歌區永明街22號",
				"場館連絡電話": "02-86773322",
				"場館官方網站": "http://www.cfps.ntpc.edu.tw",
				"場館停車場類型": "無停車場"
			}
		},
		{
			"type": "Feature",
			"geometry": {
				"type": "Point",
				"coordinates": [121.4879644, 25.07085165]
			},
			"properties": {
				"場館編號": 7395,
				"場館名稱": "厚德國小體操館",
				"所在地址": "新北市三重區忠孝路一段70號",
				"場館連絡電話": "02-29868825#23",
				"場館官方網站": "http://www.hdes.ntpc.edu.tw",
				"場館停車場類型": "一般及無障礙停車場"
			}
		},
		{
			"type": "Feature",
			"geometry": {
				"type": "Point",
				"coordinates": [121.3398743, 24.9553289]
			},
			"properties": {
				"場館編號": 7403,
				"場館名稱": "昌福國小田徑場",
				"所在地址": "新北市鶯歌區永明街22號",
				"場館連絡電話": "02-86773322",
				"場館官方網站": "http://www.cfps.ntpc.edu.tw",
				"場館停車場類型": "無停車場"
			}
		},
		{
			"type": "Feature",
			"geometry": {
				"type": "Point",
				"coordinates": [121.4890426, 25.07138128]
			},
			"properties": {
				"場館編號": 7404,
				"場館名稱": "厚德國小田徑場",
				"所在地址": "新北市三重區忠孝路一段70號",
				"場館連絡電話": "02-29868825#23",
				"場館官方網站": "http://www.hdes.ntpc.edu.tw",
				"場館停車場類型": "一般及無障礙停車場"
			}
		},
		{
			"type": "Feature",
			"geometry": {
				"type": "Point",
				"coordinates": [121.4739096, 25.03283771]
			},
			"properties": {
				"場館編號": 7405,
				"場館名稱": "江翠國小活動中心",
				"所在地址": "新北市板橋區松翠里文化路二段413號",
				"場館連絡電話": "02-22526880#231",
				"場館官方網站": "http://www.ctes.ntpc.edu.tw",
				"場館停車場類型": "一般及無障礙停車場"
			}
		},
		{
			"type": "Feature",
			"geometry": {
				"type": "Point",
				"coordinates": [121.3723826, 24.92578883]
			},
			"properties": {
				"場館編號": 7409,
				"場館名稱": "安溪國民中學羽球場(館)",
				"所在地址": "新北市三峽區大同路135號",
				"場館連絡電話": "02-26717851#137",
				"場館官方網站": "http://www.asjh.ntpc.edu.tw",
				"場館停車場類型": ""
			}
		},
		{
			"type": "Feature",
			"geometry": {
				"type": "Point",
				"coordinates": [121.4498127, 25.00880206]
			},
			"properties": {
				"場館編號": 7410,
				"場館名稱": "大觀國小活動中心",
				"所在地址": "新北市板橋區大觀路一段30號",
				"場館連絡電話": "02-29603373#831",
				"場館官方網站": "http://www.tgps.ntpc.edu.tw",
				"場館停車場類型": ""
			}
		},
		{
			"type": "Feature",
			"geometry": {
				"type": "Point",
				"coordinates": [121.9195748, 25.1214304]
			},
			"properties": {
				"場館編號": 7412,
				"場館名稱": "躲避球場",
				"所在地址": "新北市瑞芳區鼻頭里鼻頭路99號",
				"場館連絡電話": "02-24911571#13",
				"場館官方網站": "http://www.pitoues.ntpc.edu.tw",
				"場館停車場類型": "無停車場"
			}
		},
		{
			"type": "Feature",
			"geometry": {
				"type": "Point",
				"coordinates": [121.4483678, 25.01100356]
			},
			"properties": {
				"場館編號": 7413,
				"場館名稱": "大觀國中田徑場",
				"所在地址": "新北市板橋區僑中一街1號",
				"場館連絡電話": "02-22725015#831",
				"場館官方網站": "http://www.tkjhs.ntpc.edu.tw",
				"場館停車場類型": "一般及無障礙停車場"
			}
		},
		{
			"type": "Feature",
			"geometry": {
				"type": "Point",
				"coordinates": [121.4498663, 25.0088604]
			},
			"properties": {
				"場館編號": 7421,
				"場館名稱": "大觀國小田徑場",
				"所在地址": "新北市板橋區大觀路一段30號",
				"場館連絡電話": "02-29603373#831",
				"場館官方網站": "http://www.tgps.ntpc.edu.tw",
				"場館停車場類型": ""
			}
		},
		{
			"type": "Feature",
			"geometry": {
				"type": "Point",
				"coordinates": [121.6710868, 25.07958402]
			},
			"properties": {
				"場館編號": 7438,
				"場館名稱": "長安國小田徑場",
				"所在地址": "新北市汐止區長興街一段80號",
				"場館連絡電話": "02-86480944#242",
				"場館官方網站": "http://www.chanes.ntpc.edu.tw",
				"場館停車場類型": "一般及無障礙停車場"
			}
		},
		{
			"type": "Feature",
			"geometry": {
				"type": "Point",
				"coordinates": [121.5092772, 24.95290438]
			},
			"properties": {
				"場館編號": 7440,
				"場館名稱": "景文科技大學田徑場",
				"所在地址": "新北市新店區安忠路99號",
				"場館連絡電話": "02-82122000#2213",
				"場館官方網站": "http://www.just.edu.tw/",
				"場館停車場類型": "無停車場"
			}
		},
		{
			"type": "Feature",
			"geometry": {
				"type": "Point",
				"coordinates": [121.371932, 24.92583748]
			},
			"properties": {
				"場館編號": 7448,
				"場館名稱": "安溪國民中學籃球場",
				"所在地址": "新北市三峽區大同路135號",
				"場館連絡電話": "02-26717851#137",
				"場館官方網站": "http://www.asjh.ntpc.edu.tw",
				"場館停車場類型": ""
			}
		},
		{
			"type": "Feature",
			"geometry": {
				"type": "Point",
				"coordinates": [121.4798963, 25.200233]
			},
			"properties": {
				"場館編號": 7455,
				"場館名稱": "忠山國小操場",
				"所在地址": "新北市淡水區忠山里行忠路899號",
				"場館連絡電話": "02-26216139",
				"場館官方網站": "http://www.tcses.ntpc.edu.tw",
				"場館停車場類型": "無停車場"
			}
		},
		{
			"type": "Feature",
			"geometry": {
				"type": "Point",
				"coordinates": [121.6864914, 25.17803488]
			},
			"properties": {
				"場館編號": 7461,
				"場館名稱": "中華商海活動中心",
				"所在地址": "新北市萬里區瑪鍊路15號",
				"場館連絡電話": "(02)24922119",
				"場館官方網站": "http://www.chmvs.ntpc.edu.tw",
				"場館停車場類型": ""
			}
		},
		{
			"type": "Feature",
			"geometry": {
				"type": "Point",
				"coordinates": [121.6357648, 25.22093296]
			},
			"properties": {
				"場館編號": 7465,
				"場館名稱": "籃球場館",
				"所在地址": "新北市金山區忠孝一路111號",
				"場館連絡電話": "02-24986503#510",
				"場館官方網站": "http://www.gmes.ntpc.edu.tw",
				"場館停車場類型": "一般及無障礙停車場"
			}
		},
		{
			"type": "Feature",
			"geometry": {
				"type": "Point",
				"coordinates": [121.372211, 24.9263726]
			},
			"properties": {
				"場館編號": 7468,
				"場館名稱": "安溪國民中學田徑場",
				"所在地址": "新北市三峽區大同路135號",
				"場館連絡電話": "02-26717851#154",
				"場館官方網站": "http://www.asjh.ntpc.edu.tw",
				"場館停車場類型": ""
			}
		},
		{
			"type": "Feature",
			"geometry": {
				"type": "Point",
				"coordinates": [121.5422724, 25.02859301]
			},
			"properties": {
				"場館編號": 7474,
				"場館名稱": "開平餐飲學校操場",
				"所在地址": "臺北市大安區復興南路2段148巷24號",
				"場館連絡電話": "02-27556939#373",
				"場館官方網站": "http://www.kpvs.tp.edu.tw",
				"場館停車場類型": "無停車場"
			}
		},
		{
			"type": "Feature",
			"geometry": {
				"type": "Point",
				"coordinates": [121.5111172, 24.95323268]
			},
			"properties": {
				"場館編號": 7476,
				"場館名稱": "景文科技大學籃球場",
				"所在地址": "新北市新店區安忠路99號",
				"場館連絡電話": "02-82122000#2213",
				"場館官方網站": "http://www.just.edu.tw/",
				"場館停車場類型": "一般及無障礙停車場"
			}
		},
		{
			"type": "Feature",
			"geometry": {
				"type": "Point",
				"coordinates": [121.4375147, 25.17486165]
			},
			"properties": {
				"場館編號": 7481,
				"場館名稱": "淡水國中中正堂-活動中心",
				"所在地址": "新北市淡水區文化里真理街10號",
				"場館連絡電話": "02-26218821",
				"場館官方網站": "http://www.tsjh.ntpc.edu.tw",
				"場館停車場類型": "無停車場"
			}
		},
		{
			"type": "Feature",
			"geometry": {
				"type": "Point",
				"coordinates": [121.4354414, 25.08272754]
			},
			"properties": {
				"場館編號": 7493,
				"場館名稱": "五股國中永耀明埕",
				"所在地址": "新北市五股區成泰路二段49巷15號",
				"場館連絡電話": "02-22915224#121",
				"場館官方網站": "http://www.wkjh.ntpc.edu.tw",
				"場館停車場類型": "無停車場"
			}
		},
		{
			"type": "Feature",
			"geometry": {
				"type": "Point",
				"coordinates": [121.3319296, 24.968364]
			},
			"properties": {
				"場館編號": 7497,
				"場館名稱": "鳳鳴國中操場",
				"所在地址": "新北市鶯歌區永和街33號",
				"場館連絡電話": "02-26780609#205",
				"場館官方網站": "http://www.fmjh.ntpc.edu.tw",
				"場館停車場類型": "無停車場"
			}
		},
		{
			"type": "Feature",
			"geometry": {
				"type": "Point",
				"coordinates": [121.4474577, 25.17882559]
			},
			"properties": {
				"場館編號": 7505,
				"場館名稱": "正德國中田徑場",
				"所在地址": "新北市淡水區北新路109號",
				"場館連絡電話": "02-26205136#135",
				"場館官方網站": "http://www.jdjh.ntpc.edu.tw",
				"場館停車場類型": ""
			}
		},
		{
			"type": "Feature",
			"geometry": {
				"type": "Point",
				"coordinates": [121.66116, 25.06611508]
			},
			"properties": {
				"場館編號": 7510,
				"場館名稱": "秀峰高中體育館",
				"所在地址": "新北市汐止區忠孝東路201號",
				"場館連絡電話": "02-26412134",
				"場館官方網站": "http://www.sfhs.ntpc.edu.tw",
				"場館停車場類型": ""
			}
		},
		{
			"type": "Feature",
			"geometry": {
				"type": "Point",
				"coordinates": [121.4887154, 25.06419082]
			},
			"properties": {
				"場館編號": 7523,
				"場館名稱": "明志國中排球場(館)",
				"所在地址": "新北市三重區中正北路107號",
				"場館連絡電話": "02-29844132#318",
				"場館官方網站": "http://www.mcjh.ntpc.edu.tw",
				"場館停車場類型": "無停車場"
			}
		},
		{
			"type": "Feature",
			"geometry": {
				"type": "Point",
				"coordinates": [121.5420029, 24.96884404]
			},
			"properties": {
				"場館編號": 7524,
				"場館名稱": "新店區馬公公園體育館",
				"所在地址": "新北市新店區北新路一段92號",
				"場館連絡電話": "02-89145330",
				"場館官方網站": "",
				"場館停車場類型": ""
			}
		},
		{
			"type": "Feature",
			"geometry": {
				"type": "Point",
				"coordinates": [121.5093309, 24.95196812]
			},
			"properties": {
				"場館編號": 7530,
				"場館名稱": "景文科技大學網球場(館)",
				"所在地址": "新北市新店區安忠路99號",
				"場館連絡電話": "02-82122000#2213",
				"場館官方網站": "http://www.just.edu.tw/",
				"場館停車場類型": "一般及無障礙停車場"
			}
		},
		{
			"type": "Feature",
			"geometry": {
				"type": "Point",
				"coordinates": [121.6386724, 25.16749416]
			},
			"properties": {
				"場館編號": 7538,
				"場館名稱": "大坪國小操場",
				"所在地址": "新北市萬里區雙興里大坪路1號",
				"場館連絡電話": "02-24929461#51",
				"場館官方網站": "http://www.dpps.ntpc.edu.tw",
				"場館停車場類型": "無停車場"
			}
		},
		{
			"type": "Feature",
			"geometry": {
				"type": "Point",
				"coordinates": [121.4592218, 25.05602697]
			},
			"properties": {
				"場館編號": 7542,
				"場館名稱": "頭前國中風雨操場",
				"所在地址": "新北市新莊區中原路2號",
				"場館連絡電話": "02-85222862",
				"場館官方網站": "http://www.tcjhs.ntpc.edu.tw",
				"場館停車場類型": "一般及無障礙停車場"
			}
		},
		{
			"type": "Feature",
			"geometry": {
				"type": "Point",
				"coordinates": [121.6318059, 25.06260669]
			},
			"properties": {
				"場館編號": 7546,
				"場館名稱": "北峰國小游泳池(館)",
				"所在地址": "新北市汐止區中興里環河街1號",
				"場館連絡電話": "02-26941817",
				"場館官方網站": "http://www.pfes.ntpc.edu.tw/",
				"場館停車場類型": "一般及無障礙停車場"
			}
		},
		{
			"type": "Feature",
			"geometry": {
				"type": "Point",
				"coordinates": [121.5297639, 25.25866923]
			},
			"properties": {
				"場館編號": 7550,
				"場館名稱": "橫山國小田徑場",
				"所在地址": "新北市三芝區橫山里86號",
				"場館連絡電話": "02-26362473#13",
				"場館官方網站": "https://www.hses.ntpc.edu.tw/index.php",
				"場館停車場類型": "無停車場"
			}
		},
		{
			"type": "Feature",
			"geometry": {
				"type": "Point",
				"coordinates": [121.4378929, 25.17408244]
			},
			"properties": {
				"場館編號": 7551,
				"場館名稱": "文化國小文化樓活動中心",
				"所在地址": "新北市淡水區文化里真理街6號",
				"場館連絡電話": "02-26212031#852",
				"場館官方網站": "http://www.twhps.ntpc.edu.tw",
				"場館停車場類型": "無停車場"
			}
		},
		{
			"type": "Feature",
			"geometry": {
				"type": "Point",
				"coordinates": [121.4468515, 25.05257175]
			},
			"properties": {
				"場館編號": 7552,
				"場館名稱": "榮富國小游泳池(館)",
				"所在地址": "新北市新莊區中和街193號",
				"場館連絡電話": "02-22769020",
				"場館官方網站": "http://www.lfes.ntpc.edu.tw",
				"場館停車場類型": "無停車場"
			}
		},
		{
			"type": "Feature",
			"geometry": {
				"type": "Point",
				"coordinates": [121.3897794, 25.08025452]
			},
			"properties": {
				"場館編號": 7561,
				"場館名稱": "林口國小菁埔樓地下1F桌球室",
				"所在地址": "新北市林口區菁湖里林口路76號",
				"場館連絡電話": "02-26011010#831",
				"場館官方網站": "http://www.lkes.ntpc.edu.tw",
				"場館停車場類型": "無停車場"
			}
		},
		{
			"type": "Feature",
			"geometry": {
				"type": "Point",
				"coordinates": [121.3897312, 25.08043914]
			},
			"properties": {
				"場館編號": 7564,
				"場館名稱": "林口國小舞蹈教室",
				"所在地址": "新北市林口區菁湖里林口路76號",
				"場館連絡電話": "02-26011010",
				"場館官方網站": "http://www.lkes.ntpc.edu.tw",
				"場館停車場類型": "無停車場"
			}
		},
		{
			"type": "Feature",
			"geometry": {
				"type": "Point",
				"coordinates": [121.5922058, 25.26851736]
			},
			"properties": {
				"場館編號": 7565,
				"場館名稱": "乾華國小田徑場",
				"所在地址": "新北市石門區茂林里茂林社區74號",
				"場館連絡電話": "02-26381269",
				"場館官方網站": "http://cwes.ntpc.edu.tw",
				"場館停車場類型": "無停車場"
			}
		},
		{
			"type": "Feature",
			"geometry": {
				"type": "Point",
				"coordinates": [121.4674133, 25.02843595]
			},
			"properties": {
				"場館編號": 7567,
				"場館名稱": "江翠國中手球場(館)",
				"所在地址": "新北市板橋區松江街63號",
				"場館連絡電話": "02-22518007#260",
				"場館官方網站": "http://www.ctjh.ntpc.edu.tw",
				"場館停車場類型": "無停車場"
			}
		},
		{
			"type": "Feature",
			"geometry": {
				"type": "Point",
				"coordinates": [121.5097761, 24.95131638]
			},
			"properties": {
				"場館編號": 7569,
				"場館名稱": "景文科技大學排球場(館)",
				"所在地址": "新北市新店區安忠路99號",
				"場館連絡電話": "02-82122000#2213",
				"場館官方網站": "http://www.just.edu.tw/",
				"場館停車場類型": "一般及無障礙停車場"
			}
		},
		{
			"type": "Feature",
			"geometry": {
				"type": "Point",
				"coordinates": [121.3900691, 24.95573744]
			},
			"properties": {
				"場館編號": 7573,
				"場館名稱": "柑園國小田徑場",
				"所在地址": "新北市樹林區柑園街一段353號",
				"場館連絡電話": "02-26802507#232",
				"場館官方網站": "http://www.gyes.ntpc.edu.tw",
				"場館停車場類型": "無停車場"
			}
		},
		{
			"type": "Feature",
			"geometry": {
				"type": "Point",
				"coordinates": [121.5092397, 24.95265876]
			},
			"properties": {
				"場館編號": 7578,
				"場館名稱": "景文科技大學健身房(含重量訓練室)",
				"所在地址": "新北市新店區安忠路99號",
				"場館連絡電話": "02-82122000#2213",
				"場館官方網站": "http://www.just.edu.tw/",
				"場館停車場類型": "一般及無障礙停車場"
			}
		},
		{
			"type": "Feature",
			"geometry": {
				"type": "Point",
				"coordinates": [121.9054019, 25.02140719]
			},
			"properties": {
				"場館編號": 7579,
				"場館名稱": "貢寮區環保公園",
				"所在地址": "新北市貢寮區長泰路18-2號(貢寮大橋貢寮社區活動中心)旁",
				"場館連絡電話": "02-24941601#402",
				"場館官方網站": "",
				"場館停車場類型": "一般及無障礙停車場"
			}
		},
		{
			"type": "Feature",
			"geometry": {
				"type": "Point",
				"coordinates": [121.5091324, 24.95232803]
			},
			"properties": {
				"場館編號": 7582,
				"場館名稱": "景文科技大學桌球教室",
				"所在地址": "新北市新店區安忠路99號",
				"場館連絡電話": "02-82122000#2213",
				"場館官方網站": "http://www.just.edu.tw/",
				"場館停車場類型": "一般及無障礙停車場"
			}
		},
		{
			"type": "Feature",
			"geometry": {
				"type": "Point",
				"coordinates": [121.4033568, 25.14965915]
			},
			"properties": {
				"場館編號": 7591,
				"場館名稱": "八里國小籃球場",
				"所在地址": "新北市八里區舊城里中山路二段338號",
				"場館連絡電話": "02-26102217",
				"場館官方網站": "http://www.ples.ntpc.edu.tw",
				"場館停車場類型": ""
			}
		},
		{
			"type": "Feature",
			"geometry": {
				"type": "Point",
				"coordinates": [121.522758, 24.99883565]
			},
			"properties": {
				"場館編號": 7592,
				"場館名稱": "新北市基層游泳選手訓練館游泳池",
				"所在地址": "新北市永和區得和路202號",
				"場館連絡電話": "02-29420451#5203",
				"場館官方網站": "http://www.hles.ntpc.edu.tw",
				"場館停車場類型": ""
			}
		},
		{
			"type": "Feature",
			"geometry": {
				"type": "Point",
				"coordinates": [121.9257814, 25.05363117]
			},
			"properties": {
				"場館編號": 7601,
				"場館名稱": "貢寮區澳底公園",
				"所在地址": "新北市貢寮區仁愛路43號旁",
				"場館連絡電話": "02-24941601#402",
				"場館官方網站": "",
				"場館停車場類型": "一般及無障礙停車場"
			}
		},
		{
			"type": "Feature",
			"geometry": {
				"type": "Point",
				"coordinates": [121.4254689, 25.18150051]
			},
			"properties": {
				"場館編號": 7604,
				"場館名稱": "天生國小操場",
				"所在地址": "新北市淡水區淡海路72巷26號",
				"場館連絡電話": "02-28052695#830",
				"場館官方網站": "http://www.tisnes.ntpc.edu.tw",
				"場館停車場類型": "一般及無障礙停車場"
			}
		},
		{
			"type": "Feature",
			"geometry": {
				"type": "Point",
				"coordinates": [121.5091646, 24.95275604]
			},
			"properties": {
				"場館編號": 7612,
				"場館名稱": "景文科技大學瑜珈教室",
				"所在地址": "新北市新店區安忠路99號",
				"場館連絡電話": "02-82122000#2213",
				"場館官方網站": "http://www.just.edu.tw/",
				"場館停車場類型": "一般及無障礙停車場"
			}
		},
		{
			"type": "Feature",
			"geometry": {
				"type": "Point",
				"coordinates": [121.4704067, 25.08554667]
			},
			"properties": {
				"場館編號": 7639,
				"場館名稱": "蘆洲國小運動場",
				"所在地址": "新北市蘆洲區中正路100號",
				"場館連絡電話": "02-22816202#133",
				"場館官方網站": "http://www.lces.ntpc.edu.tw",
				"場館停車場類型": ""
			}
		},
		{
			"type": "Feature",
			"geometry": {
				"type": "Point",
				"coordinates": [121.4370024, 25.08277126]
			},
			"properties": {
				"場館編號": 7641,
				"場館名稱": "五股國小室內籃球場",
				"所在地址": "新北市五股區五股里成泰路二段49號",
				"場館連絡電話": "02-22917191#814",
				"場館官方網站": "http://www.wkes.ntpc.edu.tw",
				"場館停車場類型": ""
			}
		},
		{
			"type": "Feature",
			"geometry": {
				"type": "Point",
				"coordinates": [121.4179748, 24.98243064]
			},
			"properties": {
				"場館編號": 7645,
				"場館名稱": "大同國小活動中心",
				"所在地址": "新北市樹林區大同里大同街43號",
				"場館連絡電話": "02-86865486#833",
				"場館官方網站": "http://www.ttps.ntpc.edu.tw",
				"場館停車場類型": "無停車場"
			}
		},
		{
			"type": "Feature",
			"geometry": {
				"type": "Point",
				"coordinates": [121.4976257, 25.07029513]
			},
			"properties": {
				"場館編號": 7655,
				"場館名稱": "三重國小田徑場",
				"所在地址": "新北市三重區三和路三段1號",
				"場館連絡電話": "02-29722095#182",
				"場館官方網站": "http://www.tsces.ntpc.edu.tw",
				"場館停車場類型": "無停車場"
			}
		},
		{
			"type": "Feature",
			"geometry": {
				"type": "Point",
				"coordinates": [121.4768671, 24.9953157]
			},
			"properties": {
				"場館編號": 7695,
				"場館名稱": "中和高中田徑場",
				"所在地址": "新北市中和區連城路460號",
				"場館連絡電話": "02-22227146",
				"場館官方網站": "http://www.chshs.ntpc.edu.tw",
				"場館停車場類型": ""
			}
		},
		{
			"type": "Feature",
			"geometry": {
				"type": "Point",
				"coordinates": [121.4379627, 25.17405331]
			},
			"properties": {
				"場館編號": 7699,
				"場館名稱": "文化國小田徑場",
				"所在地址": "新北市淡水區文化里真理街6號",
				"場館連絡電話": "02-26212031#852",
				"場館官方網站": "http://www.twhps.ntpc.edu.tw",
				"場館停車場類型": "無停車場"
			}
		},
		{
			"type": "Feature",
			"geometry": {
				"type": "Point",
				"coordinates": [121.4616412, 25.06498774]
			},
			"properties": {
				"場館編號": 7703,
				"場館名稱": "興化國小籃球場",
				"所在地址": "新北市新莊區福興里五工二路50巷2號",
				"場館連絡電話": "02-22991001#303",
				"場館官方網站": "http://www.tshes.ntpc.edu.tw",
				"場館停車場類型": "無停車場"
			}
		},
		{
			"type": "Feature",
			"geometry": {
				"type": "Point",
				"coordinates": [121.5344003, 25.04289704]
			},
			"properties": {
				"場館編號": 7710,
				"場館名稱": "臺北科技大學體適能運動中心(有氧訓練室)",
				"所在地址": "臺北市大安區忠孝東路三段1號",
				"場館連絡電話": "02-27712171#3320",
				"場館官方網站": "http://www.ntut.edu.tw",
				"場館停車場類型": "無停車場"
			}
		},
		{
			"type": "Feature",
			"geometry": {
				"type": "Point",
				"coordinates": [121.5342463, 25.0430379]
			},
			"properties": {
				"場館編號": 7724,
				"場館名稱": "臺北科技大學運動體適能運動教室",
				"所在地址": "臺北市大安區忠孝東路三段1號",
				"場館連絡電話": "02-27712171#3320",
				"場館官方網站": "http://www.ntut.edu.tw",
				"場館停車場類型": "無停車場"
			}
		},
		{
			"type": "Feature",
			"geometry": {
				"type": "Point",
				"coordinates": [121.5342964, 25.04303621]
			},
			"properties": {
				"場館編號": 7728,
				"場館名稱": "臺北科技大學健身房(含重量訓練室)",
				"所在地址": "臺北市大安區忠孝東路三段1號",
				"場館連絡電話": "02-27712171#3320",
				"場館官方網站": "http://www.ntut.edu.tw",
				"場館停車場類型": "無停車場"
			}
		},
		{
			"type": "Feature",
			"geometry": {
				"type": "Point",
				"coordinates": [121.5665531, 25.03184811]
			},
			"properties": {
				"場館編號": 7730,
				"場館名稱": "臺北市信義運動中心",
				"所在地址": "臺北市信義區松勤街100號",
				"場館連絡電話": "02-87861911",
				"場館官方網站": "https://xysc.teamxports.com/",
				"場館停車場類型": "無停車場"
			}
		},
		{
			"type": "Feature",
			"geometry": {
				"type": "Point",
				"coordinates": [121.4276683, 25.05461768]
			},
			"properties": {
				"場館編號": 7731,
				"場館名稱": "同榮國小籃球場",
				"所在地址": "新北市泰山區公園路33號",
				"場館連絡電話": "02-22968551#116",
				"場館官方網站": "http://www.tres.ntpc.edu.tw",
				"場館停車場類型": "無停車場"
			}
		},
		{
			"type": "Feature",
			"geometry": {
				"type": "Point",
				"coordinates": [121.4624137, 24.99780007]
			},
			"properties": {
				"場館編號": 7751,
				"場館名稱": "重慶國中田徑場",
				"所在地址": "新北市板橋區國慶路221號",
				"場館連絡電話": "02-29543001#504",
				"場館官方網站": "http://www.ccjh.ntpc.edu.tw",
				"場館停車場類型": "無停車場"
			}
		},
		{
			"type": "Feature",
			"geometry": {
				"type": "Point",
				"coordinates": [121.3846672, 25.08139143]
			},
			"properties": {
				"場館編號": 7754,
				"場館名稱": "佳林國中活動中心",
				"所在地址": "新北市林口區中山路268",
				"場館連絡電話": "02-26028555#340",
				"場館官方網站": "http://www.jljh.ntpc.edu.tw/default.asp",
				"場館停車場類型": "一般及無障礙停車場"
			}
		},
		{
			"type": "Feature",
			"geometry": {
				"type": "Point",
				"coordinates": [121.4640353, 25.00361001]
			},
			"properties": {
				"場館編號": 7758,
				"場館名稱": "籃球場館",
				"所在地址": "新北市板橋區重慶路157號",
				"場館連絡電話": "02-29614142#824",
				"場館官方網站": "http://www.hpes.ntpc.edu.tw",
				"場館停車場類型": "無停車場"
			}
		},
		{
			"type": "Feature",
			"geometry": {
				"type": "Point",
				"coordinates": [121.5456324, 25.08459252]
			},
			"properties": {
				"場館編號": 7761,
				"場館名稱": "實踐大學游泳池(館)(臺北校區)",
				"所在地址": "臺北市中山區大直街70號",
				"場館連絡電話": "02-25381111#3811",
				"場館官方網站": "http://www.usc.edu.tw",
				"場館停車場類型": "一般及無障礙停車場"
			}
		},
		{
			"type": "Feature",
			"geometry": {
				"type": "Point",
				"coordinates": [121.5456084, 25.08458606]
			},
			"properties": {
				"場館編號": 7763,
				"場館名稱": "實踐大學網球場(館)(臺北校區)",
				"所在地址": "臺北市中山區大直街70號",
				"場館連絡電話": "02-25381111#3811",
				"場館官方網站": "http://www.sportnew.usc.edu.tw/",
				"場館停車場類型": "一般及無障礙停車場"
			}
		},
		{
			"type": "Feature",
			"geometry": {
				"type": "Point",
				"coordinates": [121.5456258, 25.08457119]
			},
			"properties": {
				"場館編號": 7765,
				"場館名稱": "實踐大學體育館(臺北校區)",
				"所在地址": "臺北市中山區大直街70號",
				"場館連絡電話": "02-25381111#3811",
				"場館官方網站": "http://www.sportnew.usc.edu.tw/",
				"場館停車場類型": "一般及無障礙停車場"
			}
		},
		{
			"type": "Feature",
			"geometry": {
				"type": "Point",
				"coordinates": [121.3852331, 25.0785139]
			},
			"properties": {
				"場館編號": 7766,
				"場館名稱": "佳林國中田徑場",
				"所在地址": "新北市林口區中山路268跟",
				"場館連絡電話": "02-26028555#332",
				"場館官方網站": "http://www.jljh.ntpc.edu.tw/default.asp",
				"場館停車場類型": "一般及無障礙停車場"
			}
		},
		{
			"type": "Feature",
			"geometry": {
				"type": "Point",
				"coordinates": [121.4620328, 24.99766394]
			},
			"properties": {
				"場館編號": 7767,
				"場館名稱": "重慶國中籃球場",
				"所在地址": "新北市板橋區國慶路221號",
				"場館連絡電話": "02-29543001#504",
				"場館官方網站": "http://www.ccjh.ntpc.edu.tw",
				"場館停車場類型": "無停車場"
			}
		},
		{
			"type": "Feature",
			"geometry": {
				"type": "Point",
				"coordinates": [121.4299482, 25.05734586]
			},
			"properties": {
				"場館編號": 7769,
				"場館名稱": "泰山高中體育館",
				"所在地址": "新北市泰山區辭修路7號",
				"場館連絡電話": "02-22963625#303",
				"場館官方網站": "http://www.tssh.ntpc.edu.tw",
				"場館停車場類型": "一般及無障礙停車場"
			}
		},
		{
			"type": "Feature",
			"geometry": {
				"type": "Point",
				"coordinates": [121.8434657, 25.10664984]
			},
			"properties": {
				"場館編號": 7770,
				"場館名稱": "九份國小籃球場",
				"所在地址": "新北市瑞芳區永慶里崙頂路145號",
				"場館連絡電話": "02-24972263#22",
				"場館官方網站": "http://www.jfes.ntpc.edu.tw",
				"場館停車場類型": "一般及無障礙停車場"
			}
		},
		{
			"type": "Feature",
			"geometry": {
				"type": "Point",
				"coordinates": [121.5358526, 25.04346428]
			},
			"properties": {
				"場館編號": 7773,
				"場館名稱": "臺北科技大學多功能舞蹈教室",
				"所在地址": "臺北市大安區忠孝東路三段1號",
				"場館連絡電話": "02-27712171#3320",
				"場館官方網站": "http://www.ntut.edu.tw",
				"場館停車場類型": "無停車場"
			}
		},
		{
			"type": "Feature",
			"geometry": {
				"type": "Point",
				"coordinates": [121.5358579, 25.04345942]
			},
			"properties": {
				"場館編號": 7775,
				"場館名稱": "臺北科技大學中正館 7樓撞球教室",
				"所在地址": "臺北市大安區忠孝東路三段1號",
				"場館連絡電話": "02-27712171#3320",
				"場館官方網站": "http://www.ntut.edu.tw",
				"場館停車場類型": "無停車場"
			}
		},
		{
			"type": "Feature",
			"geometry": {
				"type": "Point",
				"coordinates": [121.5376335, 25.0428276]
			},
			"properties": {
				"場館編號": 7777,
				"場館名稱": "臺北科技大學東校區運動園區（爬竿區）",
				"所在地址": "臺北市大安區忠孝東路三段1號",
				"場館連絡電話": "02-27712171#3320",
				"場館官方網站": "http://www.ntut.edu.tw",
				"場館停車場類型": ""
			}
		},
		{
			"type": "Feature",
			"geometry": {
				"type": "Point",
				"coordinates": [121.5381847, 25.04307304]
			},
			"properties": {
				"場館編號": 7778,
				"場館名稱": "臺北科技大學東校區運動園區（排球場）",
				"所在地址": "臺北市大安區忠孝東路三段1號",
				"場館連絡電話": "02-27712171#3327",
				"場館官方網站": "http://www.ntut.edu.tw",
				"場館停車場類型": ""
			}
		},
		{
			"type": "Feature",
			"geometry": {
				"type": "Point",
				"coordinates": [121.5375584, 25.04318725]
			},
			"properties": {
				"場館編號": 7779,
				"場館名稱": "臺北科技大學東校區運動園區（籃球比賽場）",
				"所在地址": "臺北市大安區忠孝東路三段1號",
				"場館連絡電話": "02-27712171#3320",
				"場館官方網站": "http://www.ntut.edu.tw",
				"場館停車場類型": ""
			}
		},
		{
			"type": "Feature",
			"geometry": {
				"type": "Point",
				"coordinates": [121.5378749, 25.04323585]
			},
			"properties": {
				"場館編號": 7780,
				"場館名稱": "臺北科技大學東校區運動園區（籃球練習場）",
				"所在地址": "臺北市大安區忠孝東路三段1號",
				"場館連絡電話": "02-27712171#3320",
				"場館官方網站": "http://www.ntut.edu.tw",
				"場館停車場類型": ""
			}
		},
		{
			"type": "Feature",
			"geometry": {
				"type": "Point",
				"coordinates": [121.5372151, 25.04319211]
			},
			"properties": {
				"場館編號": 7782,
				"場館名稱": "臺北科技大學東校區運動園區（網球場）",
				"所在地址": "臺北市大安區忠孝東路三段1號",
				"場館連絡電話": "02-27712171#3327",
				"場館官方網站": "http://www.ntut.edu.tw",
				"場館停車場類型": ""
			}
		},
		{
			"type": "Feature",
			"geometry": {
				"type": "Point",
				"coordinates": [121.5375584, 25.04239505]
			},
			"properties": {
				"場館編號": 7783,
				"場館名稱": "臺北科技大學東校區運動園區（足球場）",
				"所在地址": "臺北市大安區忠孝東路三段1號",
				"場館連絡電話": "02-27712171#3320",
				"場館官方網站": "http://www.ntut.edu.tw",
				"場館停車場類型": ""
			}
		},
		{
			"type": "Feature",
			"geometry": {
				"type": "Point",
				"coordinates": [121.5343533, 25.04302374]
			},
			"properties": {
				"場館編號": 7785,
				"場館名稱": "臺北科技大學第三教學大樓B1體適能運動中心(舞蹈教室)",
				"所在地址": "臺北市大安區忠孝東路三段1號",
				"場館連絡電話": "02-27712171#3320",
				"場館官方網站": "http://www.ntut.edu.tw",
				"場館停車場類型": "無停車場"
			}
		},
		{
			"type": "Feature",
			"geometry": {
				"type": "Point",
				"coordinates": [121.5358257, 25.04341568]
			},
			"properties": {
				"場館編號": 7787,
				"場館名稱": "臺北科技大學14.中正館5F綜合球場",
				"所在地址": "臺北市大安區忠孝東路三段1號",
				"場館連絡電話": "02-27712171#3320",
				"場館官方網站": "http://www.ntut.edu.tw",
				"場館停車場類型": "無停車場"
			}
		},
		{
			"type": "Feature",
			"geometry": {
				"type": "Point",
				"coordinates": [121.5358526, 25.04343755]
			},
			"properties": {
				"場館編號": 7788,
				"場館名稱": "臺北科技大學中正館B1桌球室",
				"所在地址": "臺北市大安區忠孝東路三段1號",
				"場館連絡電話": "02-27712171#3320",
				"場館官方網站": "http://www.ntut.edu.tw",
				"場館停車場類型": "無停車場"
			}
		},
		{
			"type": "Feature",
			"geometry": {
				"type": "Point",
				"coordinates": [121.4739391, 25.025415]
			},
			"properties": {
				"場館編號": 7789,
				"場館名稱": "莒光國小排球場(館)",
				"所在地址": "新北市板橋區華翠里莒光路163號",
				"場館連絡電話": "02-22517272#104",
				"場館官方網站": "http://www.jges.ntpc.edu.tw",
				"場館停車場類型": ""
			}
		},
		{
			"type": "Feature",
			"geometry": {
				"type": "Point",
				"coordinates": [121.4739364, 25.02531049]
			},
			"properties": {
				"場館編號": 7790,
				"場館名稱": "莒光國小田徑場",
				"所在地址": "新北市板橋區華翠里莒光路163號",
				"場館連絡電話": "02-22517272#104",
				"場館官方網站": "http://www.jges.ntpc.edu.tw",
				"場館停車場類型": ""
			}
		},
		{
			"type": "Feature",
			"geometry": {
				"type": "Point",
				"coordinates": [121.4735878, 25.02544659]
			},
			"properties": {
				"場館編號": 7791,
				"場館名稱": "莒光國小籃球場",
				"所在地址": "新北市板橋區華翠里莒光路163號",
				"場館連絡電話": "02-22517272#104",
				"場館官方網站": "http://www.jges.ntpc.edu.tw",
				"場館停車場類型": ""
			}
		},
		{
			"type": "Feature",
			"geometry": {
				"type": "Point",
				"coordinates": [121.7770529, 25.1027042]
			},
			"properties": {
				"場館編號": 7792,
				"場館名稱": "瑞亭國小田徑場",
				"所在地址": "新北市瑞芳區四腳亭埔路23號",
				"場館連絡電話": "02-24971726#201",
				"場館官方網站": "http://www.rtes.ntpc.edu.tw",
				"場館停車場類型": "無停車場"
			}
		},
		{
			"type": "Feature",
			"geometry": {
				"type": "Point",
				"coordinates": [121.4762914, 25.08499054]
			},
			"properties": {
				"場館編號": 7795,
				"場館名稱": "鷺江國小活動中心",
				"所在地址": "新北市蘆洲區民族路7號",
				"場館連絡電話": "02-22819980#9504",
				"場館官方網站": "http://www.lcps.ntpc.edu.tw",
				"場館停車場類型": "一般及無障礙停車場"
			}
		},
		{
			"type": "Feature",
			"geometry": {
				"type": "Point",
				"coordinates": [121.4963222, 25.06493429]
			},
			"properties": {
				"場館編號": 7803,
				"場館名稱": "正義國小操場",
				"所在地址": "新北市三重區信義西街31號",
				"場館連絡電話": "02-29853138#1012",
				"場館官方網站": "http://www.jyes.ntpc.edu.tw",
				"場館停車場類型": "一般及無障礙停車場"
			}
		},
		{
			"type": "Feature",
			"geometry": {
				"type": "Point",
				"coordinates": [121.3447022, 24.95083]
			},
			"properties": {
				"場館編號": 7814,
				"場館名稱": "鶯歌國中活動中心",
				"所在地址": "新北市鶯歌區尖山埔路108號",
				"場館連絡電話": "02-26701461#230",
				"場館官方網站": "http://www.ykjhs.ntpc.edu.tw",
				"場館停車場類型": "無停車場"
			}
		},
		{
			"type": "Feature",
			"geometry": {
				"type": "Point",
				"coordinates": [121.4666784, 25.00577819]
			},
			"properties": {
				"場館編號": 7824,
				"場館名稱": "實踐國小操場",
				"所在地址": "新北市板橋區實踐路93巷51號",
				"場館連絡電話": "02-29531233#133",
				"場館官方網站": "http://www.sjps.ntpc.edu.tw",
				"場館停車場類型": "無停車場"
			}
		},
		{
			"type": "Feature",
			"geometry": {
				"type": "Point",
				"coordinates": [121.4247984, 25.01817793]
			},
			"properties": {
				"場館編號": 7827,
				"場館名稱": "光華國小活動中心",
				"所在地址": "新北市新莊區龍安路452號",
				"場館連絡電話": "02-22058866#823",
				"場館官方網站": "http://www.ghes.ntpc.edu.tw",
				"場館停車場類型": "無停車場"
			}
		},
		{
			"type": "Feature",
			"geometry": {
				"type": "Point",
				"coordinates": [121.8143463, 25.08870825]
			},
			"properties": {
				"場館編號": 7830,
				"場館名稱": "瑞芳國小田徑場",
				"所在地址": "新北市瑞芳區龍川里中山路2號",
				"場館連絡電話": "02-24972058#122",
				"場館官方網站": "http://www.rfes.ntpc.edu.tw",
				"場館停車場類型": ""
			}
		},
		{
			"type": "Feature",
			"geometry": {
				"type": "Point",
				"coordinates": [121.4258149, 25.01742401]
			},
			"properties": {
				"場館編號": 7831,
				"場館名稱": "光華國小田徑場",
				"所在地址": "新北市新莊區龍安路452號",
				"場館連絡電話": "02-22058866#823",
				"場館官方網站": "http://www.ghes.ntpc.edu.tw",
				"場館停車場類型": "無停車場"
			}
		},
		{
			"type": "Feature",
			"geometry": {
				"type": "Point",
				"coordinates": [121.5374565, 25.0426332]
			},
			"properties": {
				"場館編號": 7848,
				"場館名稱": "臺北科技大學東校區運動園區(田徑場)",
				"所在地址": "臺北市大安區忠孝東路三段1號",
				"場館連絡電話": "02-27712171#3320",
				"場館官方網站": "http://www.ntut.edu.tw",
				"場館停車場類型": ""
			}
		},
		{
			"type": "Feature",
			"geometry": {
				"type": "Point",
				"coordinates": [121.4588592, 25.01222546]
			},
			"properties": {
				"場館編號": 7852,
				"場館名稱": "板橋高中羽球場(館)",
				"所在地址": "新北市板橋區文化路一段25號",
				"場館連絡電話": "02-29602500#430",
				"場館官方網站": "http://www.pcsh.ntpc.edu.tw",
				"場館停車場類型": "無停車場"
			}
		},
		{
			"type": "Feature",
			"geometry": {
				"type": "Point",
				"coordinates": [121.520867, 24.99561706]
			},
			"properties": {
				"場館編號": 7857,
				"場館名稱": "秀山國民小學",
				"所在地址": "新北市中和區立人街2號",
				"場館連絡電話": "02-29434353",
				"場館官方網站": "http://www.ssps.ntpc.edu.tw",
				"場館停車場類型": "無停車場"
			}
		},
		{
			"type": "Feature",
			"geometry": {
				"type": "Point",
				"coordinates": [121.4022732, 24.9744656]
			},
			"properties": {
				"場館編號": 7858,
				"場館名稱": "山佳國小後村堂",
				"所在地址": "新北市樹林區中山路三段5號",
				"場館連絡電話": "02-26806673#823",
				"場館官方網站": "https://www.sjes.ntpc.edu.tw/index.php",
				"場館停車場類型": "一般及無障礙停車場"
			}
		},
		{
			"type": "Feature",
			"geometry": {
				"type": "Point",
				"coordinates": [121.461947, 24.99832029]
			},
			"properties": {
				"場館編號": 7859,
				"場館名稱": "重慶國中活動中心",
				"所在地址": "新北市板橋區國慶路221號",
				"場館連絡電話": "02-29543001#504",
				"場館官方網站": "http://www.ccjh.ntpc.edu.tw",
				"場館停車場類型": "無停車場"
			}
		},
		{
			"type": "Feature",
			"geometry": {
				"type": "Point",
				"coordinates": [121.4167035, 25.02102318]
			},
			"properties": {
				"場館編號": 7863,
				"場館名稱": "丹鳳高中健身房(含重量訓練室)",
				"所在地址": "新北市新莊區龍安路72號",
				"場館連絡電話": "02-29089627#115",
				"場館官方網站": "http://www.dfsh.ntpc.edu.tw/",
				"場館停車場類型": "無停車場"
			}
		},
		{
			"type": "Feature",
			"geometry": {
				"type": "Point",
				"coordinates": [121.4381182, 25.17485437]
			},
			"properties": {
				"場館編號": 7866,
				"場館名稱": "淡水國中田徑場",
				"所在地址": "新北市淡水區文化里真理街10號",
				"場館連絡電話": "02-26218821",
				"場館官方網站": "http://www.tsjh.ntpc.edu.tw",
				"場館停車場類型": "無停車場"
			}
		},
		{
			"type": "Feature",
			"geometry": {
				"type": "Point",
				"coordinates": [121.7118202, 24.93762541]
			},
			"properties": {
				"場館編號": 7875,
				"場館名稱": "坪林國中體育館",
				"所在地址": "新北市坪林區國中路4號",
				"場館連絡電話": "02-26656210",
				"場館官方網站": "http://www.pljh.ntpc.edu.tw",
				"場館停車場類型": ""
			}
		},
		{
			"type": "Feature",
			"geometry": {
				"type": "Point",
				"coordinates": [121.5145035, 24.97041844]
			},
			"properties": {
				"場館編號": 7877,
				"場館名稱": "安康高中操場附設籃球場",
				"所在地址": "新北市新店區安興路25號",
				"場館連絡電話": "02-22111743#520",
				"場館官方網站": "http://www.akhs.ntpc.edu.tw",
				"場館停車場類型": ""
			}
		},
		{
			"type": "Feature",
			"geometry": {
				"type": "Point",
				"coordinates": [121.4521837, 25.01905933]
			},
			"properties": {
				"場館編號": 7880,
				"場館名稱": "網球場館",
				"所在地址": "新北市板橋區中正路325巷30號",
				"場館連絡電話": "02-29680612",
				"場館官方網站": "http://www.kkes.ntpc.edu.tw",
				"場館停車場類型": "無停車場"
			}
		},
		{
			"type": "Feature",
			"geometry": {
				"type": "Point",
				"coordinates": [121.833112, 25.09515279]
			},
			"properties": {
				"場館編號": 7883,
				"場館名稱": "猴硐國小簡易跑道及籃球場",
				"所在地址": "新北市瑞芳區弓橋里九芎橋路69-1號",
				"場館連絡電話": "02-24960450#109",
				"場館官方網站": "http://www.htes.ntpc.edu.tw",
				"場館停車場類型": "無停車場"
			}
		},
		{
			"type": "Feature",
			"geometry": {
				"type": "Point",
				"coordinates": [121.343168, 24.9446772]
			},
			"properties": {
				"場館編號": 7888,
				"場館名稱": "尖山國中田徑場",
				"所在地址": "新北市鶯歌區國中街1號",
				"場館連絡電話": "02-26781670#23",
				"場館官方網站": "http://www.jsjhs.ntpc.edu.tw",
				"場館停車場類型": ""
			}
		},
		{
			"type": "Feature",
			"geometry": {
				"type": "Point",
				"coordinates": [121.343345, 24.94425403]
			},
			"properties": {
				"場館編號": 7896,
				"場館名稱": "尖山國中風雨操場",
				"所在地址": "新北市鶯歌區國中街1號",
				"場館連絡電話": "02-26781670#23",
				"場館官方網站": "http://www.jsjhs.ntpc.edu.tw",
				"場館停車場類型": "無停車場"
			}
		},
		{
			"type": "Feature",
			"geometry": {
				"type": "Point",
				"coordinates": [121.4911401, 24.99273387]
			},
			"properties": {
				"場館編號": 7903,
				"場館名稱": "錦和高中體育館",
				"所在地址": "新北市中和區錦和路163號",
				"場館連絡電話": "02-22498566",
				"場館官方網站": "http://www.jhsh.ntpc.edu.tw",
				"場館停車場類型": ""
			}
		},
		{
			"type": "Feature",
			"geometry": {
				"type": "Point",
				"coordinates": [121.4055213, 24.87274684]
			},
			"properties": {
				"場館編號": 7913,
				"場館名稱": "插角國小田徑場(主要設施)",
				"所在地址": "新北市三峽區插角里插角路39號",
				"場館連絡電話": "02-26720230#830",
				"場館官方網站": "http://www.cgps.ntpc.edu.tw",
				"場館停車場類型": "無停車場"
			}
		},
		{
			"type": "Feature",
			"geometry": {
				"type": "Point",
				"coordinates": [121.4320296, 25.03794066]
			},
			"properties": {
				"場館編號": 7922,
				"場館名稱": "輔仁大學中美堂",
				"所在地址": "新北市新莊區中正路510號",
				"場館連絡電話": "02-29056436",
				"場館官方網站": "http://www.fju.edu.tw",
				"場館停車場類型": "一般及無障礙停車場"
			}
		},
		{
			"type": "Feature",
			"geometry": {
				"type": "Point",
				"coordinates": [121.4558583, 25.23727931]
			},
			"properties": {
				"場館編號": 7933,
				"場館名稱": "屯山國小籃球場",
				"所在地址": "新北市淡水區淡金路五段111號",
				"場館連絡電話": "02-28012591#830",
				"場館官方網站": "http://www.ttses.ntpc.edu.tw",
				"場館停車場類型": "一般及無障礙停車場"
			}
		},
		{
			"type": "Feature",
			"geometry": {
				"type": "Point",
				"coordinates": [121.6566158, 25.06113978]
			},
			"properties": {
				"場館編號": 7946,
				"場館名稱": "青山國中(小)田徑場",
				"所在地址": "新北市汐止區莊敬街33號",
				"場館連絡電話": "02-26917877#125",
				"場館官方網站": "http://www.csjhs.ntpc.edu.tw",
				"場館停車場類型": "無停車場"
			}
		},
		{
			"type": "Feature",
			"geometry": {
				"type": "Point",
				"coordinates": [121.6488647, 24.92567208]
			},
			"properties": {
				"場館編號": 7959,
				"場館名稱": "新店國小迺翁館(活動中心)",
				"所在地址": "新北市新店區新店路2號",
				"場館連絡電話": "02-29103483#723",
				"場館官方網站": "http://www.shdes.ntpc.edu.tw",
				"場館停車場類型": "無停車場"
			}
		},
		{
			"type": "Feature",
			"geometry": {
				"type": "Point",
				"coordinates": [121.4528362, 25.02552187]
			},
			"properties": {
				"場館編號": 7973,
				"場館名稱": "板橋國中體育館",
				"所在地址": "新北市板橋區中正路437號",
				"場館連絡電話": "02-29666498#650",
				"場館官方網站": "https://www.pcjh.ntpc.edu.tw/",
				"場館停車場類型": "一般及無障礙停車場"
			}
		},
		{
			"type": "Feature",
			"geometry": {
				"type": "Point",
				"coordinates": [121.4795208, 25.06955534]
			},
			"properties": {
				"場館編號": 7978,
				"場館名稱": "三重商工籃球場",
				"所在地址": "新北市三重區中正北路163號",
				"場館連絡電話": "02-29715606#303",
				"場館官方網站": "http://www.scvs.ntpc.edu.tw",
				"場館停車場類型": "無停車場"
			}
		},
		{
			"type": "Feature",
			"geometry": {
				"type": "Point",
				"coordinates": [121.5020084, 25.14274001]
			},
			"properties": {
				"場館編號": 7986,
				"場館名稱": "復興高中田徑場",
				"所在地址": "臺北市北投區復興四路70號",
				"場館連絡電話": "02-28914131#330",
				"場館官方網站": "http://www.fhsh.tp.edu.tw",
				"場館停車場類型": "無停車場"
			}
		},
		{
			"type": "Feature",
			"geometry": {
				"type": "Point",
				"coordinates": [121.4432359, 25.05337361]
			},
			"properties": {
				"場館編號": 7987,
				"場館名稱": "中平國中羽球場",
				"所在地址": "新北市新莊區中平路385號",
				"場館連絡電話": "229908092",
				"場館官方網站": "http://www.cpjh.ntpc.edu.tw",
				"場館停車場類型": "一般及無障礙停車場"
			}
		},
		{
			"type": "Feature",
			"geometry": {
				"type": "Point",
				"coordinates": [121.4823747, 25.06890422]
			},
			"properties": {
				"場館編號": 7988,
				"場館名稱": "三重商工體育館",
				"所在地址": "新北市三重區中正北路163號",
				"場館連絡電話": "02-29715606",
				"場館官方網站": "http://www.scvs.ntpc.edu.tw",
				"場館停車場類型": "無停車場"
			}
		},
		{
			"type": "Feature",
			"geometry": {
				"type": "Point",
				"coordinates": [121.5029204, 25.14406088]
			},
			"properties": {
				"場館編號": 7989,
				"場館名稱": "復興高中游泳池(館)",
				"所在地址": "臺北市北投區復興四路70號",
				"場館連絡電話": "02-28914131#330",
				"場館官方網站": "http://www.fhsh.tp.edu.tw",
				"場館停車場類型": "無停車場"
			}
		},
		{
			"type": "Feature",
			"geometry": {
				"type": "Point",
				"coordinates": [121.5026253, 25.14327419]
			},
			"properties": {
				"場館編號": 7992,
				"場館名稱": "復興高中中正堂",
				"所在地址": "臺北市北投區復興四路70號",
				"場館連絡電話": "02-28914131#330",
				"場館官方網站": "http://www.fhsh.tp.edu.tw",
				"場館停車場類型": "無停車場"
			}
		},
		{
			"type": "Feature",
			"geometry": {
				"type": "Point",
				"coordinates": [121.4794403, 25.06933668]
			},
			"properties": {
				"場館編號": 8001,
				"場館名稱": "三重商工排球場(館)",
				"所在地址": "新北市三重區中正北路163號",
				"場館連絡電話": "02-29715606#303",
				"場館官方網站": "http://www.scvs.ntpc.edu.tw",
				"場館停車場類型": "無停車場"
			}
		},
		{
			"type": "Feature",
			"geometry": {
				"type": "Point",
				"coordinates": [121.431756, 24.98694297]
			},
			"properties": {
				"場館編號": 8002,
				"場館名稱": "溪洲國小田徑場",
				"所在地址": "新北市板橋區金門街289號",
				"場館連絡電話": "02-26867705#31",
				"場館官方網站": "http://www.sips.ntpc.edu.tw",
				"場館停車場類型": "無停車場"
			}
		},
		{
			"type": "Feature",
			"geometry": {
				"type": "Point",
				"coordinates": [121.4432466, 25.05357771]
			},
			"properties": {
				"場館編號": 8008,
				"場館名稱": "田徑場",
				"所在地址": "新北市新莊區中平路385號",
				"場館連絡電話": "02-29908092#823",
				"場館官方網站": "http://www.cpjh.ntpc.edu.tw",
				"場館停車場類型": "一般及無障礙停車場"
			}
		},
		{
			"type": "Feature",
			"geometry": {
				"type": "Point",
				"coordinates": [121.5653139, 25.08677244]
			},
			"properties": {
				"場館編號": 8009,
				"場館名稱": "德明財經科技大學游泳池",
				"所在地址": "臺北市內湖區環山路一段56號",
				"場館連絡電話": "02-87513132",
				"場館官方網站": "http://www.takming.edu.tw",
				"場館停車場類型": "一般及無障礙停車場"
			}
		},
		{
			"type": "Feature",
			"geometry": {
				"type": "Point",
				"coordinates": [121.4428711, 25.05362631]
			},
			"properties": {
				"場館編號": 8010,
				"場館名稱": "中平國中籃球場",
				"所在地址": "新北市新莊區中平路385號",
				"場館連絡電話": "229908092",
				"場館官方網站": "http://www.cpjh.ntpc.edu.tw",
				"場館停車場類型": "一般及無障礙停車場"
			}
		},
		{
			"type": "Feature",
			"geometry": {
				"type": "Point",
				"coordinates": [121.5216744, 25.04172921]
			},
			"properties": {
				"場館編號": 8013,
				"場館名稱": "開南商工田徑場",
				"所在地址": "臺北市中正區東門里濟南路1段6號",
				"場館連絡電話": "02-23212666#212",
				"場館官方網站": "http://www.knvs.tp.edu.tw",
				"場館停車場類型": "無停車場"
			}
		},
		{
			"type": "Feature",
			"geometry": {
				"type": "Point",
				"coordinates": [121.3481516, 24.97319153]
			},
			"properties": {
				"場館編號": 8014,
				"場館名稱": "中湖國小田徑場附設籃球場、躲避球場",
				"所在地址": "新北市鶯歌區中湖里中湖街25號",
				"場館連絡電話": "02-86775640#53",
				"場館官方網站": "http://www.chues.ntpc.edu.tw",
				"場館停車場類型": "一般及無障礙停車場"
			}
		},
		{
			"type": "Feature",
			"geometry": {
				"type": "Point",
				"coordinates": [121.641714, 25.01171891]
			},
			"properties": {
				"場館編號": 8029,
				"場館名稱": "和平國小籃球場",
				"所在地址": "新北市石碇區靜安路一段5號",
				"場館連絡電話": "02-26631405",
				"場館官方網站": "http://www.hpps.ntpc.edu.tw",
				"場館停車場類型": ""
			}
		},
		{
			"type": "Feature",
			"geometry": {
				"type": "Point",
				"coordinates": [121.4492923, 25.1713928]
			},
			"properties": {
				"場館編號": 8039,
				"場館名稱": "鄧公國小風雨籃球場",
				"所在地址": "新北市淡水區學府里學府路99號",
				"場館連絡電話": "02-26297121#151",
				"場館官方網站": "http://www.dkes.ntpc.edu.tw",
				"場館停車場類型": ""
			}
		},
		{
			"type": "Feature",
			"geometry": {
				"type": "Point",
				"coordinates": [121.5096956, 25.1168977]
			},
			"properties": {
				"場館編號": 8042,
				"場館名稱": "臺北市北投運動中心",
				"所在地址": "臺北市北投區石牌路1段39巷100號",
				"場館連絡電話": "02-28202880",
				"場館官方網站": "http://www.btsport.org.tw/",
				"場館停車場類型": "一般及無障礙停車場"
			}
		},
		{
			"type": "Feature",
			"geometry": {
				"type": "Point",
				"coordinates": [121.4799285, 25.06983716]
			},
			"properties": {
				"場館編號": 8047,
				"場館名稱": "三重商工田徑場",
				"所在地址": "新北市三重區中正北路163號",
				"場館連絡電話": "02-29715606#303",
				"場館官方網站": "http://www.scvs.ntpc.edu.tw",
				"場館停車場類型": "無停車場"
			}
		},
		{
			"type": "Feature",
			"geometry": {
				"type": "Point",
				"coordinates": [121.5669233, 25.08746238]
			},
			"properties": {
				"場館編號": 8050,
				"場館名稱": "德明財經科技大學排球場",
				"所在地址": "臺北市內湖區環山路一段56號",
				"場館連絡電話": "02-26585801#5196",
				"場館官方網站": "http://www.takming.edu.tw",
				"場館停車場類型": "無停車場"
			}
		},
		{
			"type": "Feature",
			"geometry": {
				"type": "Point",
				"coordinates": [121.5216261, 24.99538855]
			},
			"properties": {
				"場館編號": 8051,
				"場館名稱": "秀山國民小學田徑場",
				"所在地址": "新北市中和區立人街2號",
				"場館連絡電話": "02-29434353",
				"場館官方網站": "http://www.ssps.ntpc.edu.tw",
				"場館停車場類型": "無停車場"
			}
		},
		{
			"type": "Feature",
			"geometry": {
				"type": "Point",
				"coordinates": [121.5657699, 25.0872335]
			},
			"properties": {
				"場館編號": 8068,
				"場館名稱": "德明財經科技大學桌球教室",
				"所在地址": "臺北市內湖區環山路一段56號",
				"場館連絡電話": "02-26585801#5196",
				"場館官方網站": "http://www.takming.edu.tw",
				"場館停車場類型": "無停車場"
			}
		},
		{
			"type": "Feature",
			"geometry": {
				"type": "Point",
				"coordinates": [121.5273754, 25.02614533]
			},
			"properties": {
				"場館編號": 8079,
				"場館名稱": "臺灣師範大學體育館",
				"所在地址": "臺北市大安區和平東路一段162號",
				"場館連絡電話": "02-77343177",
				"場館官方網站": "http://www.ntnu.edu.tw",
				"場館停車場類型": ""
			}
		},
		{
			"type": "Feature",
			"geometry": {
				"type": "Point",
				"coordinates": [121.527301, 25.02615201]
			},
			"properties": {
				"場館編號": 8090,
				"場館名稱": "臺灣師範大學田徑場",
				"所在地址": "臺北市大安區和平東路一段162號",
				"場館連絡電話": "02-77343176",
				"場館官方網站": "http://www.ntnu.edu.tw",
				"場館停車場類型": ""
			}
		},
		{
			"type": "Feature",
			"geometry": {
				"type": "Point",
				"coordinates": [121.3828969, 24.94891853]
			},
			"properties": {
				"場館編號": 8095,
				"場館名稱": "桃子腳國(中)小籃球場",
				"所在地址": "新北市樹林區學勤路555號",
				"場館連絡電話": "02-89703225#8230",
				"場館官方網站": "http://www.tykjh.ntpc.edu.tw",
				"場館停車場類型": "無停車場"
			}
		},
		{
			"type": "Feature",
			"geometry": {
				"type": "Point",
				"coordinates": [121.3757837, 25.06943386]
			},
			"properties": {
				"場館編號": 8096,
				"場館名稱": "麗園國小",
				"所在地址": "新北市林口區忠孝路591號",
				"場館連絡電話": "02-26091061",
				"場館官方網站": "http://www.lyaes.ntpc.edu.tw",
				"場館停車場類型": "無停車場"
			}
		},
		{
			"type": "Feature",
			"geometry": {
				"type": "Point",
				"coordinates": [121.5067506, 25.04751753]
			},
			"properties": {
				"場館編號": 8100,
				"場館名稱": "臺北市萬華運動中心",
				"所在地址": "臺北市萬華區西寧南路6之1號",
				"場館連絡電話": "02-23759900",
				"場館官方網站": "http://whsc.com.tw/",
				"場館停車場類型": "一般及無障礙停車場"
			}
		},
		{
			"type": "Feature",
			"geometry": {
				"type": "Point",
				"coordinates": [121.5210253, 24.99513572]
			},
			"properties": {
				"場館編號": 8106,
				"場館名稱": "秀山國民小學籃球場",
				"所在地址": "新北市中和區立人街2號",
				"場館連絡電話": "02-29434353#836",
				"場館官方網站": "http://www.ssps.ntpc.edu.tw",
				"場館停車場類型": "無停車場"
			}
		},
		{
			"type": "Feature",
			"geometry": {
				"type": "Point",
				"coordinates": [121.4764899, 25.01821836]
			},
			"properties": {
				"場館編號": 8119,
				"場館名稱": "光仁高中籃球場",
				"所在地址": "新北市板橋區中山路二段255巷18號",
				"場館連絡電話": "02-29615161#213",
				"場館官方網站": "http://www.kjsh.ntpc.edu.tw",
				"場館停車場類型": "無停車場"
			}
		},
		{
			"type": "Feature",
			"geometry": {
				"type": "Point",
				"coordinates": [121.4561914, 25.05129927]
			},
			"properties": {
				"場館編號": 8127,
				"場館名稱": "昌隆國小田徑場",
				"所在地址": "新北市新莊區昌隆街63號",
				"場館連絡電話": "02-29962351#512",
				"場館官方網站": "http://www.clps.ntpc.edu.tw",
				"場館停車場類型": "無停車場"
			}
		},
		{
			"type": "Feature",
			"geometry": {
				"type": "Point",
				"coordinates": [121.4833671, 25.01551556]
			},
			"properties": {
				"場館編號": 8129,
				"場館名稱": "B2體育館",
				"所在地址": "新北市中和區光環路二段1號",
				"場館連絡電話": "02-32348654#661",
				"場館官方網站": "http://www.kfes.ntpc.edu.tw",
				"場館停車場類型": "一般及無障礙停車場"
			}
		},
		{
			"type": "Feature",
			"geometry": {
				"type": "Point",
				"coordinates": [121.5217924, 24.9944988]
			},
			"properties": {
				"場館編號": 8131,
				"場館名稱": "秀山國民小學網球場(館)",
				"所在地址": "新北市中和區立人街2號",
				"場館連絡電話": "02-29434353#836",
				"場館官方網站": "http://www.ssps.ntpc.edu.tw",
				"場館停車場類型": ""
			}
		},
		{
			"type": "Feature",
			"geometry": {
				"type": "Point",
				"coordinates": [121.5501916, 25.04857699]
			},
			"properties": {
				"場館編號": 8147,
				"場館名稱": "臺北市松山運動中心",
				"所在地址": "臺北市松山區敦化北路1號",
				"場館連絡電話": "02-66176789",
				"場館官方網站": "http://sssc.com.tw/",
				"場館停車場類型": "一般及無障礙停車場"
			}
		},
		{
			"type": "Feature",
			"geometry": {
				"type": "Point",
				"coordinates": [121.7123204, 24.93746854]
			},
			"properties": {
				"場館編號": 9158,
				"場館名稱": "坪林國中田徑場",
				"所在地址": "新北市坪林區國中路4號",
				"場館連絡電話": "02-26656210",
				"場館官方網站": "http://www.pljh.ntpc.edu.tw",
				"場館停車場類型": ""
			}
		},
		{
			"type": "Feature",
			"geometry": {
				"type": "Point",
				"coordinates": [121.553539, 24.9021439]
			},
			"properties": {
				"場館編號": 9160,
				"場館名稱": "樂活運動站",
				"所在地址": "新北市新店區新烏路三段99巷10號",
				"場館連絡電話": "02-26667317#16",
				"場館官方網站": "http://www.gses.ntpc.edu.tw",
				"場館停車場類型": "無停車場"
			}
		},
		{
			"type": "Feature",
			"geometry": {
				"type": "Point",
				"coordinates": [121.8458998, 25.10523506]
			},
			"properties": {
				"場館編號": 9161,
				"場館名稱": "欽賢國中活動中心",
				"所在地址": "新北市瑞芳區崙頂路3之1號",
				"場館連絡電話": "02-24972261#14",
				"場館官方網站": "http://www.cejh.ntpc.edu.tw",
				"場館停車場類型": ""
			}
		},
		{
			"type": "Feature",
			"geometry": {
				"type": "Point",
				"coordinates": [121.9156051, 25.02243285]
			},
			"properties": {
				"場館編號": 9167,
				"場館名稱": "貢寮國小籃球場",
				"所在地址": "新北市貢寮區雙玉里學苑街7號",
				"場館連絡電話": "02-24941274",
				"場館官方網站": "http://www.kles.ntpc.edu.tw",
				"場館停車場類型": ""
			}
		},
		{
			"type": "Feature",
			"geometry": {
				"type": "Point",
				"coordinates": [121.9158626, 25.0223648]
			},
			"properties": {
				"場館編號": 9175,
				"場館名稱": "貢寮國小田徑場",
				"所在地址": "新北市貢寮區雙玉里學苑街7號",
				"場館連絡電話": "02-24941274",
				"場館官方網站": "http://www.kles.ntpc.edu.tw",
				"場館停車場類型": ""
			}
		},
		{
			"type": "Feature",
			"geometry": {
				"type": "Point",
				"coordinates": [121.4470124, 24.92615855]
			},
			"properties": {
				"場館編號": 9183,
				"場館名稱": "建安國小躲避球場",
				"所在地址": "新北市三峽區安坑里建安路67號",
				"場館連絡電話": "02-26726783#104",
				"場館官方網站": "http://www.caes.ntpc.edu.tw",
				"場館停車場類型": "一般及無障礙停車場"
			}
		},
		{
			"type": "Feature",
			"geometry": {
				"type": "Point",
				"coordinates": [121.6551384, 25.06674677]
			},
			"properties": {
				"場館編號": 9184,
				"場館名稱": "汐止國小活動中心",
				"所在地址": "新北市汐止區大同路二段313號",
				"場館連絡電話": "02-26477271#203",
				"場館官方網站": "http://www.hjes.ntpc.edu.tw",
				"場館停車場類型": ""
			}
		},
		{
			"type": "Feature",
			"geometry": {
				"type": "Point",
				"coordinates": [121.471383, 25.06901598]
			},
			"properties": {
				"場館編號": 9185,
				"場館名稱": "籃球場館",
				"所在地址": "新北市三重區中正北路560巷38號",
				"場館連絡電話": "02-29712343#304",
				"場館官方網站": "http://www.kpvs.ntpc.edu.tw",
				"場館停車場類型": "無停車場"
			}
		},
		{
			"type": "Feature",
			"geometry": {
				"type": "Point",
				"coordinates": [121.6542506, 25.06721325]
			},
			"properties": {
				"場館編號": 9189,
				"場館名稱": "汐止國小籃球場",
				"所在地址": "新北市汐止區大同路二段313號",
				"場館連絡電話": "02-26477271#203",
				"場館官方網站": "http://www.hjes.ntpc.edu.tw",
				"場館停車場類型": ""
			}
		},
		{
			"type": "Feature",
			"geometry": {
				"type": "Point",
				"coordinates": [121.4712971, 25.06958935]
			},
			"properties": {
				"場館編號": 9190,
				"場館名稱": "穀保家商排球場(館)",
				"所在地址": "新北市三重區中正北路560巷38號",
				"場館連絡電話": "02-29712343#304",
				"場館官方網站": "http://www.kpvs.ntpc.edu.tw",
				"場館停車場類型": "無停車場"
			}
		},
		{
			"type": "Feature",
			"geometry": {
				"type": "Point",
				"coordinates": [121.4999914, 25.07078953]
			},
			"properties": {
				"場館編號": 9191,
				"場館名稱": "光榮國中活動中心",
				"所在地址": "新北市三重區介壽路26號",
				"場館連絡電話": "02-29721430#602",
				"場館官方網站": "http://www.grjh.ntpc.edu.tw",
				"場館停車場類型": "無停車場"
			}
		},
		{
			"type": "Feature",
			"geometry": {
				"type": "Point",
				"coordinates": [121.4472753, 25.05253774]
			},
			"properties": {
				"場館編號": 9196,
				"場館名稱": "榮富國小田徑場",
				"所在地址": "新北市新莊區中和街193號",
				"場館連絡電話": "02-22769020#826",
				"場館官方網站": "http://www.lfes.ntpc.edu.tw",
				"場館停車場類型": "無停車場"
			}
		},
		{
			"type": "Feature",
			"geometry": {
				"type": "Point",
				"coordinates": [121.471898, 25.06911802]
			},
			"properties": {
				"場館編號": 9199,
				"場館名稱": "穀保家商地下室桌球體適能區",
				"所在地址": "新北市三重區中正北路560巷38號",
				"場館連絡電話": "02-29712343#304",
				"場館官方網站": "http://www.kpvs.ntpc.edu.tw",
				"場館停車場類型": "無停車場"
			}
		},
		{
			"type": "Feature",
			"geometry": {
				"type": "Point",
				"coordinates": [121.6808689, 25.07178838]
			},
			"properties": {
				"場館編號": 9222,
				"場館名稱": "保長國小操場",
				"所在地址": "新北市汐止區大同路三段553號",
				"場館連絡電話": "02-86482502#121",
				"場館官方網站": "http://www.bjes.ntpc.edu.tw",
				"場館停車場類型": ""
			}
		},
		{
			"type": "Feature",
			"geometry": {
				"type": "Point",
				"coordinates": [121.4267403, 25.04479108]
			},
			"properties": {
				"場館編號": 9229,
				"場館名稱": "明志國小體育館",
				"所在地址": "新北市泰山區新生路2號",
				"場館連絡電話": "02-29061133#33",
				"場館官方網站": "http://www.mjes.ntpc.edu.tw",
				"場館停車場類型": "一般及無障礙停車場"
			}
		},
		{
			"type": "Feature",
			"geometry": {
				"type": "Point",
				"coordinates": [121.555202, 25.02564102]
			},
			"properties": {
				"場館編號": 9238,
				"場館名稱": "喬治工商田徑場、籃球場",
				"所在地址": "臺北市信義區基隆路二段155號",
				"場館連絡電話": "02-27386515#220",
				"場館官方網站": "http://www.gvs.tp.edu.tw",
				"場館停車場類型": ""
			}
		},
		{
			"type": "Feature",
			"geometry": {
				"type": "Point",
				"coordinates": [121.737434, 25.02730098]
			},
			"properties": {
				"場館編號": 9241,
				"場館名稱": "平溪國小操場",
				"所在地址": "新北市平溪區平溪街56號",
				"場館連絡電話": "02-24951038",
				"場館官方網站": "http://www.pses.ntpc.edu.tw",
				"場館停車場類型": "無停車場"
			}
		},
		{
			"type": "Feature",
			"geometry": {
				"type": "Point",
				"coordinates": [121.5180051, 24.98522169]
			},
			"properties": {
				"場館編號": 9242,
				"場館名稱": "新和國小田徑場",
				"所在地址": "新北市新店區安和路三段100號",
				"場館連絡電話": "02-29400170#823",
				"場館官方網站": "http://www.hhps.ntpc.edu.tw",
				"場館停車場類型": "無停車場"
			}
		},
		{
			"type": "Feature",
			"geometry": {
				"type": "Point",
				"coordinates": [121.4267242, 25.04515072]
			},
			"properties": {
				"場館編號": 9243,
				"場館名稱": "明志國小田徑場",
				"所在地址": "新北市泰山區新生路2號",
				"場館連絡電話": "02-29061133#33",
				"場館官方網站": "http://www.mjes.ntpc.edu.tw",
				"場館停車場類型": ""
			}
		},
		{
			"type": "Feature",
			"geometry": {
				"type": "Point",
				"coordinates": [121.8026304, 25.11295847]
			},
			"properties": {
				"場館編號": 9244,
				"場館名稱": "義方國小田徑場",
				"所在地址": "新北市瑞芳區龍山里逢甲路360號",
				"場館連絡電話": "02-24970961#211",
				"場館官方網站": "https://web.jfps.ntpc.edu.tw",
				"場館停車場類型": "無停車場"
			}
		},
		{
			"type": "Feature",
			"geometry": {
				"type": "Point",
				"coordinates": [121.526792, 25.0254077]
			},
			"properties": {
				"場館編號": 9253,
				"場館名稱": "國立臺灣師範大學游泳池(館)",
				"所在地址": "臺北市大安區和平東路一段162號",
				"場館連絡電話": "02-77343181",
				"場館官方網站": "http://www.ntnu.edu.tw",
				"場館停車場類型": ""
			}
		},
		{
			"type": "Feature",
			"geometry": {
				"type": "Point",
				"coordinates": [121.5203655, 25.0673122]
			},
			"properties": {
				"場館編號": 9254,
				"場館名稱": "大同高中綜合球場",
				"所在地址": "臺北市中山區聚英里中山北路3段40號",
				"場館連絡電話": "02-25858785#603",
				"場館官方網站": "http://www.tsh.ttu.edu.tw",
				"場館停車場類型": "無停車場"
			}
		},
		{
			"type": "Feature",
			"geometry": {
				"type": "Point",
				"coordinates": [121.4617968, 25.09061269]
			},
			"properties": {
				"場館編號": 9255,
				"場館名稱": "鷺江國中田徑場",
				"所在地址": "新北市蘆洲區長樂路235號",
				"場館連絡電話": "02-82862517",
				"場館官方網站": "http://www.ljjh.ntpc.edu.tw",
				"場館停車場類型": "無停車場"
			}
		},
		{
			"type": "Feature",
			"geometry": {
				"type": "Point",
				"coordinates": [121.5215564, 24.99896206]
			},
			"properties": {
				"場館編號": 9271,
				"場館名稱": "秀朗國小田徑場",
				"所在地址": "新北市永和區得和路202號",
				"場館連絡電話": "02-29420451#5203",
				"場館官方網站": "http://www.hles.ntpc.edu.tw",
				"場館停車場類型": ""
			}
		},
		{
			"type": "Feature",
			"geometry": {
				"type": "Point",
				"coordinates": [121.5368879, 24.971898]
			},
			"properties": {
				"場館編號": 9274,
				"場館名稱": "中正國小羽球場(館)",
				"所在地址": "新北市新店區三民路36號",
				"場館連絡電話": "02-29125432#832",
				"場館官方網站": "http://www.ccps.ntpc.edu.tw",
				"場館停車場類型": "一般及無障礙停車場"
			}
		},
		{
			"type": "Feature",
			"geometry": {
				"type": "Point",
				"coordinates": [121.5220821, 24.99893289]
			},
			"properties": {
				"場館編號": 9288,
				"場館名稱": "秀朗國小羽球場(館)",
				"所在地址": "新北市永和區得和路200號",
				"場館連絡電話": "02-29420451#5203",
				"場館官方網站": "http://www.hles.ntpc.edu.tw",
				"場館停車場類型": ""
			}
		},
		{
			"type": "Feature",
			"geometry": {
				"type": "Point",
				"coordinates": [121.9066787, 25.0160989]
			},
			"properties": {
				"場館編號": 9306,
				"場館名稱": "貢寮國中風雨操場",
				"所在地址": "新北市貢寮區龍崗里嵩陽街42號",
				"場館連絡電話": "02-24941941#121",
				"場館官方網站": "http://www.kljh.ntpc.edu.tw",
				"場館停車場類型": "無停車場"
			}
		},
		{
			"type": "Feature",
			"geometry": {
				"type": "Point",
				"coordinates": [121.3466978, 24.95162766]
			},
			"properties": {
				"場館編號": 9325,
				"場館名稱": "鶯歌國小籃球場",
				"所在地址": "新北市鶯歌區同慶里尖山埔路106號",
				"場館連絡電話": "02-26792038#223",
				"場館官方網站": "http://www.ykes.ntpc.edu.tw",
				"場館停車場類型": ""
			}
		},
		{
			"type": "Feature",
			"geometry": {
				"type": "Point",
				"coordinates": [121.832242, 25.0290168]
			},
			"properties": {
				"場館編號": 9326,
				"場館名稱": "上林國小操場",
				"所在地址": "新北市雙溪區上林里內平林60號",
				"場館連絡電話": "02-24931671#13",
				"場館官方網站": "http://www.ulps.ntpc.edu.tw",
				"場館停車場類型": ""
			}
		},
		{
			"type": "Feature",
			"geometry": {
				"type": "Point",
				"coordinates": [121.6180998, 25.00176732]
			},
			"properties": {
				"場館編號": 9327,
				"場館名稱": "深坑國中教學游泳池",
				"所在地址": "新北市深坑區文化街41號",
				"場館連絡電話": "02-26621455",
				"場館官方網站": "http://www.skjh.ntpc.edu.tw",
				"場館停車場類型": "一般及無障礙停車場"
			}
		},
		{
			"type": "Feature",
			"geometry": {
				"type": "Point",
				"coordinates": [121.5540218, 24.8631734]
			},
			"properties": {
				"場館編號": 9329,
				"場館名稱": "烏來國民中小學室外綜合運動場",
				"所在地址": "新北市烏來區啦卡路5號",
				"場館連絡電話": "02-26616482#22",
				"場館官方網站": "http://www.wujh.ntpc.edu.tw",
				"場館停車場類型": "無停車場"
			}
		},
		{
			"type": "Feature",
			"geometry": {
				"type": "Point",
				"coordinates": [121.4572746, 25.04576308]
			},
			"properties": {
				"場館編號": 9331,
				"場館名稱": "思賢國小風雨操場",
				"所在地址": "新北市新莊區自立街229號",
				"場館連絡電話": "02-29980443#831",
				"場館官方網站": "http://www.sies.ntpc.edu.tw",
				"場館停車場類型": "無停車場"
			}
		},
		{
			"type": "Feature",
			"geometry": {
				"type": "Point",
				"coordinates": [121.4862961, 24.95220157]
			},
			"properties": {
				"場館編號": 9332,
				"場館名稱": "雙城國小群賢樓地下室",
				"所在地址": "新北市新店區安康路三段322號",
				"場館連絡電話": "02-22156511#123",
				"場館官方網站": "http://www.tcsps.ntpc.edu.tw",
				"場館停車場類型": "一般及無障礙停車場"
			}
		},
		{
			"type": "Feature",
			"geometry": {
				"type": "Point",
				"coordinates": [121.346612, 24.95117533]
			},
			"properties": {
				"場館編號": 9335,
				"場館名稱": "鶯歌國小網球場(館)",
				"所在地址": "新北市鶯歌區同慶里尖山埔路106號",
				"場館連絡電話": "02-26792038",
				"場館官方網站": "http://www.ykes.ntpc.edu.tw",
				"場館停車場類型": ""
			}
		},
		{
			"type": "Feature",
			"geometry": {
				"type": "Point",
				"coordinates": [121.3488007, 24.94855374]
			},
			"properties": {
				"場館編號": 9338,
				"場館名稱": "田徑場",
				"所在地址": "新北市鶯歌區同慶里尖山埔路106號",
				"場館連絡電話": "02-26792038",
				"場館官方網站": "http://www.ykes.ntpc.edu.tw",
				"場館停車場類型": ""
			}
		},
		{
			"type": "Feature",
			"geometry": {
				"type": "Point",
				"coordinates": [121.5728188, 24.84859036]
			},
			"properties": {
				"場館編號": 9340,
				"場館名稱": "烏來國中(小)學校操場(本校為國中小)",
				"所在地址": "新北市烏來區啦卡路5號",
				"場館連絡電話": "(02)26616482",
				"場館官方網站": "http://www.wups.ntpc.edu.tw",
				"場館停車場類型": "無停車場"
			}
		},
		{
			"type": "Feature",
			"geometry": {
				"type": "Point",
				"coordinates": [121.4825678, 24.99952604]
			},
			"properties": {
				"場館編號": 9343,
				"場館名稱": "積穗國小活動中心",
				"所在地址": "新北市中和區員山路154號",
				"場館連絡電話": "02-22225533#822",
				"場館官方網站": "http://www.tjsps.ntpc.edu.tw",
				"場館停車場類型": "無停車場"
			}
		},
		{
			"type": "Feature",
			"geometry": {
				"type": "Point",
				"coordinates": [121.3466227, 24.95121667]
			},
			"properties": {
				"場館編號": 9345,
				"場館名稱": "鶯歌國小活動中心",
				"所在地址": "新北市鶯歌區同慶里尖山埔路106號",
				"場館連絡電話": "02-26792038#223",
				"場館官方網站": "http://www.ykes.ntpc.edu.tw",
				"場館停車場類型": ""
			}
		},
		{
			"type": "Feature",
			"geometry": {
				"type": "Point",
				"coordinates": [121.5397418, 24.95353422]
			},
			"properties": {
				"場館編號": 9348,
				"場館名稱": "新店國小游泳池",
				"所在地址": "新北市新店區新店路2號",
				"場館連絡電話": "02-29103483",
				"場館官方網站": "http://www.shdes.ntpc.edu.tw",
				"場館停車場類型": "無停車場"
			}
		},
		{
			"type": "Feature",
			"geometry": {
				"type": "Point",
				"coordinates": [121.5396667, 24.95339804]
			},
			"properties": {
				"場館編號": 9351,
				"場館名稱": "田徑場",
				"所在地址": "新北市新店區新店路2號",
				"場館連絡電話": "02-29103483#724",
				"場館官方網站": "https://www.xdes.ntpc.edu.tw/",
				"場館停車場類型": "無停車場"
			}
		},
		{
			"type": "Feature",
			"geometry": {
				"type": "Point",
				"coordinates": [121.5184987, 25.00360991]
			},
			"properties": {
				"場館編號": 9374,
				"場館名稱": "復興商工籃球場",
				"所在地址": "新北市永和區秀朗路一段201號",
				"場館連絡電話": "02-29262121#218",
				"場館官方網站": "http://www.fhvs.ntpc.edu.tw",
				"場館停車場類型": "無停車場"
			}
		},
		{
			"type": "Feature",
			"geometry": {
				"type": "Point",
				"coordinates": [121.4315629, 24.98627197]
			},
			"properties": {
				"場館編號": 9377,
				"場館名稱": "溪洲國小活動中心",
				"所在地址": "新北市板橋區金門街289號",
				"場館連絡電話": "02-26867705#31",
				"場館官方網站": "http://www.sips.ntpc.edu.tw",
				"場館停車場類型": "一般及無障礙停車場"
			}
		},
		{
			"type": "Feature",
			"geometry": {
				"type": "Point",
				"coordinates": [121.5730011, 25.03962961]
			},
			"properties": {
				"場館編號": 9396,
				"場館名稱": "松山工農田徑場",
				"所在地址": "臺北市信義區忠孝東路5段236巷15號",
				"場館連絡電話": "02-27226616#351",
				"場館官方網站": "http://www.saihs.edu.tw",
				"場館停車場類型": "無停車場"
			}
		},
		{
			"type": "Feature",
			"geometry": {
				"type": "Point",
				"coordinates": [121.8515754, 25.06247063]
			},
			"properties": {
				"場館編號": 9408,
				"場館名稱": "牡丹國小籃球場",
				"所在地址": "新北市雙溪區三貂里政光路3號",
				"場館連絡電話": "02-24931240",
				"場館官方網站": "http://www.mdps.ntpc.edu.tw",
				"場館停車場類型": ""
			}
		},
		{
			"type": "Feature",
			"geometry": {
				"type": "Point",
				"coordinates": [121.4427423, 24.97211683]
			},
			"properties": {
				"場館編號": 9419,
				"場館名稱": "土城國小田徑場附設籃球場",
				"所在地址": "新北市土城區興城路17號",
				"場館連絡電話": "02-22700177#855",
				"場館官方網站": "http://www.ttcps.ntpc.edu.tw",
				"場館停車場類型": "無停車場"
			}
		},
		{
			"type": "Feature",
			"geometry": {
				"type": "Point",
				"coordinates": [121.4590824, 25.05554101]
			},
			"properties": {
				"場館編號": 9420,
				"場館名稱": "頭前國中田徑場",
				"所在地址": "新北市新莊區中原路2號",
				"場館連絡電話": "08-85222862#203",
				"場館官方網站": "http://www.tcjhs.ntpc.edu.tw",
				"場館停車場類型": "一般及無障礙停車場"
			}
		},
		{
			"type": "Feature",
			"geometry": {
				"type": "Point",
				"coordinates": [121.5804791, 25.03572191]
			},
			"properties": {
				"場館編號": 9424,
				"場館名稱": "松山家商活動中心",
				"所在地址": "臺北市信義區松山路655號",
				"場館連絡電話": "02-27261118#330",
				"場館官方網站": "http://www.ssvs.tp.edu.tw",
				"場館停車場類型": ""
			}
		},
		{
			"type": "Feature",
			"geometry": {
				"type": "Point",
				"coordinates": [121.5353067, 25.00870605]
			},
			"properties": {
				"場館編號": 9431,
				"場館名稱": "公館校區體育館",
				"所在地址": "臺北市文山區汀州路四段88號",
				"場館連絡電話": "02-77496853",
				"場館官方網站": "https://www.phr.ntnu.edu.tw/",
				"場館停車場類型": "無停車場"
			}
		},
		{
			"type": "Feature",
			"geometry": {
				"type": "Point",
				"coordinates": [121.5783978, 24.99067232]
			},
			"properties": {
				"場館編號": 9433,
				"場館名稱": "大誠高中籃球場",
				"所在地址": "臺北市文山區萬興里秀明路2段175號",
				"場館連絡電話": "02-22348989#34",
				"場館官方網站": "http://www.tcsh.tp.edu.tw",
				"場館停車場類型": ""
			}
		},
		{
			"type": "Feature",
			"geometry": {
				"type": "Point",
				"coordinates": [121.5315342, 24.93812521]
			},
			"properties": {
				"場館編號": 9434,
				"場館名稱": "直潭國小新意樓活動中心",
				"所在地址": "新北市新店區直潭路92號",
				"場館連絡電話": "02-26667278#830",
				"場館官方網站": "http://www.jtes.ntpc.edu.tw",
				"場館停車場類型": "無停車場"
			}
		},
		{
			"type": "Feature",
			"geometry": {
				"type": "Point",
				"coordinates": [121.4845526, 25.22433489]
			},
			"properties": {
				"場館編號": 9441,
				"場館名稱": "中泰國小田徑場",
				"所在地址": "新北市淡水區中和里北勢子5號",
				"場館連絡電話": "02-28012033#117",
				"場館官方網站": "http://www.ctps.ntpc.edu.tw",
				"場館停車場類型": "一般及無障礙停車場"
			}
		},
		{
			"type": "Feature",
			"geometry": {
				"type": "Point",
				"coordinates": [121.4913332, 24.99326384]
			},
			"properties": {
				"場館編號": 9443,
				"場館名稱": "錦和高中田徑場",
				"所在地址": "新北市中和區錦和路163號",
				"場館連絡電話": "02-22498566#233",
				"場館官方網站": "http://www.jhsh.ntpc.edu.tw",
				"場館停車場類型": "一般及無障礙停車場"
			}
		},
		{
			"type": "Feature",
			"geometry": {
				"type": "Point",
				"coordinates": [121.4618182, 25.06534732]
			},
			"properties": {
				"場館編號": 9446,
				"場館名稱": "興化國小田徑場",
				"所在地址": "新北市新莊區福興里五工二路50巷2號",
				"場館連絡電話": "02-22991001#303",
				"場館官方網站": "http://www.tshes.ntpc.edu.tw",
				"場館停車場類型": "無停車場"
			}
		},
		{
			"type": "Feature",
			"geometry": {
				"type": "Point",
				"coordinates": [121.4618611, 25.06563887]
			},
			"properties": {
				"場館編號": 9458,
				"場館名稱": "興化國小躲避球場",
				"所在地址": "新北市新莊區福興里五工二路50巷2號",
				"場館連絡電話": "02-22991001#303",
				"場館官方網站": "http://www.tshes.ntpc.edu.tw",
				"場館停車場類型": "無停車場"
			}
		},
		{
			"type": "Feature",
			"geometry": {
				"type": "Point",
				"coordinates": [121.5359545, 25.00895277]
			},
			"properties": {
				"場館編號": 9461,
				"場館名稱": "臺灣師範大學田徑場、足球場",
				"所在地址": "臺北市文山區",
				"場館連絡電話": "02-77496853",
				"場館官方網站": "https://www.phr.ntnu.edu.tw/",
				"場館停車場類型": "無停車場"
			}
		},
		{
			"type": "Feature",
			"geometry": {
				"type": "Point",
				"coordinates": [121.573602, 25.04015451]
			},
			"properties": {
				"場館編號": 9479,
				"場館名稱": "松山工農籃球場",
				"所在地址": "臺北市信義區忠孝東路5段236巷15號",
				"場館連絡電話": "02-27226616#351",
				"場館官方網站": "http://www.saihs.edu.tw",
				"場館停車場類型": "無停車場"
			}
		},
		{
			"type": "Feature",
			"geometry": {
				"type": "Point",
				"coordinates": [121.5398478, 25.03408336]
			},
			"properties": {
				"場館編號": 9493,
				"場館名稱": "師大附中體育館",
				"所在地址": "臺北市大安區和安里信義路3段143號",
				"場館連絡電話": "02-27075215#271",
				"場館官方網站": "http://www.hs.ntnu.edu.tw",
				"場館停車場類型": "無停車場"
			}
		},
		{
			"type": "Feature",
			"geometry": {
				"type": "Point",
				"coordinates": [121.4632326, 24.99441624]
			},
			"properties": {
				"場館編號": 9508,
				"場館名稱": "重慶國小綜合館",
				"所在地址": "新北市板橋區廣和街31號",
				"場館連絡電話": "02-29553562#305",
				"場館官方網站": "http://www.cges.ntpc.edu.tw",
				"場館停車場類型": "無停車場"
			}
		},
		{
			"type": "Feature",
			"geometry": {
				"type": "Point",
				"coordinates": [121.5752649, 24.95130179]
			},
			"properties": {
				"場館編號": 9511,
				"場館名稱": "雙峰國小風雨操場",
				"所在地址": "新北市新店區北宜路三段66號",
				"場館連絡電話": "02-22174543#116",
				"場館官方網站": "http://www.sfes.ntpc.edu.tw",
				"場館停車場類型": "一般及無障礙停車場"
			}
		},
		{
			"type": "Feature",
			"geometry": {
				"type": "Point",
				"coordinates": [121.5215564, 25.00526286]
			},
			"properties": {
				"場館編號": 9515,
				"場館名稱": "市立永和國中力行體育館",
				"所在地址": "新北市永和區永亨路80巷2號",
				"場館連絡電話": "02-29218878#607",
				"場館官方網站": "http://www.jhjhs.ntpc.edu.tw",
				"場館停車場類型": ""
			}
		},
		{
			"type": "Feature",
			"geometry": {
				"type": "Point",
				"coordinates": [121.4548257, 24.9868287]
			},
			"properties": {
				"場館編號": 9544,
				"場館名稱": "廣福國小田徑場",
				"所在地址": "新北市土城區學府路一段127號",
				"場館連絡電話": "02-22626782#303",
				"場館官方網站": "http://www.gfes.ntpc.edu.tw",
				"場館停車場類型": "無停車場"
			}
		},
		{
			"type": "Feature",
			"geometry": {
				"type": "Point",
				"coordinates": [121.7630947, 25.09984782]
			},
			"properties": {
				"場館編號": 9560,
				"場館名稱": "籃球場館",
				"所在地址": "新北市瑞芳區吉安里大埔路95號",
				"場館連絡電話": "02-24576405#621",
				"場館官方網站": "http://163.20.53.66/",
				"場館停車場類型": ""
			}
		},
		{
			"type": "Feature",
			"geometry": {
				"type": "Point",
				"coordinates": [121.6900581, 24.9818909]
			},
			"properties": {
				"場館編號": 9564,
				"場館名稱": "華梵大學田徑場",
				"所在地址": "新北市石碇區華梵路1號",
				"場館連絡電話": "02-26632102#2710",
				"場館官方網站": "http://www.hfu.edu.tw",
				"場館停車場類型": ""
			}
		},
		{
			"type": "Feature",
			"geometry": {
				"type": "Point",
				"coordinates": [121.4429891, 25.04661358]
			},
			"properties": {
				"場館編號": 9587,
				"場館名稱": "新泰游泳池",
				"所在地址": "新北市新莊區新泰路502巷1號。",
				"場館連絡電話": "02-29926229",
				"場館官方網站": "https://www.facebook.com/pages/",
				"場館停車場類型": "一般及無障礙停車場"
			}
		},
		{
			"type": "Feature",
			"geometry": {
				"type": "Point",
				"coordinates": [121.5784192, 24.99093974]
			},
			"properties": {
				"場館編號": 9596,
				"場館名稱": "大誠高中健身房",
				"所在地址": "臺北市文山區萬興里秀明路2段175號",
				"場館連絡電話": "02-22348989#34",
				"場館官方網站": "http://www.tcsh.tp.edu.tw",
				"場館停車場類型": ""
			}
		},
		{
			"type": "Feature",
			"geometry": {
				"type": "Point",
				"coordinates": [121.4212847, 24.98446315]
			},
			"properties": {
				"場館編號": 9597,
				"場館名稱": "樹林高中游泳池(館)",
				"所在地址": "新北市樹林區中華路8號",
				"場館連絡電話": "02-86852011",
				"場館官方網站": "http://www.slsh.ntpc.edu.tw",
				"場館停車場類型": "無停車場"
			}
		},
		{
			"type": "Feature",
			"geometry": {
				"type": "Point",
				"coordinates": [121.4589375, 24.99734792]
			},
			"properties": {
				"場館編號": 9605,
				"場館名稱": "豫章工商排球場",
				"所在地址": "新北市板橋區四川路一段391號",
				"場館連絡電話": "02-29519810#351",
				"場館官方網站": "http://www.ycvs.ntpc.edu.tw",
				"場館停車場類型": "無停車場"
			}
		},
		{
			"type": "Feature",
			"geometry": {
				"type": "Point",
				"coordinates": [121.4243156, 25.02589378]
			},
			"properties": {
				"場館編號": 9612,
				"場館名稱": "後港溫水游泳池(館)",
				"所在地址": "新北市新莊區後港一路19號",
				"場館連絡電話": "02-22020883",
				"場館官方網站": "https://www.facebook.com/pages/",
				"場館停車場類型": "一般及無障礙停車場"
			}
		},
		{
			"type": "Feature",
			"geometry": {
				"type": "Point",
				"coordinates": [121.4222234, 24.98428325]
			},
			"properties": {
				"場館編號": 9617,
				"場館名稱": "樹林高中活動中心",
				"所在地址": "新北市樹林區中華路8號",
				"場館連絡電話": "02-86852011#3101",
				"場館官方網站": "http://www.slsh.ntpc.edu.tw",
				"場館停車場類型": "無停車場"
			}
		},
		{
			"type": "Feature",
			"geometry": {
				"type": "Point",
				"coordinates": [121.4661312, 25.05282932]
			},
			"properties": {
				"場館編號": 9620,
				"場館名稱": "頭前國小環形/直線慢跑道(非田徑場型)",
				"所在地址": "新北市新莊區頭前里化成路231號",
				"場館連絡電話": "02-29920238#830",
				"場館官方網站": "http://www.tcps.ntpc.edu.tw",
				"場館停車場類型": "無停車場"
			}
		},
		{
			"type": "Feature",
			"geometry": {
				"type": "Point",
				"coordinates": [121.519306, 25.03820311]
			},
			"properties": {
				"場館編號": 9627,
				"場館名稱": "臺北市中正運動中心",
				"所在地址": "臺北市中正區信義路1段1號",
				"場館連絡電話": "02-23963358",
				"場館官方網站": "http://www.tpejjsports.com.tw/",
				"場館停車場類型": "一般及無障礙停車場"
			}
		},
		{
			"type": "Feature",
			"geometry": {
				"type": "Point",
				"coordinates": [121.6930676, 24.98167938]
			},
			"properties": {
				"場館編號": 9628,
				"場館名稱": "華梵大學籃球場",
				"所在地址": "新北市石碇區華梵路1號",
				"場館連絡電話": "02-26632102#2710",
				"場館官方網站": "http://www.hfu.edu.tw",
				"場館停車場類型": ""
			}
		},
		{
			"type": "Feature",
			"geometry": {
				"type": "Point",
				"coordinates": [121.421231, 24.98347122]
			},
			"properties": {
				"場館編號": 9632,
				"場館名稱": "樹林高中田徑場",
				"所在地址": "新北市樹林區中華路8號",
				"場館連絡電話": "02-86852011#3101",
				"場館官方網站": "http://www.slsh.ntpc.edu.tw",
				"場館停車場類型": "無停車場"
			}
		},
		{
			"type": "Feature",
			"geometry": {
				"type": "Point",
				"coordinates": [121.5405587, 25.03575342]
			},
			"properties": {
				"場館編號": 9634,
				"場館名稱": "師大附中籃球場",
				"所在地址": "臺北市大安區和安里信義路3段143號",
				"場館連絡電話": "02-27075215#271",
				"場館官方網站": "http://www.hs.ntnu.edu.tw",
				"場館停車場類型": "無停車場"
			}
		},
		{
			"type": "Feature",
			"geometry": {
				"type": "Point",
				"coordinates": [121.6920456, 24.98194682]
			},
			"properties": {
				"場館編號": 9641,
				"場館名稱": "射箭場",
				"所在地址": "新北市石碇區華梵路1號",
				"場館連絡電話": "02-26632102#2710",
				"場館官方網站": "http://www.hfu.edu.tw",
				"場館停車場類型": "一般及無障礙停車場"
			}
		},
		{
			"type": "Feature",
			"geometry": {
				"type": "Point",
				"coordinates": [121.4214402, 24.98381645]
			},
			"properties": {
				"場館編號": 9649,
				"場館名稱": "樹林高中滑輪場(直排輪場)",
				"所在地址": "新北市樹林區中華路8號",
				"場館連絡電話": "02-86852011#3101",
				"場館官方網站": "http://www.slsh.ntpc.edu.tw",
				"場館停車場類型": "無停車場"
			}
		},
		{
			"type": "Feature",
			"geometry": {
				"type": "Point",
				"coordinates": [121.5058991, 24.97996825]
			},
			"properties": {
				"場館編號": 9652,
				"場館名稱": "竹林高中活動中心",
				"所在地址": "新北市中和區華新街143巷12號",
				"場館連絡電話": "02-29425074#308",
				"場館官方網站": "http://www.clsh.ntpc.edu.tw",
				"場館停車場類型": "一般及無障礙停車場"
			}
		},
		{
			"type": "Feature",
			"geometry": {
				"type": "Point",
				"coordinates": [121.3761109, 25.07428311]
			},
			"properties": {
				"場館編號": 9653,
				"場館名稱": "林口社區運動公園",
				"所在地址": "新北市林口區仁愛路與文化一路交叉口",
				"場館連絡電話": "02-26033111#204",
				"場館官方網站": "https://www.linkou.ntpc.gov.tw/home.jsp?id=ced5adf7a08c81fd",
				"場館停車場類型": "無停車場"
			}
		},
		{
			"type": "Feature",
			"geometry": {
				"type": "Point",
				"coordinates": [121.5059425, 24.97978346]
			},
			"properties": {
				"場館編號": 9654,
				"場館名稱": "竹林高中籃球場",
				"所在地址": "新北市中和區華新街143巷12號",
				"場館連絡電話": "02-29425074#308",
				"場館官方網站": "http://www.clsh.ntpc.edu.tw",
				"場館停車場類型": "一般及無障礙停車場"
			}
		},
		{
			"type": "Feature",
			"geometry": {
				"type": "Point",
				"coordinates": [121.3901367, 25.08017143]
			},
			"properties": {
				"場館編號": 9667,
				"場館名稱": "林口國小上操場籃球場",
				"所在地址": "新北市林口區菁湖里林口路76號",
				"場館連絡電話": "02-26011010#831",
				"場館官方網站": "http://www.lkes.ntpc.edu.tw",
				"場館停車場類型": "無停車場"
			}
		},
		{
			"type": "Feature",
			"geometry": {
				"type": "Point",
				"coordinates": [121.5058504, 24.97943423]
			},
			"properties": {
				"場館編號": 9670,
				"場館名稱": "竹林高中桌球場(館)",
				"所在地址": "新北市中和區華新街143巷12號",
				"場館連絡電話": "02-29425074#308",
				"場館官方網站": "http://www.clsh.ntpc.edu.tw",
				"場館停車場類型": "一般及無障礙停車場"
			}
		},
		{
			"type": "Feature",
			"geometry": {
				"type": "Point",
				"coordinates": [121.5403104, 25.03369996]
			},
			"properties": {
				"場館編號": 9672,
				"場館名稱": "師大附中健身房(含重量訓練室)",
				"所在地址": "臺北市大安區和安里信義路3段143號",
				"場館連絡電話": "02-27075215#271",
				"場館官方網站": "http://www.hs.ntnu.edu.tw",
				"場館停車場類型": "無停車場"
			}
		},
		{
			"type": "Feature",
			"geometry": {
				"type": "Point",
				"coordinates": [121.3715565, 25.0833036]
			},
			"properties": {
				"場館編號": 9677,
				"場館名稱": "頭湖國小羽球場(館)",
				"所在地址": "新北市林口區民權路101號",
				"場館連絡電話": "02-26080766#824",
				"場館官方網站": "http://www.jles.ntpc.edu.tw/",
				"場館停車場類型": "無停車場"
			}
		},
		{
			"type": "Feature",
			"geometry": {
				"type": "Point",
				"coordinates": [121.5672398, 25.08719332]
			},
			"properties": {
				"場館編號": 9681,
				"場館名稱": "德明財經科技大學田徑場",
				"所在地址": "臺北市內湖區環山路一段56號",
				"場館連絡電話": "02-26585801#5196",
				"場館官方網站": "http://www.takming.edu.tw",
				"場館停車場類型": "無停車場"
			}
		},
		{
			"type": "Feature",
			"geometry": {
				"type": "Point",
				"coordinates": [121.4323783, 25.03765633]
			},
			"properties": {
				"場館編號": 9685,
				"場館名稱": "輔仁大學健身房(含重量訓練室)",
				"所在地址": "新北市新莊區中正路510號",
				"場館連絡電話": "02-29056436",
				"場館官方網站": "http://www.fju.edu.tw",
				"場館停車場類型": "一般及無障礙停車場"
			}
		},
		{
			"type": "Feature",
			"geometry": {
				"type": "Point",
				"coordinates": [121.5596867, 24.9970088]
			},
			"properties": {
				"場館編號": 9686,
				"場館名稱": "臺北市文山運動中心",
				"所在地址": "臺北市文山區興隆路三段222號",
				"場館連絡電話": "02-22308268",
				"場館官方網站": "https://wssc.cyc.org.tw/",
				"場館停車場類型": "一般及無障礙停車場"
			}
		},
		{
			"type": "Feature",
			"geometry": {
				"type": "Point",
				"coordinates": [121.4325285, 25.03764661]
			},
			"properties": {
				"場館編號": 9687,
				"場館名稱": "輔仁大學游泳池(館)",
				"所在地址": "新北市新莊區中正路510號",
				"場館連絡電話": "02-29056436",
				"場館官方網站": "http://www.fju.edu.tw",
				"場館停車場類型": ""
			}
		},
		{
			"type": "Feature",
			"geometry": {
				"type": "Point",
				"coordinates": [121.4341968, 25.03323822]
			},
			"properties": {
				"場館編號": 9689,
				"場館名稱": "輔仁大學網球場(館)",
				"所在地址": "新北市新莊區中正路510號",
				"場館連絡電話": "02-29056436",
				"場館官方網站": "http://www.fju.edu.tw",
				"場館停車場類型": ""
			}
		},
		{
			"type": "Feature",
			"geometry": {
				"type": "Point",
				"coordinates": [121.4329576, 25.0392019]
			},
			"properties": {
				"場館編號": 9692,
				"場館名稱": "輔仁大學田徑場",
				"所在地址": "新北市新莊區中正路510號",
				"場館連絡電話": "02-29056436",
				"場館官方網站": "http://www.fju.edu.tw",
				"場館停車場類型": ""
			}
		},
		{
			"type": "Feature",
			"geometry": {
				"type": "Point",
				"coordinates": [121.4317989, 25.03989206]
			},
			"properties": {
				"場館編號": 9695,
				"場館名稱": "輔仁大學排球場(館)",
				"所在地址": "新北市新莊區中正路510號",
				"場館連絡電話": "02-29056436",
				"場館官方網站": "http://www.fju.edu.tw",
				"場館停車場類型": ""
			}
		},
		{
			"type": "Feature",
			"geometry": {
				"type": "Point",
				"coordinates": [121.5060248, 24.98003642]
			},
			"properties": {
				"場館編號": 9696,
				"場館名稱": "竹林高中舞蹈教室",
				"所在地址": "新北市中和區華新街143巷12號",
				"場館連絡電話": "02-29425074#308",
				"場館官方網站": "http://www.clsh.ntpc.edu.tw",
				"場館停車場類型": "一般及無障礙停車場"
			}
		},
		{
			"type": "Feature",
			"geometry": {
				"type": "Point",
				"coordinates": [121.4325446, 25.03972195]
			},
			"properties": {
				"場館編號": 9697,
				"場館名稱": "輔仁大學籃球場",
				"所在地址": "新北市新莊區中正路510號",
				"場館連絡電話": "02-29056436",
				"場館官方網站": "http://www.fju.edu.tw",
				"場館停車場類型": ""
			}
		},
		{
			"type": "Feature",
			"geometry": {
				"type": "Point",
				"coordinates": [121.4336443, 25.03883252]
			},
			"properties": {
				"場館編號": 9698,
				"場館名稱": "輔仁大學棒球場",
				"所在地址": "新北市新莊區中正路510號",
				"場館連絡電話": "02-29056436",
				"場館官方網站": "http://www.fju.edu.tw",
				"場館停車場類型": ""
			}
		},
		{
			"type": "Feature",
			"geometry": {
				"type": "Point",
				"coordinates": [121.4332473, 25.03762717]
			},
			"properties": {
				"場館編號": 9699,
				"場館名稱": "輔仁大學桌球場(館)",
				"所在地址": "新北市新莊區中正路510號",
				"場館連絡電話": "02-29056436",
				"場館官方網站": "http://www.fju.edu.tw",
				"場館停車場類型": ""
			}
		},
		{
			"type": "Feature",
			"geometry": {
				"type": "Point",
				"coordinates": [121.5022337, 24.77726648]
			},
			"properties": {
				"場館編號": 9700,
				"場館名稱": "德拉楠實小操場",
				"所在地址": "新北市烏來區福山里李茂岸56號",
				"場館連絡電話": "02-26616124#700",
				"場館官方網站": "http://www.fses.ntpc.edu.tw",
				"場館停車場類型": "無停車場"
			}
		},
		{
			"type": "Feature",
			"geometry": {
				"type": "Point",
				"coordinates": [121.5410743, 25.03563485]
			},
			"properties": {
				"場館編號": 9704,
				"場館名稱": "師大附中排球場(館)",
				"所在地址": "臺北市大安區和安里信義路3段143號",
				"場館連絡電話": "02-27075215#271",
				"場館官方網站": "http://www.hs.ntnu.edu.tw",
				"場館停車場類型": "無停車場"
			}
		},
		{
			"type": "Feature",
			"geometry": {
				"type": "Point",
				"coordinates": [121.4217192, 24.98403526]
			},
			"properties": {
				"場館編號": 9705,
				"場館名稱": "樹林高中健身房(含重量訓練室)",
				"所在地址": "新北市樹林區中華路8號",
				"場館連絡電話": "02-86852011#3101",
				"場館官方網站": "http://www.slsh.ntpc.edu.tw",
				"場館停車場類型": "無停車場"
			}
		},
		{
			"type": "Feature",
			"geometry": {
				"type": "Point",
				"coordinates": [121.5207168, 25.06820451]
			},
			"properties": {
				"場館編號": 9707,
				"場館名稱": "大同大學室內運動場",
				"所在地址": "臺北市中山區中山北路三段40號",
				"場館連絡電話": "02-21822928#7519",
				"場館官方網站": "http://www.ttu.edu.tw",
				"場館停車場類型": "無停車場"
			}
		},
		{
			"type": "Feature",
			"geometry": {
				"type": "Point",
				"coordinates": [121.4218211, 24.98355874]
			},
			"properties": {
				"場館編號": 9712,
				"場館名稱": "樹林高中籃球場",
				"所在地址": "新北市樹林區中華路8號",
				"場館連絡電話": "02-86852011#3101",
				"場館官方網站": "http://www.slsh.ntpc.edu.tw",
				"場館停車場類型": "無停車場"
			}
		},
		{
			"type": "Feature",
			"geometry": {
				"type": "Point",
				"coordinates": [121.4376783, 25.17732547]
			},
			"properties": {
				"場館編號": 9713,
				"場館名稱": "淡江高中體育館",
				"所在地址": "新北市淡水區真理街26號",
				"場館連絡電話": "(02)2620-3850",
				"場館官方網站": "http://www.tksh.ntpc.edu.tw",
				"場館停車場類型": "無停車場"
			}
		},
		{
			"type": "Feature",
			"geometry": {
				"type": "Point",
				"coordinates": [121.8600565, 25.12228662]
			},
			"properties": {
				"場館編號": 9717,
				"場館名稱": "濂洞國小活動中心",
				"所在地址": "新北市瑞芳區?洞里洞頂路101巷80號",
				"場館連絡電話": "02-24961330#12",
				"場館官方網站": "http://www.ldes.ntpc.edu.tw/",
				"場館停車場類型": "無停車場"
			}
		},
		{
			"type": "Feature",
			"geometry": {
				"type": "Point",
				"coordinates": [121.5201589, 25.06827011]
			},
			"properties": {
				"場館編號": 9719,
				"場館名稱": "大同大學籃球場",
				"所在地址": "臺北市中山區中山北路三段40號",
				"場館連絡電話": "02-21822928#7519",
				"場館官方網站": "http://www.ttu.edu.tw",
				"場館停車場類型": "無停車場"
			}
		},
		{
			"type": "Feature",
			"geometry": {
				"type": "Point",
				"coordinates": [121.6028112, 25.21878304]
			},
			"properties": {
				"場館編號": 9722,
				"場館名稱": "新北市三和國小活動中心",
				"所在地址": "新北市金山區重和里六股林口38號",
				"場館連絡電話": "02-24080417",
				"場館官方網站": "http://www.sanho.ntpc.edu.tw",
				"場館停車場類型": "無停車場"
			}
		},
		{
			"type": "Feature",
			"geometry": {
				"type": "Point",
				"coordinates": [121.5467678, 24.92233846]
			},
			"properties": {
				"場館編號": 9730,
				"場館名稱": "屈尺國小環形/直線慢跑道(非田徑場型)",
				"所在地址": "新北市新店區屈尺路55號",
				"場館連絡電話": "02-26667490#23",
				"場館官方網站": "http://www.ccyes.ntpc.edu.tw",
				"場館停車場類型": "無停車場"
			}
		},
		{
			"type": "Feature",
			"geometry": {
				"type": "Point",
				"coordinates": [121.565609, 25.04363438]
			},
			"properties": {
				"場館編號": 9734,
				"場館名稱": "松山高中活動中心",
				"所在地址": "臺北市信義區基隆路一段156號",
				"場館連絡電話": "02-27535968#260",
				"場館官方網站": "http://www.sssh.tp.edu.tw",
				"場館停車場類型": "一般及無障礙停車場"
			}
		},
		{
			"type": "Feature",
			"geometry": {
				"type": "Point",
				"coordinates": [121.4500433, 24.98408875]
			},
			"properties": {
				"場館編號": 9735,
				"場館名稱": "新北高工志清堂",
				"所在地址": "新北市土城區 學府路一段241號",
				"場館連絡電話": "02-22612483#55",
				"場館官方網站": "http://www.ntvs.ntpc.edu.tw",
				"場館停車場類型": ""
			}
		},
		{
			"type": "Feature",
			"geometry": {
				"type": "Point",
				"coordinates": [121.520167, 25.06802958]
			},
			"properties": {
				"場館編號": 9737,
				"場館名稱": "大同大學網球場",
				"所在地址": "臺北市中山區中山北路三段40號",
				"場館連絡電話": "02-21822928#7519",
				"場館官方網站": "http://www.ttu.edu.tw",
				"場館停車場類型": "無停車場"
			}
		},
		{
			"type": "Feature",
			"geometry": {
				"type": "Point",
				"coordinates": [121.5204298, 25.06771131]
			},
			"properties": {
				"場館編號": 9739,
				"場館名稱": "大同大學排球場",
				"所在地址": "臺北市中山區中山北路三段40號",
				"場館連絡電話": "02-21822928#7519",
				"場館官方網站": "http://www.ttu.edu.tw",
				"場館停車場類型": "無停車場"
			}
		},
		{
			"type": "Feature",
			"geometry": {
				"type": "Point",
				"coordinates": [121.5142487, 25.1216217]
			},
			"properties": {
				"場館編號": 9740,
				"場館名稱": "陽明大學活動中心",
				"所在地址": "臺北市北投區立農街二段155號",
				"場館連絡電話": "02-28267000#2169",
				"場館官方網站": "http://pe.web.ym.edu.tw/",
				"場館停車場類型": ""
			}
		},
		{
			"type": "Feature",
			"geometry": {
				"type": "Point",
				"coordinates": [121.8565922, 25.11149834]
			},
			"properties": {
				"場館編號": 9744,
				"場館名稱": "瓜山國小環形/直線慢跑道(非田徑場型)",
				"所在地址": "新北市瑞芳區石山里五號路306號",
				"場館連絡電話": "02-24962036#168",
				"場館官方網站": "http://www.gsps.ntpc.edu.tw",
				"場館停車場類型": "無停車場"
			}
		},
		{
			"type": "Feature",
			"geometry": {
				"type": "Point",
				"coordinates": [121.5470749, 24.92249779]
			},
			"properties": {
				"場館編號": 9745,
				"場館名稱": "屈尺國小籃球場",
				"所在地址": "新北市新店區屈尺路55號",
				"場館連絡電話": "02-26667490#23",
				"場館官方網站": "http://www.ccyes.ntpc.edu.tw",
				"場館停車場類型": "無停車場"
			}
		},
		{
			"type": "Feature",
			"geometry": {
				"type": "Point",
				"coordinates": [121.4368522, 25.17721381]
			},
			"properties": {
				"場館編號": 9751,
				"場館名稱": "淡江高中大操場",
				"所在地址": "新北市淡水區真理街26號",
				"場館連絡電話": "02-26203850#133",
				"場館官方網站": "http://www.tksh.ntpc.edu.tw",
				"場館停車場類型": "無停車場"
			}
		},
		{
			"type": "Feature",
			"geometry": {
				"type": "Point",
				"coordinates": [121.4356828, 25.17575252]
			},
			"properties": {
				"場館編號": 9755,
				"場館名稱": "淡江高中籃球場",
				"所在地址": "新北市淡水區真理街26號",
				"場館連絡電話": "02-26203850#133",
				"場館官方網站": "http://www.tksh.ntpc.edu.tw",
				"場館停車場類型": "無停車場"
			}
		},
		{
			"type": "Feature",
			"geometry": {
				"type": "Point",
				"coordinates": [121.4363775, 25.17561658]
			},
			"properties": {
				"場館編號": 9758,
				"場館名稱": "淡江高中籃排球場",
				"所在地址": "新北市淡水區真理街26號",
				"場館連絡電話": "(02)2620-3850",
				"場館官方網站": "http://www.tksh.ntpc.edu.tw",
				"場館停車場類型": "無停車場"
			}
		},
		{
			"type": "Feature",
			"geometry": {
				"type": "Point",
				"coordinates": [121.4358062, 25.17582048]
			},
			"properties": {
				"場館編號": 9767,
				"場館名稱": "淡江高中藝能大樓溫水游泳池",
				"所在地址": "新北市淡水區真理街26號",
				"場館連絡電話": "02-26203850",
				"場館官方網站": "http://www.tksh.ntpc.edu.tw",
				"場館停車場類型": "無停車場"
			}
		},
		{
			"type": "Feature",
			"geometry": {
				"type": "Point",
				"coordinates": [121.4363748, 25.17529616]
			},
			"properties": {
				"場館編號": 9782,
				"場館名稱": "淡江高中桌球教室",
				"所在地址": "新北市淡水區真理街26號",
				"場館連絡電話": "(02)2620-3850",
				"場館官方網站": "http://www.tksh.ntpc.edu.tw",
				"場館停車場類型": "無停車場"
			}
		},
		{
			"type": "Feature",
			"geometry": {
				"type": "Point",
				"coordinates": [121.3775057, 24.94107673]
			},
			"properties": {
				"場館編號": 9785,
				"場館名稱": "龍埔國小環形/直線慢跑道(非田徑場型)",
				"所在地址": "新北市三峽區大學路6號",
				"場館連絡電話": "02-26745666#832",
				"場館官方網站": "http://www.lpes.ntpc.edu.tw/default.asp",
				"場館停車場類型": "無停車場"
			}
		},
		{
			"type": "Feature",
			"geometry": {
				"type": "Point",
				"coordinates": [121.4363587, 25.17532044]
			},
			"properties": {
				"場館編號": 9787,
				"場館名稱": "淡江高中健身中心",
				"所在地址": "新北市淡水區真理街26號",
				"場館連絡電話": "(02)2620-3850",
				"場館官方網站": "http://www.tksh.ntpc.edu.tw",
				"場館停車場類型": "無停車場"
			}
		},
		{
			"type": "Feature",
			"geometry": {
				"type": "Point",
				"coordinates": [121.4905822, 25.08801837]
			},
			"properties": {
				"場館編號": 9805,
				"場館名稱": "新北高中綜合體育館",
				"所在地址": "新北市三重區三信路1號",
				"場館連絡電話": "02-28579983",
				"場館官方網站": "http://www.ntsh.ntpc.edu.tw",
				"場館停車場類型": "一般及無障礙停車場"
			}
		},
		{
			"type": "Feature",
			"geometry": {
				"type": "Point",
				"coordinates": [121.8199682, 25.12020054]
			},
			"properties": {
				"場館編號": 9812,
				"場館名稱": "瑞濱國小田徑場",
				"所在地址": "新北市瑞芳區瑞濱路34號",
				"場館連絡電話": "02-24978184#131",
				"場館官方網站": "http://www.jpes.ntpc.edu.tw",
				"場館停車場類型": ""
			}
		},
		{
			"type": "Feature",
			"geometry": {
				"type": "Point",
				"coordinates": [121.4906976, 25.08816655]
			},
			"properties": {
				"場館編號": 9813,
				"場館名稱": "新北高中游泳池",
				"所在地址": "新北市三重區三信路1號",
				"場館連絡電話": "02-28579983",
				"場館官方網站": "http://www.ntsh.ntpc.edu.tw",
				"場館停車場類型": "一般及無障礙停車場"
			}
		},
		{
			"type": "Feature",
			"geometry": {
				"type": "Point",
				"coordinates": [121.5137203, 25.11978395]
			},
			"properties": {
				"場館編號": 9820,
				"場館名稱": "陽明大學山下球場",
				"所在地址": "臺北市北投區立農街二段155號",
				"場館連絡電話": "02-28267000#2169",
				"場館官方網站": "http://pe.web.ym.edu.tw/",
				"場館停車場類型": "一般及無障礙停車場"
			}
		},
		{
			"type": "Feature",
			"geometry": {
				"type": "Point",
				"coordinates": [121.4945358, 25.08264251]
			},
			"properties": {
				"場館編號": 9827,
				"場館名稱": "碧華國中籃球場",
				"所在地址": "新北市三重區自強路五段66號",
				"場館連絡電話": "02-29851121#133",
				"場館官方網站": "http://www.bhjh.ntpc.edu.tw",
				"場館停車場類型": "無停車場"
			}
		},
		{
			"type": "Feature",
			"geometry": {
				"type": "Point",
				"coordinates": [121.514883, 25.12518658]
			},
			"properties": {
				"場館編號": 9828,
				"場館名稱": "陽明大學山頂運動場",
				"所在地址": "臺北市北投區立農街二段155號",
				"場館連絡電話": "02-28267000#2169",
				"場館官方網站": "http://pe.web.ym.edu.tw/",
				"場館停車場類型": ""
			}
		},
		{
			"type": "Feature",
			"geometry": {
				"type": "Point",
				"coordinates": [121.4441264, 25.03070587]
			},
			"properties": {
				"場館編號": 9834,
				"場館名稱": "豐年國小操場",
				"所在地址": "新北市新莊區國泰里瓊泰路116號",
				"場館連絡電話": "02-22017102#58",
				"場館官方網站": "http://www.fnes.ntpc.edu.tw",
				"場館停車場類型": ""
			}
		},
		{
			"type": "Feature",
			"geometry": {
				"type": "Point",
				"coordinates": [121.4718304, 24.99837232]
			},
			"properties": {
				"場館編號": 9843,
				"場館名稱": "自強國小活動中心",
				"所在地址": "新北市中和區莒光路200號",
				"場館連絡電話": "02-29557936",
				"場館官方網站": "http://www.jcps.ntpc.edu.tw",
				"場館停車場類型": "無停車場"
			}
		},
		{
			"type": "Feature",
			"geometry": {
				"type": "Point",
				"coordinates": [121.4582562, 25.02494107]
			},
			"properties": {
				"場館編號": 9851,
				"場館名稱": "新埔國中田徑場",
				"所在地址": "新北市板橋區新海路181號",
				"場館連絡電話": "02-22572275#318",
				"場館官方網站": "http://www.hpjh.ntpc.edu.tw",
				"場館停車場類型": "一般及無障礙停車場"
			}
		},
		{
			"type": "Feature",
			"geometry": {
				"type": "Point",
				"coordinates": [121.4589429, 25.02497023]
			},
			"properties": {
				"場館編號": 9856,
				"場館名稱": "新埔國中排球場",
				"所在地址": "新北市板橋區新海路181號",
				"場館連絡電話": "02-22572275#318",
				"場館官方網站": "http://www.hpjh.ntpc.edu.tw",
				"場館停車場類型": "一般及無障礙停車場"
			}
		},
		{
			"type": "Feature",
			"geometry": {
				"type": "Point",
				"coordinates": [121.45868, 25.02523272]
			},
			"properties": {
				"場館編號": 9859,
				"場館名稱": "新埔國中籃球場",
				"所在地址": "新北市板橋區新海路181號",
				"場館連絡電話": "02-22572275#318",
				"場館官方網站": "http://www.hpjh.ntpc.edu.tw",
				"場館停車場類型": "一般及無障礙停車場"
			}
		},
		{
			"type": "Feature",
			"geometry": {
				"type": "Point",
				"coordinates": [121.4588892, 25.02550978]
			},
			"properties": {
				"場館編號": 9864,
				"場館名稱": "新埔國中體育館",
				"所在地址": "新北市板橋區新海路181號",
				"場館連絡電話": "02-22572275#512",
				"場館官方網站": "http://www.hpjh.ntpc.edu.tw",
				"場館停車場類型": "一般及無障礙停車場"
			}
		},
		{
			"type": "Feature",
			"geometry": {
				"type": "Point",
				"coordinates": [121.5240562, 25.00617441]
			},
			"properties": {
				"場館編號": 9869,
				"場館名稱": "永和國中游泳池",
				"所在地址": "新北市永和區國中路111號",
				"場館連絡電話": "918811281",
				"場館官方網站": "http://www.jhjhs.ntpc.edu.tw",
				"場館停車場類型": "無停車場"
			}
		},
		{
			"type": "Feature",
			"geometry": {
				"type": "Point",
				"coordinates": [121.522404, 25.00560318]
			},
			"properties": {
				"場館編號": 9872,
				"場館名稱": "市立永和國中室外運動場及跑道",
				"所在地址": "新北市永和區國中路111號",
				"場館連絡電話": "02-29218878#603",
				"場館官方網站": "http://www.jhjhs.ntpc.edu.tw",
				"場館停車場類型": "無停車場"
			}
		},
		{
			"type": "Feature",
			"geometry": {
				"type": "Point",
				"coordinates": [121.6106915, 25.06693142]
			},
			"properties": {
				"場館編號": 9882,
				"場館名稱": "南湖高中運動中心",
				"所在地址": "臺北市內湖區康寧路三段220號",
				"場館連絡電話": "02-26308889",
				"場館官方網站": "http://www.nhush.tp.edu.tw/",
				"場館停車場類型": "一般及無障礙停車場"
			}
		},
		{
			"type": "Feature",
			"geometry": {
				"type": "Point",
				"coordinates": [121.5138155, 25.12442066]
			},
			"properties": {
				"場館編號": 9941,
				"場館名稱": "陽明大學山頂網球場",
				"所在地址": "臺北市北投區立農街二段155號",
				"場館連絡電話": "02-28267000#2169",
				"場館官方網站": "http://pe.web.ym.edu.tw/",
				"場館停車場類型": "無停車場"
			}
		},
		{
			"type": "Feature",
			"geometry": {
				"type": "Point",
				"coordinates": [121.3496429, 25.1286248]
			},
			"properties": {
				"場館編號": 9971,
				"場館名稱": "瑞平國小半場籃球場",
				"所在地址": "新北市林口區太平里後坑路34之1號",
				"場館連絡電話": "02-26052779#14",
				"場館官方網站": "http://www.rpes.ntpc.edu.tw",
				"場館停車場類型": "無停車場"
			}
		},
		{
			"type": "Feature",
			"geometry": {
				"type": "Point",
				"coordinates": [121.3500774, 24.9587674]
			},
			"properties": {
				"場館編號": 9978,
				"場館名稱": "鶯歌區休閒活動中心",
				"所在地址": "新北市鶯歌區中山路138巷5-1號",
				"場館連絡電話": "02-26780202#516",
				"場館官方網站": "",
				"場館停車場類型": "無停車場"
			}
		},
		{
			"type": "Feature",
			"geometry": {
				"type": "Point",
				"coordinates": [121.4459181, 25.17359588]
			},
			"properties": {
				"場館編號": 10060,
				"場館名稱": "淡江大學田徑場",
				"所在地址": "新北市淡水區英專路151號",
				"場館連絡電話": "02-26230985",
				"場館官方網站": "http://www.tku.edu.tw",
				"場館停車場類型": ""
			}
		},
		{
			"type": "Feature",
			"geometry": {
				"type": "Point",
				"coordinates": [121.5669394, 25.29211099]
			},
			"properties": {
				"場館編號": 10061,
				"場館名稱": "石門國小綜合球場",
				"所在地址": "新北市石門區尖鹿里中央路9號",
				"場館連絡電話": "02-26381263#21",
				"場館官方網站": "http://www.smes.ntpc.edu.tw",
				"場館停車場類型": "無停車場"
			}
		},
		{
			"type": "Feature",
			"geometry": {
				"type": "Point",
				"coordinates": [121.5667355, 25.29265421]
			},
			"properties": {
				"場館編號": 10062,
				"場館名稱": "石門國小田徑場",
				"所在地址": "新北市石門區尖鹿里中央路9號",
				"場館連絡電話": "02-26381263",
				"場館官方網站": "http://www.smes.ntpc.edu.tw",
				"場館停車場類型": "無停車場"
			}
		},
		{
			"type": "Feature",
			"geometry": {
				"type": "Point",
				"coordinates": [121.7112422, 24.93634002]
			},
			"properties": {
				"場館編號": 10069,
				"場館名稱": "坪林國小籃球場",
				"所在地址": "新北市坪林區坪林里坪林街114號",
				"場館連絡電話": "02-26656213",
				"場館官方網站": "http://www.plnes.ntpc.edu.tw",
				"場館停車場類型": "無停車場"
			}
		},
		{
			"type": "Feature",
			"geometry": {
				"type": "Point",
				"coordinates": [121.5664297, 25.29212069]
			},
			"properties": {
				"場館編號": 10071,
				"場館名稱": "石門國小風雨操場",
				"所在地址": "新北市石門區尖鹿里中央路9號",
				"場館連絡電話": "02-26381263#21",
				"場館官方網站": "http://www.smes.ntpc.edu.tw",
				"場館停車場類型": "無停車場"
			}
		},
		{
			"type": "Feature",
			"geometry": {
				"type": "Point",
				"coordinates": [121.4482355, 25.00201527]
			},
			"properties": {
				"場館編號": 10074,
				"場館名稱": "中山國小中山樓三樓",
				"所在地址": "新北市板橋區大觀路二段59巷31號",
				"場館連絡電話": "02-22755313#133",
				"場館官方網站": "http://www.jshps.ntpc.edu.tw",
				"場館停車場類型": "一般及無障礙停車場"
			}
		},
		{
			"type": "Feature",
			"geometry": {
				"type": "Point",
				"coordinates": [121.5215403, 25.08935926]
			},
			"properties": {
				"場館編號": 10079,
				"場館名稱": "臺北市士林運動中心",
				"所在地址": "臺北市士林區士商路1號",
				"場館連絡電話": "02-28806066",
				"場館官方網站": "http://www.slsc-taipei.org/News.aspx",
				"場館停車場類型": "一般及無障礙停車場"
			}
		},
		{
			"type": "Feature",
			"geometry": {
				"type": "Point",
				"coordinates": [121.4500272, 25.17525407]
			},
			"properties": {
				"場館編號": 10080,
				"場館名稱": "淡江大學網球場(館)",
				"所在地址": "新北市淡水區英專路151號",
				"場館連絡電話": "02-26230985",
				"場館官方網站": "http://www.tku.edu.tw",
				"場館停車場類型": ""
			}
		},
		{
			"type": "Feature",
			"geometry": {
				"type": "Point",
				"coordinates": [121.4489114, 25.17522543]
			},
			"properties": {
				"場館編號": 10084,
				"場館名稱": "淡江大學溜冰場",
				"所在地址": "新北市淡水區英專路151號",
				"場館連絡電話": "02-26230985",
				"場館官方網站": "http://www.tku.edu.tw",
				"場館停車場類型": ""
			}
		},
		{
			"type": "Feature",
			"geometry": {
				"type": "Point",
				"coordinates": [121.6953635, 25.17743228]
			},
			"properties": {
				"場館編號": 10131,
				"場館名稱": "萬里國中活動中心",
				"所在地址": "新北市萬里區獅頭路24號",
				"場館連絡電話": "02-24922053#32",
				"場館官方網站": "http://www.wljhs.ntpc.edu.tw",
				"場館停車場類型": ""
			}
		},
		{
			"type": "Feature",
			"geometry": {
				"type": "Point",
				"coordinates": [121.4271533, 25.1916899]
			},
			"properties": {
				"場館編號": 10141,
				"場館名稱": "臺北海洋科技大學體育館",
				"所在地址": "臺北市淡水區濱海路3段150號",
				"場館連絡電話": "02-28052292",
				"場館官方網站": "http://www.tcmt.edu.tw",
				"場館停車場類型": "無停車場"
			}
		},
		{
			"type": "Feature",
			"geometry": {
				"type": "Point",
				"coordinates": [121.4567536, 25.08567279]
			},
			"properties": {
				"場館編號": 10151,
				"場館名稱": "田徑場",
				"所在地址": "新北市蘆洲區長安街311號",
				"場館連絡電話": "02-22858998#848",
				"場館官方網站": "http://www.tces.ntpc.edu.tw",
				"場館停車場類型": "一般及無障礙停車場"
			}
		},
		{
			"type": "Feature",
			"geometry": {
				"type": "Point",
				"coordinates": [121.5214115, 25.05482665]
			},
			"properties": {
				"場館編號": 10271,
				"場館名稱": "臺北市中山運動中心",
				"所在地址": "臺北市中山區中山北路2段44巷2號",
				"場館連絡電話": "02-25811060",
				"場館官方網站": "https://cssc.cyc.org.tw/",
				"場館停車場類型": "一般及無障礙停車場"
			}
		},
		{
			"type": "Feature",
			"geometry": {
				"type": "Point",
				"coordinates": [121.5163475, 25.06526957]
			},
			"properties": {
				"場館編號": 10272,
				"場館名稱": "臺北市大同運動中心",
				"所在地址": "臺北市大同區大龍街51號",
				"場館連絡電話": "02-25920055",
				"場館官方網站": "http://www.dtsc-wdyg.com.tw/web/index/index.jsp",
				"場館停車場類型": "一般及無障礙停車場"
			}
		},
		{
			"type": "Feature",
			"geometry": {
				"type": "Point",
				"coordinates": [121.5081882, 25.00986186]
			},
			"properties": {
				"場館編號": 10302,
				"場館名稱": "永平高中綜合體育館",
				"所在地址": "新北市永和區永平路205號",
				"場館連絡電話": "02-22319670#226",
				"場館官方網站": "http://www.yphs.ntpc.edu.tw/",
				"場館停車場類型": ""
			}
		},
		{
			"type": "Feature",
			"geometry": {
				"type": "Point",
				"coordinates": [121.4644164, 25.12284313]
			},
			"properties": {
				"場館編號": 10368,
				"場館名稱": "馬偕醫護管理專科學校體育館",
				"所在地址": "臺北市北投區聖景路92號",
				"場館連絡電話": "02-28584180#2145",
				"場館官方網站": "http://www.mkc.edu.tw",
				"場館停車場類型": ""
			}
		},
		{
			"type": "Feature",
			"geometry": {
				"type": "Point",
				"coordinates": [121.4644575, 25.12286703]
			},
			"properties": {
				"場館編號": 10400,
				"場館名稱": "馬偕醫護管理專科學校體育館",
				"所在地址": "臺北市北投區聖景路92號",
				"場館連絡電話": "02-28584180#2145",
				"場館官方網站": "http://www.mkc.edu.tw",
				"場館停車場類型": ""
			}
		},
		{
			"type": "Feature",
			"geometry": {
				"type": "Point",
				"coordinates": [121.4525592, 24.99167879]
			},
			"properties": {
				"場館編號": 10460,
				"場館名稱": "信義國小田徑場",
				"所在地址": "新北市板橋區四川路二段245巷60號",
				"場館連絡電話": "02-89667817#122",
				"場館官方網站": "http://www.thyes.ntpc.edu.tw",
				"場館停車場類型": "無停車場"
			}
		},
		{
			"type": "Feature",
			"geometry": {
				"type": "Point",
				"coordinates": [121.5387762, 24.9894484]
			},
			"properties": {
				"場館編號": 11460,
				"場館名稱": "滬江高中體育館",
				"所在地址": "臺北市文山區景美里羅斯福路6段336號",
				"場館連絡電話": "02-86631122#224",
				"場館官方網站": "http://www.hchs.tp.edu.tw",
				"場館停車場類型": ""
			}
		},
		{
			"type": "Feature",
			"geometry": {
				"type": "Point",
				"coordinates": [121.4576072, 24.84990466]
			},
			"properties": {
				"場館編號": 11609,
				"場館名稱": "有木國小環形/直線慢跑道(非田徑場型)",
				"所在地址": "新北市三峽區有木里131號",
				"場館連絡電話": "02-26720067#18",
				"場館官方網站": "http://www.ymps.ntpc.edu.tw",
				"場館停車場類型": "一般及無障礙停車場"
			}
		},
		{
			"type": "Feature",
			"geometry": {
				"type": "Point",
				"coordinates": [121.4280386, 24.92506436]
			},
			"properties": {
				"場館編號": 11683,
				"場館名稱": "樂活運動站",
				"所在地址": "新北市三峽區成福路215巷2號",
				"場館連絡電話": "02-26726521#110",
				"場館官方網站": "http://www.dces.ntpc.edu.tw",
				"場館停車場類型": "無停車場"
			}
		},
		{
			"type": "Feature",
			"geometry": {
				"type": "Point",
				"coordinates": [121.5467724, 24.99880983]
			},
			"properties": {
				"場館編號": 11793,
				"場館名稱": "靜心小學運動中心",
				"所在地址": "臺北市文山區興福里興隆路2段46號",
				"場館連絡電話": "02-29323118#165",
				"場館官方網站": "http://www.chjhs.tp.edu.tw",
				"場館停車場類型": "無停車場"
			}
		},
		{
			"type": "Feature",
			"geometry": {
				"type": "Point",
				"coordinates": [121.4727006, 24.99790742]
			},
			"properties": {
				"場館編號": 11811,
				"場館名稱": "風雨操場",
				"所在地址": "新北市中和區莒光路191號",
				"場館連絡電話": "02-22259469",
				"場館官方網站": "http://www.zcjh.ntpc.edu.tw",
				"場館停車場類型": "一般及無障礙停車場"
			}
		},
		{
			"type": "Feature",
			"geometry": {
				"type": "Point",
				"coordinates": [121.4833188, 25.01640305]
			},
			"properties": {
				"場館編號": 11815,
				"場館名稱": "光復高中運動場",
				"所在地址": "新北市板橋區光環路一段7號",
				"場館連絡電話": "02-29582366#123",
				"場館官方網站": "http://www.gfhs.ntpc.edu.tw/",
				"場館停車場類型": "無停車場"
			}
		},
		{
			"type": "Feature",
			"geometry": {
				"type": "Point",
				"coordinates": [121.4706695, 25.00940488]
			},
			"properties": {
				"場館編號": 11819,
				"場館名稱": "海山國小操場",
				"所在地址": "新北市板橋區漢生東路280號",
				"場館連絡電話": "02-29545725#528",
				"場館官方網站": "http://www.hsps.ntpc.edu.tw",
				"場館停車場類型": "無停車場"
			}
		},
		{
			"type": "Feature",
			"geometry": {
				"type": "Point",
				"coordinates": [121.4834797, 25.01660722]
			},
			"properties": {
				"場館編號": 11820,
				"場館名稱": "光復高中風雨籃球場",
				"所在地址": "新北市板橋區光環路一段7號",
				"場館連絡電話": "02-29582366#123",
				"場館官方網站": "http://www.gfhs.ntpc.edu.tw/",
				"場館停車場類型": "無停車場"
			}
		},
		{
			"type": "Feature",
			"geometry": {
				"type": "Point",
				"coordinates": [121.5324032, 25.06928809]
			},
			"properties": {
				"場館編號": 11822,
				"場館名稱": "新生公園棒球場",
				"所在地址": "臺北市中山區新生北路三段105號",
				"場館連絡電話": "02-25972232",
				"場館官方網站": "https://sports.tms.gov.tw/venues/?K=121",
				"場館停車場類型": "無停車場"
			}
		},
		{
			"type": "Feature",
			"geometry": {
				"type": "Point",
				"coordinates": [121.5909719, 25.0769574]
			},
			"properties": {
				"場館編號": 11832,
				"場館名稱": "方濟中學田徑場",
				"所在地址": "臺北市內湖區紫星里成功路三段61號",
				"場館連絡電話": "02-27910278",
				"場館官方網站": "http://www.sfh.tp.edu.tw",
				"場館停車場類型": "無停車場"
			}
		},
		{
			"type": "Feature",
			"geometry": {
				"type": "Point",
				"coordinates": [121.5329289, 25.11345634]
			},
			"properties": {
				"場館編號": 11844,
				"場館名稱": "臺北市天母棒球場",
				"所在地址": "臺北市士林區忠誠路二段77號",
				"場館連絡電話": "02-25702330#6723",
				"場館官方網站": "https://sports.tms.gov.tw/",
				"場館停車場類型": "無停車場"
			}
		},
		{
			"type": "Feature",
			"geometry": {
				"type": "Point",
				"coordinates": [121.9246765, 25.05494069]
			},
			"properties": {
				"場館編號": 11852,
				"場館名稱": "澳底國小活動中心",
				"所在地址": "新北市貢寮區真理里延平街10號",
				"場館連絡電話": "02-24901432#230",
				"場館官方網站": "http://www.aodi.ntpc.edu.tw",
				"場館停車場類型": "一般及無障礙停車場"
			}
		},
		{
			"type": "Feature",
			"geometry": {
				"type": "Point",
				"coordinates": [121.5450747, 25.0733602]
			},
			"properties": {
				"場館編號": 11856,
				"場館名稱": "臺北市中山區迎風河濱運動公園",
				"所在地址": "臺北市松山區塔悠街與撫遠街389巷交叉口(基6號水門進入)",
				"場館連絡電話": "02-25702330#6520",
				"場館官方網站": "https://vbs.sports.taipei/",
				"場館停車場類型": "一般及無障礙停車場"
			}
		},
		{
			"type": "Feature",
			"geometry": {
				"type": "Point",
				"coordinates": [121.9195214, 25.11226827]
			},
			"properties": {
				"場館編號": 11865,
				"場館名稱": "和美國小籃球場",
				"所在地址": "新北市貢寮區和美里龍洞街1之9號",
				"場館連絡電話": "02-24909431#12",
				"場館官方網站": "http://www.hmps.ntpc.edu.tw",
				"場館停車場類型": "無停車場"
			}
		},
		{
			"type": "Feature",
			"geometry": {
				"type": "Point",
				"coordinates": [121.5364145, 25.00364576]
			},
			"properties": {
				"場館編號": 11868,
				"場館名稱": "景美游泳池",
				"所在地址": "臺北市文山區羅斯福路5段176巷50號1樓",
				"場館連絡電話": "02-29353602",
				"場館官方網站": "https://sports.gov.taipei/",
				"場館停車場類型": "無停車場"
			}
		},
		{
			"type": "Feature",
			"geometry": {
				"type": "Point",
				"coordinates": [121.6072841, 25.05191163]
			},
			"properties": {
				"場館編號": 11881,
				"場館名稱": "臺北市極限運動訓練中心",
				"所在地址": "臺北市南港區忠孝東路七段382號",
				"場館連絡電話": "02-25702330",
				"場館官方網站": "https://sports.gov.taipei/",
				"場館停車場類型": "無障礙停車場"
			}
		},
		{
			"type": "Feature",
			"geometry": {
				"type": "Point",
				"coordinates": [121.4942729, 25.2548655]
			},
			"properties": {
				"場館編號": 11882,
				"場館名稱": "馬偕醫學院多功能活動中心",
				"所在地址": "新北市三芝區中正路三段46號",
				"場館連絡電話": "02-26360303#5013",
				"場館官方網站": "http://www.mmc.edu.tw",
				"場館停車場類型": "一般及無障礙停車場"
			}
		},
		{
			"type": "Feature",
			"geometry": {
				"type": "Point",
				"coordinates": [121.4926314, 25.25525363]
			},
			"properties": {
				"場館編號": 11889,
				"場館名稱": "馬偕醫學院田徑場",
				"所在地址": "新北市三芝區中正路三段46號",
				"場館連絡電話": "02-26360303#5013",
				"場館官方網站": "http://www.mmc.edu.tw",
				"場館停車場類型": "無停車場"
			}
		},
		{
			"type": "Feature",
			"geometry": {
				"type": "Point",
				"coordinates": [121.429283, 24.96214745]
			},
			"properties": {
				"場館編號": 11896,
				"場館名稱": "田徑場",
				"所在地址": "新北市土城區永寧路18號",
				"場館連絡電話": "02-22675135#401",
				"場館官方網站": "http://www.tcjh.ntpc.edu.tw",
				"場館停車場類型": ""
			}
		},
		{
			"type": "Feature",
			"geometry": {
				"type": "Point",
				"coordinates": [121.503489, 25.02337101]
			},
			"properties": {
				"場館編號": 11919,
				"場館名稱": "青年公園棒球場",
				"所在地址": "臺北市萬華區水源路199號",
				"場館連絡電話": "02-25702330#6513",
				"場館官方網站": "https://sports.gov.taipei/Default.aspx",
				"場館停車場類型": ""
			}
		},
		{
			"type": "Feature",
			"geometry": {
				"type": "Point",
				"coordinates": [121.4793565, 25.00037199]
			},
			"properties": {
				"場館編號": 11933,
				"場館名稱": "羽球場館",
				"所在地址": "新北市中和區民安街66號",
				"場館連絡電話": "02-22234747#831",
				"場館官方網站": "http://www.gsjh.ntpc.edu.tw",
				"場館停車場類型": "一般及無障礙停車場"
			}
		},
		{
			"type": "Feature",
			"geometry": {
				"type": "Point",
				"coordinates": [121.5149474, 25.08843132]
			},
			"properties": {
				"場館編號": 12661,
				"場館名稱": "士林區百齡河濱公園",
				"所在地址": "臺北市士林區百齡橋下通河東街1段25號旁",
				"場館連絡電話": "02-25702330#6508",
				"場館官方網站": "https://sports.tms.gov.tw/",
				"場館停車場類型": "一般及無障礙停車場"
			}
		},
		{
			"type": "Feature",
			"geometry": {
				"type": "Point",
				"coordinates": [121.5523696, 25.05141027]
			},
			"properties": {
				"場館編號": 12665,
				"場館名稱": "臺北體育館",
				"所在地址": "臺北市松山區南京東路4段10號",
				"場館連絡電話": "02-25702330#6552",
				"場館官方網站": "https://vbs.sports.taipei/",
				"場館停車場類型": "一般及無障礙停車場"
			}
		},
		{
			"type": "Feature",
			"geometry": {
				"type": "Point",
				"coordinates": [121.4216495, 25.04082522]
			},
			"properties": {
				"場館編號": 12668,
				"場館名稱": "明志科技大學體育館",
				"所在地址": "新北市泰山區工專路84號",
				"場館連絡電話": "(02)29089899",
				"場館官方網站": "http://www.mcut.edu.tw/",
				"場館停車場類型": ""
			}
		},
		{
			"type": "Feature",
			"geometry": {
				"type": "Point",
				"coordinates": [121.9014859, 25.06576036]
			},
			"properties": {
				"場館編號": 12678,
				"場館名稱": "新北市立豐珠中學活動中心",
				"所在地址": "新北市貢寮區美豐里雞母嶺街6-6號",
				"場館連絡電話": "02-24903727#133",
				"場館官方網站": "http://www.fjjh.ntpc.edu.tw",
				"場館停車場類型": "無停車場"
			}
		},
		{
			"type": "Feature",
			"geometry": {
				"type": "Point",
				"coordinates": [121.3903105, 25.12527605]
			},
			"properties": {
				"場館編號": 12682,
				"場館名稱": "長坑國小操場",
				"所在地址": "新北市八里區長坑里長坑口12鄰中華路三段236號",
				"場館連絡電話": "02-26102037",
				"場館官方網站": "http://www.ckes.ntpc.edu.tw",
				"場館停車場類型": "無停車場"
			}
		},
		{
			"type": "Feature",
			"geometry": {
				"type": "Point",
				"coordinates": [121.5400583, 24.95793575]
			},
			"properties": {
				"場館編號": 12686,
				"場館名稱": "能仁家商籃球場",
				"所在地址": "新北市新店區文中路53巷10號",
				"場館連絡電話": "02-29182399",
				"場館官方網站": "http://www.nrvs.ntpc.edu.tw",
				"場館停車場類型": ""
			}
		},
		{
			"type": "Feature",
			"geometry": {
				"type": "Point",
				"coordinates": [121.5220284, 25.00470864]
			},
			"properties": {
				"場館編號": 12688,
				"場館名稱": "福和國中田徑場",
				"所在地址": "新北市永和區永利路71號",
				"場館連絡電話": "02-29289493#229",
				"場館官方網站": "http://www.fhjh.ntpc.edu.tw",
				"場館停車場類型": "一般及無障礙停車場"
			}
		},
		{
			"type": "Feature",
			"geometry": {
				"type": "Point",
				"coordinates": [121.5529221, 25.10281107]
			},
			"properties": {
				"場館編號": 12694,
				"場館名稱": "排球場館",
				"所在地址": "臺北市士林區翠山里至善路2段321號",
				"場館連絡電話": "02-28411487#154",
				"場館官方網站": "http://www.wlgsh.tp.edu.tw",
				"場館停車場類型": "一般及無障礙停車場"
			}
		},
		{
			"type": "Feature",
			"geometry": {
				"type": "Point",
				"coordinates": [121.5510392, 25.10194154]
			},
			"properties": {
				"場館編號": 12696,
				"場館名稱": "衛理女中室外球場",
				"所在地址": "臺北市士林區翠山里至善路2段321號",
				"場館連絡電話": "02-28411487#154",
				"場館官方網站": "http://www.wlgsh.tp.edu.tw",
				"場館停車場類型": ""
			}
		},
		{
			"type": "Feature",
			"geometry": {
				"type": "Point",
				"coordinates": [121.456781, 24.85111672]
			},
			"properties": {
				"場館編號": 12699,
				"場館名稱": "有木國小籃球場",
				"所在地址": "新北市三峽區有木里131號",
				"場館連絡電話": "02-26720067#18",
				"場館官方網站": "http://www.ymps.ntpc.edu.tw",
				"場館停車場類型": "一般及無障礙停車場"
			}
		},
		{
			"type": "Feature",
			"geometry": {
				"type": "Point",
				"coordinates": [121.3660741, 24.90529682]
			},
			"properties": {
				"場館編號": 12701,
				"場館名稱": "大埔國小操場",
				"所在地址": "新北市三峽區大埔路130號",
				"場館連絡電話": "02-26712523#121",
				"場館官方網站": "http://www.tpps.ntpc.edu.tw",
				"場館停車場類型": "一般及無障礙停車場"
			}
		},
		{
			"type": "Feature",
			"geometry": {
				"type": "Point",
				"coordinates": [121.6883013, 25.00794644]
			},
			"properties": {
				"場館編號": 12704,
				"場館名稱": "永定國小環形/直線慢跑道(非田徑場型)",
				"所在地址": "新北市石碇區永定里靜安路一段245號",
				"場館連絡電話": "02-26631288#2022",
				"場館官方網站": "http://www.tydes.ntpc.edu.tw",
				"場館停車場類型": "一般及無障礙停車場"
			}
		},
		{
			"type": "Feature",
			"geometry": {
				"type": "Point",
				"coordinates": [121.3665515, 24.90505111]
			},
			"properties": {
				"場館編號": 12706,
				"場館名稱": "大埔國小飛躍廣場",
				"所在地址": "新北市三峽區大埔路130號",
				"場館連絡電話": "02-26712523#121",
				"場館官方網站": "http://www.tpps.ntpc.edu.tw",
				"場館停車場類型": "一般及無障礙停車場"
			}
		},
		{
			"type": "Feature",
			"geometry": {
				"type": "Point",
				"coordinates": [121.3662913, 24.90497813]
			},
			"properties": {
				"場館編號": 12709,
				"場館名稱": "大埔國小射箭場",
				"所在地址": "新北市三峽區大埔路130號",
				"場館連絡電話": "02-26712523#121",
				"場館官方網站": "http://www.tpps.ntpc.edu.tw",
				"場館停車場類型": "一般及無障礙停車場"
			}
		},
		{
			"type": "Feature",
			"geometry": {
				"type": "Point",
				"coordinates": [121.6170667, 25.00141403]
			},
			"properties": {
				"場館編號": 12713,
				"場館名稱": "田徑場",
				"所在地址": "新北市深坑區深坑里文化街45號",
				"場館連絡電話": "02-26624675#234",
				"場館官方網站": "http://www.tskes.ntpc.edu.tw",
				"場館停車場類型": "無停車場"
			}
		},
		{
			"type": "Feature",
			"geometry": {
				"type": "Point",
				"coordinates": [121.5419734, 25.04987316]
			},
			"properties": {
				"場館編號": 12731,
				"場館名稱": "中興中學羽球場",
				"所在地址": "臺北市中山區力行里朱崙街42號",
				"場館連絡電話": "(02)27412542#217",
				"場館官方網站": "http://www.chsh.tp.edu.tw",
				"場館停車場類型": "無停車場"
			}
		},
		{
			"type": "Feature",
			"geometry": {
				"type": "Point",
				"coordinates": [121.4960861, 25.05578399]
			},
			"properties": {
				"場館編號": 12736,
				"場館名稱": "三光國小運動場",
				"所在地址": "新北市三重區同安里大同南路157號",
				"場館連絡電話": "02-29753308#632",
				"場館官方網站": "http://www.skes.ntpc.edu.tw",
				"場館停車場類型": "一般及無障礙停車場"
			}
		},
		{
			"type": "Feature",
			"geometry": {
				"type": "Point",
				"coordinates": [121.5290666, 25.06554169]
			},
			"properties": {
				"場館編號": 12739,
				"場館名稱": "稻江護家籃球場",
				"所在地址": "臺北市中山區新生北路三段55號",
				"場館連絡電話": "(02)25955161",
				"場館官方網站": "http://www.tcnvs.tp.edu.tw",
				"場館停車場類型": "無停車場"
			}
		},
		{
			"type": "Feature",
			"geometry": {
				"type": "Point",
				"coordinates": [121.4296585, 24.98926228]
			},
			"properties": {
				"場館編號": 12747,
				"場館名稱": "沙崙國小內操場",
				"所在地址": "新北市板橋區篤行路二段132號",
				"場館連絡電話": "02-26812764#824",
				"場館官方網站": "http://www.sles.ntpc.edu.tw",
				"場館停車場類型": "無停車場"
			}
		},
		{
			"type": "Feature",
			"geometry": {
				"type": "Point",
				"coordinates": [121.5458786, 24.98020359]
			},
			"properties": {
				"場館編號": 12893,
				"場館名稱": "開明工商籃球場",
				"所在地址": "新北市新店區寶中路49號",
				"場館連絡電話": "(02)29136061-121",
				"場館官方網站": "http://www.kmvs.ntpc.edu.tw",
				"場館停車場類型": "無停車場"
			}
		},
		{
			"type": "Feature",
			"geometry": {
				"type": "Point",
				"coordinates": [121.4799124, 25.06565345]
			},
			"properties": {
				"場館編號": 12894,
				"場館名稱": "二重國中籃球場附設田徑場",
				"所在地址": "新北市三重區忠孝路三段89號",
				"場館連絡電話": "02-29800164#303",
				"場館官方網站": "http://www.ecjh.ntpc.edu.tw",
				"場館停車場類型": "無停車場"
			}
		},
		{
			"type": "Feature",
			"geometry": {
				"type": "Point",
				"coordinates": [121.3777256, 25.07681456]
			},
			"properties": {
				"場館編號": 12965,
				"場館名稱": "林口國中田徑場",
				"所在地址": "新北市林口區民治路25號",
				"場館連絡電話": "02-26011014#21",
				"場館官方網站": "http://www.lkjh.ntpc.edu.tw",
				"場館停車場類型": "無停車場"
			}
		},
		{
			"type": "Feature",
			"geometry": {
				"type": "Point",
				"coordinates": [121.4199758, 25.16048795]
			},
			"properties": {
				"場館編號": 12975,
				"場館名稱": "大崁國小風雨操場",
				"所在地址": "新北市八里區忠八街2號",
				"場館連絡電話": "02-86305678#132",
				"場館官方網站": "http://www.tkes.ntpc.edu.tw",
				"場館停車場類型": "一般及無障礙停車場"
			}
		},
		{
			"type": "Feature",
			"geometry": {
				"type": "Point",
				"coordinates": [121.4477313, 24.98528977]
			},
			"properties": {
				"場館編號": 13010,
				"場館名稱": "樂利國小運動場",
				"所在地址": "新北市土城區裕生路65號",
				"場館連絡電話": "02-22662568#823",
				"場館官方網站": "http://www.llps.ntpc.edu.tw",
				"場館停車場類型": "無停車場"
			}
		},
		{
			"type": "Feature",
			"geometry": {
				"type": "Point",
				"coordinates": [121.4174277, 24.98946544]
			},
			"properties": {
				"場館編號": 13020,
				"場館名稱": "田徑場",
				"所在地址": "新北市樹林區樹西里育英街176號",
				"場館連絡電話": "02-26812014#837",
				"場館官方網站": "http://www.slps.ntpc.edu.tw",
				"場館停車場類型": "無停車場"
			}
		},
		{
			"type": "Feature",
			"geometry": {
				"type": "Point",
				"coordinates": [121.4173311, 24.98997111]
			},
			"properties": {
				"場館編號": 13021,
				"場館名稱": "樹林國小羽球館",
				"所在地址": "新北市樹林區樹西里育英街176號",
				"場館連絡電話": "02-26812014#837",
				"場館官方網站": "http://www.slps.ntpc.edu.tw",
				"場館停車場類型": "無停車場"
			}
		},
		{
			"type": "Feature",
			"geometry": {
				"type": "Point",
				"coordinates": [121.5393019, 25.13579552]
			},
			"properties": {
				"場館編號": 13058,
				"場館名稱": "中國文化大學室外運動球場",
				"所在地址": "臺北市士林區華岡路55號",
				"場館連絡電話": "935957111",
				"場館官方網站": "http://www.pccu.edu.tw",
				"場館停車場類型": "一般及無障礙停車場"
			}
		},
		{
			"type": "Feature",
			"geometry": {
				"type": "Point",
				"coordinates": [121.3699386, 24.9390041]
			},
			"properties": {
				"場館編號": 13061,
				"場館名稱": "三峽國中體育館",
				"所在地址": "新北市三峽區復興路238號",
				"場館連絡電話": "02-26711043#136",
				"場館官方網站": "http://www.shjhs.ntpc.edu.tw",
				"場館停車場類型": "一般及無障礙停車場"
			}
		},
		{
			"type": "Feature",
			"geometry": {
				"type": "Point",
				"coordinates": [121.5474843, 25.03949778]
			},
			"properties": {
				"場館編號": 13125,
				"場館名稱": "復興實驗高中大禮堂(體育館)",
				"所在地址": "臺北市大安區敦化南路1段262 號",
				"場館連絡電話": "02-27715859#172",
				"場館官方網站": "http://www.fhjh.tp.edu.tw",
				"場館停車場類型": "無停車場"
			}
		},
		{
			"type": "Feature",
			"geometry": {
				"type": "Point",
				"coordinates": [121.5752649, 24.95130179]
			},
			"properties": {
				"場館編號": 13152,
				"場館名稱": "雙峰國小操場",
				"所在地址": "新北市新店區北宜路三段66號",
				"場館連絡電話": "02-22174543#116",
				"場館官方網站": "http://www.sfes.ntpc.edu.tw",
				"場館停車場類型": "一般及無障礙停車場"
			}
		},
		{
			"type": "Feature",
			"geometry": {
				"type": "Point",
				"coordinates": [121.4454943, 25.14683368]
			},
			"properties": {
				"場館編號": 13155,
				"場館名稱": "米倉國小環形慢跑道(非田徑場型)",
				"所在地址": "新北市八里區米倉里龍米路2段129巷1號",
				"場館連絡電話": "02-26182202#223",
				"場館官方網站": "http://www.mtes.ntpc.edu.tw",
				"場館停車場類型": ""
			}
		},
		{
			"type": "Feature",
			"geometry": {
				"type": "Point",
				"coordinates": [121.649369, 25.16038113]
			},
			"properties": {
				"場館編號": 13179,
				"場館名稱": "崁腳國小環形/直線慢跑道(非田徑場型)",
				"所在地址": "新北市萬里區崁?里崁?路59號",
				"場館連絡電話": "02-24922037",
				"場館官方網站": "http://www.kjps.ntpc.edu.tw",
				"場館停車場類型": "一般及無障礙停車場"
			}
		},
		{
			"type": "Feature",
			"geometry": {
				"type": "Point",
				"coordinates": [121.4891124, 25.05525916]
			},
			"properties": {
				"場館編號": 13218,
				"場館名稱": "集美國小籃球場",
				"所在地址": "新北市三重區集美街10號",
				"場館連絡電話": "02-89725390#301",
				"場館官方網站": "http://www.jmes.ntpc.edu.tw",
				"場館停車場類型": "無停車場"
			}
		},
		{
			"type": "Feature",
			"geometry": {
				"type": "Point",
				"coordinates": [121.5349352, 25.11691349]
			},
			"properties": {
				"場館編號": 13219,
				"場館名稱": "啟明學校游泳池(館)",
				"所在地址": "臺北市士林區忠誠路二段207巷1號",
				"場館連絡電話": "02-28740670#1203",
				"場館官方網站": "http://www.tmsb.tp.edu.tw/",
				"場館停車場類型": "一般及無障礙停車場"
			}
		},
		{
			"type": "Feature",
			"geometry": {
				"type": "Point",
				"coordinates": [121.6104662, 25.07644529]
			},
			"properties": {
				"場館編號": 13230,
				"場館名稱": "康寧大學臺北校區野聲館",
				"所在地址": "臺北市內湖區康寧路三段75巷137號",
				"場館連絡電話": "02-26321181#451",
				"場館官方網站": "http://www.ukn.edu.tw",
				"場館停車場類型": ""
			}
		},
		{
			"type": "Feature",
			"geometry": {
				"type": "Point",
				"coordinates": [121.4239562, 24.98146786]
			},
			"properties": {
				"場館編號": 13307,
				"場館名稱": "彭福國小田徑場",
				"所在地址": "新北市樹林區忠孝街30號",
				"場館連絡電話": "02-86866589#803",
				"場館官方網站": "http://www.pfps.ntpc.edu.tw",
				"場館停車場類型": ""
			}
		},
		{
			"type": "Feature",
			"geometry": {
				"type": "Point",
				"coordinates": [121.5971732, 25.07209514]
			},
			"properties": {
				"場館編號": 13324,
				"場館名稱": "國防醫學院活動中心",
				"所在地址": "臺北市內湖區民權東路六段161號",
				"場館連絡電話": "(02)87923144",
				"場館官方網站": "http://www.ndmctsgh.edu.tw/",
				"場館停車場類型": ""
			}
		},
		{
			"type": "Feature",
			"geometry": {
				"type": "Point",
				"coordinates": [121.5987504, 25.07173247]
			},
			"properties": {
				"場館編號": 13338,
				"場館名稱": "國防醫學院田徑場",
				"所在地址": "臺北市內湖區民權東路六段161號",
				"場館連絡電話": "(02)87923144",
				"場館官方網站": "http://www.ndmctsgh.edu.tw/",
				"場館停車場類型": ""
			}
		},
		{
			"type": "Feature",
			"geometry": {
				"type": "Point",
				"coordinates": [121.515044, 25.02590351]
			},
			"properties": {
				"場館編號": 13380,
				"場館名稱": "強恕中學體育館",
				"所在地址": "臺北市中正區板溪里汀州路二段143號",
				"場館連絡電話": "02-23656571",
				"場館官方網站": "http://www.qshs.tp.edu.tw",
				"場館停車場類型": "無停車場"
			}
		},
		{
			"type": "Feature",
			"geometry": {
				"type": "Point",
				"coordinates": [121.5685996, 24.98500172]
			},
			"properties": {
				"場館編號": 13396,
				"場館名稱": "景文高中籃球場",
				"所在地址": "臺北市文山區木新里保儀路127號",
				"場館連絡電話": "02-29390310",
				"場館官方網站": "http://www.jwsh.tp.edu.tw",
				"場館停車場類型": "無停車場"
			}
		},
		{
			"type": "Feature",
			"geometry": {
				"type": "Point",
				"coordinates": [121.568259, 24.98543724]
			},
			"properties": {
				"場館編號": 13526,
				"場館名稱": "景文高中排球場",
				"所在地址": "臺北市文山區木新里保儀路127號",
				"場館連絡電話": "02-29390310",
				"場館官方網站": "http://www.jwsh.tp.edu.tw",
				"場館停車場類型": "無停車場"
			}
		},
		{
			"type": "Feature",
			"geometry": {
				"type": "Point",
				"coordinates": [121.5689456, 24.98492547]
			},
			"properties": {
				"場館編號": 13538,
				"場館名稱": "景文高中桌球場",
				"所在地址": "臺北市文山區木新里保儀路127號",
				"場館連絡電話": "02-29390310",
				"場館官方網站": "http://www.jwsh.tp.edu.tw",
				"場館停車場類型": "無停車場"
			}
		},
		{
			"type": "Feature",
			"geometry": {
				"type": "Point",
				"coordinates": [121.4675306, 25.01837403]
			},
			"properties": {
				"場館編號": 13684,
				"場館名稱": "中山國中朝陽館",
				"所在地址": "新北市板橋區文化路一段188巷56號",
				"場館連絡電話": "02-22508250#232",
				"場館官方網站": "https://www.csjh.ntpc.edu.tw/",
				"場館停車場類型": "無停車場"
			}
		},
		{
			"type": "Feature",
			"geometry": {
				"type": "Point",
				"coordinates": [121.367088, 24.92780525]
			},
			"properties": {
				"場館編號": 13697,
				"場館名稱": "中園國小田徑場",
				"所在地址": "新北市三峽區弘園街22號",
				"場館連絡電話": "02-86712590#823",
				"場館官方網站": "http://www.jyps.ntpc.edu.tw",
				"場館停車場類型": "一般及無障礙停車場"
			}
		},
		{
			"type": "Feature",
			"geometry": {
				"type": "Point",
				"coordinates": [121.3667285, 24.92803633]
			},
			"properties": {
				"場館編號": 13701,
				"場館名稱": "中園國小靶場/射擊場",
				"所在地址": "新北市三峽區大同路222巷22弄2號",
				"場館連絡電話": "02-86712590#823",
				"場館官方網站": "http://www.jyps.ntpc.edu.tw",
				"場館停車場類型": "一般及無障礙停車場"
			}
		},
		{
			"type": "Feature",
			"geometry": {
				"type": "Point",
				"coordinates": [121.3674152, 24.92811903]
			},
			"properties": {
				"場館編號": 13708,
				"場館名稱": "中園國小籃球場",
				"所在地址": "新北市三峽區大同路222巷22弄2號",
				"場館連絡電話": "02-86712590#823",
				"場館官方網站": "http://www.jyps.ntpc.edu.tw",
				"場館停車場類型": "一般及無障礙停車場"
			}
		},
		{
			"type": "Feature",
			"geometry": {
				"type": "Point",
				"coordinates": [121.5840465, 25.04173026]
			},
			"properties": {
				"場館編號": 13714,
				"場館名稱": "祐德中學環形/直線慢跑道(非田徑場型)",
				"所在地址": "臺北市信義區忠孝東路5段790巷27號",
				"場館連絡電話": "(02)27278280",
				"場館官方網站": "http://www.ytsh.tp.edu.tw",
				"場館停車場類型": "無停車場"
			}
		},
		{
			"type": "Feature",
			"geometry": {
				"type": "Point",
				"coordinates": [121.5600908, 24.9990755]
			},
			"properties": {
				"場館編號": 13728,
				"場館名稱": "臺灣警察專科學校游泳池(館)",
				"所在地址": "臺北市文山區興隆路三段 153 號",
				"場館連絡電話": "(02)22308512-4",
				"場館官方網站": "http://www.tpa.edu.tw/",
				"場館停車場類型": ""
			}
		},
		{
			"type": "Feature",
			"geometry": {
				"type": "Point",
				"coordinates": [121.5609169, 24.99891442]
			},
			"properties": {
				"場館編號": 13736,
				"場館名稱": "臺灣警察專科學校籃球場",
				"所在地址": "臺北市文山區興隆路三段 153 號",
				"場館連絡電話": "(02)22308512-4",
				"場館官方網站": "http://www.tpa.edu.tw/",
				"場館停車場類型": ""
			}
		},
		{
			"type": "Feature",
			"geometry": {
				"type": "Point",
				"coordinates": [121.5604949, 25.00052206]
			},
			"properties": {
				"場館編號": 13741,
				"場館名稱": "臺灣警察專科學校體育館",
				"所在地址": "臺北市文山區興隆路三段 153 號",
				"場館連絡電話": "(02)22308512-4",
				"場館官方網站": "http://www.tpa.edu.tw/",
				"場館停車場類型": ""
			}
		},
		{
			"type": "Feature",
			"geometry": {
				"type": "Point",
				"coordinates": [121.5395089, 25.10496942]
			},
			"properties": {
				"場館編號": 13849,
				"場館名稱": "華興小學田徑場",
				"所在地址": "臺北市士林區芝山里仰德大道1段101號",
				"場館連絡電話": "02-28316834",
				"場館官方網站": "http://www.hhhs.tp.edu.tw",
				"場館停車場類型": "無停車場"
			}
		},
		{
			"type": "Feature",
			"geometry": {
				"type": "Point",
				"coordinates": [121.5840572, 25.04176836]
			},
			"properties": {
				"場館編號": 13879,
				"場館名稱": "祐德中學籃球場",
				"所在地址": "臺北市信義區忠孝東路5段790巷27號",
				"場館連絡電話": "(02)27278280",
				"場館官方網站": "http://www.ytsh.tp.edu.tw",
				"場館停車場類型": "無停車場"
			}
		},
		{
			"type": "Feature",
			"geometry": {
				"type": "Point",
				"coordinates": [121.5490115, 25.13721359]
			},
			"properties": {
				"場館編號": 13921,
				"場館名稱": "華岡藝校舞蹈教室",
				"所在地址": "臺北市士林區建業路73巷8號",
				"場館連絡電話": "02-28612354",
				"場館官方網站": "http://www.hka.edu.tw",
				"場館停車場類型": "無停車場"
			}
		},
		{
			"type": "Feature",
			"geometry": {
				"type": "Point",
				"coordinates": [121.9253093, 25.05485095]
			},
			"properties": {
				"場館編號": 13944,
				"場館名稱": "澳底國小田徑場",
				"所在地址": "新北市貢寮區真理里延平街10號",
				"場館連絡電話": "02-24901432#230",
				"場館官方網站": "http://www.aodi.ntpc.edu.tw",
				"場館停車場類型": "無障礙停車場"
			}
		},
		{
			"type": "Feature",
			"geometry": {
				"type": "Point",
				"coordinates": [121.4486194, 25.134391]
			},
			"properties": {
				"場館編號": 13978,
				"場館名稱": "聖心女中籃排球場",
				"所在地址": "新北市八里區龍米路一段263號",
				"場館連絡電話": "02-26182287",
				"場館官方網站": "http://www.shgsh.ntpc.edu.tw",
				"場館停車場類型": ""
			}
		},
		{
			"type": "Feature",
			"geometry": {
				"type": "Point",
				"coordinates": [121.4675156, 25.01827259]
			},
			"properties": {
				"場館編號": 13982,
				"場館名稱": "中山國中田徑場",
				"所在地址": "新北市板橋區文化路一段188巷56號",
				"場館連絡電話": "02-22508250#232",
				"場館官方網站": "https://www.csjh.ntpc.edu.tw/",
				"場館停車場類型": "無停車場"
			}
		},
		{
			"type": "Feature",
			"geometry": {
				"type": "Point",
				"coordinates": [121.5031384, 25.13975881]
			},
			"properties": {
				"場館編號": 14041,
				"場館名稱": "薇閣高中羽球場(館)",
				"所在地址": "臺北市北投區中心里珠海路50號",
				"場館連絡電話": "(02)28913630轉330",
				"場館官方網站": "http://www.wghs.tp.edu.tw",
				"場館停車場類型": "無停車場"
			}
		},
		{
			"type": "Feature",
			"geometry": {
				"type": "Point",
				"coordinates": [121.5186274, 25.11841799]
			},
			"properties": {
				"場館編號": 14071,
				"場館名稱": "臺北護理健康大學體育館",
				"所在地址": "臺北市北投區明德路365號",
				"場館連絡電話": "02-28227101#2901",
				"場館官方網站": "http://www.ntunhs.edu.tw/bin/home.php",
				"場館停車場類型": ""
			}
		},
		{
			"type": "Feature",
			"geometry": {
				"type": "Point",
				"coordinates": [121.5192926, 25.11776228]
			},
			"properties": {
				"場館編號": 14076,
				"場館名稱": "臺北護理健康大學田徑場",
				"所在地址": "臺北市北投區明德路365號",
				"場館連絡電話": "(02)28227101#2901",
				"場館官方網站": "http://www.ntunhs.edu.tw/bin/home.php",
				"場館停車場類型": ""
			}
		},
		{
			"type": "Feature",
			"geometry": {
				"type": "Point",
				"coordinates": [121.520108, 25.11736399]
			},
			"properties": {
				"場館編號": 14079,
				"場館名稱": "臺北護理健康大學滾球場",
				"所在地址": "臺北市北投區明德路365號",
				"場館連絡電話": "(02)28227101#2901",
				"場館官方網站": "http://www.ntunhs.edu.tw/bin/home.php",
				"場館停車場類型": ""
			}
		},
		{
			"type": "Feature",
			"geometry": {
				"type": "Point",
				"coordinates": [121.4208019, 25.06720839]
			},
			"properties": {
				"場館編號": 14084,
				"場館名稱": "黎明技術學院後山運動場",
				"所在地址": "新北市泰山區泰林路三段22號",
				"場館連絡電話": "02-29097811#1251",
				"場館官方網站": "http://www.lit.edu.tw",
				"場館停車場類型": "無停車場"
			}
		},
		{
			"type": "Feature",
			"geometry": {
				"type": "Point",
				"coordinates": [121.5008819, 25.13612576]
			},
			"properties": {
				"場館編號": 14110,
				"場館名稱": "薇閣小學田徑場",
				"所在地址": "臺北市北投區長安里育仁路106號",
				"場館連絡電話": "(02)28912668",
				"場館官方網站": "http://www.wgps.tp.edu.tw",
				"場館停車場類型": "無停車場"
			}
		},
		{
			"type": "Feature",
			"geometry": {
				"type": "Point",
				"coordinates": [121.6044688, 25.0046503]
			},
			"properties": {
				"場館編號": 14126,
				"場館名稱": "東南科技大學夢初體育館",
				"所在地址": "新北市深坑區北深路三段152號",
				"場館連絡電話": "02-86625850",
				"場館官方網站": "http://www.tnu.edu.tw/",
				"場館停車場類型": "一般及無障礙停車場"
			}
		},
		{
			"type": "Feature",
			"geometry": {
				"type": "Point",
				"coordinates": [121.5484192, 25.03923471]
			},
			"properties": {
				"場館編號": 14131,
				"場館名稱": "復興國小活動中心",
				"所在地址": "臺北市大安區仁愛里敦化南路1段262號",
				"場館連絡電話": "02-27715859",
				"場館官方網站": "http://www.fhjh.tp.edu.tw",
				"場館停車場類型": "無停車場"
			}
		},
		{
			"type": "Feature",
			"geometry": {
				"type": "Point",
				"coordinates": [121.6036427, 25.00480587]
			},
			"properties": {
				"場館編號": 14132,
				"場館名稱": "東南科技大學龍鳳館",
				"所在地址": "新北市深坑區北深路三段152號",
				"場館連絡電話": "02-86625850",
				"場館官方網站": "http://www.tnu.edu.tw/",
				"場館停車場類型": ""
			}
		},
		{
			"type": "Feature",
			"geometry": {
				"type": "Point",
				"coordinates": [121.6047892, 25.00348535]
			},
			"properties": {
				"場館編號": 14134,
				"場館名稱": "東南科技大學桌球室",
				"所在地址": "新北市深坑區北深路三段152號",
				"場館連絡電話": "02-86625850",
				"場館官方網站": "http://www.tnu.edu.tw/",
				"場館停車場類型": ""
			}
		},
		{
			"type": "Feature",
			"geometry": {
				"type": "Point",
				"coordinates": [121.603986, 25.00467461]
			},
			"properties": {
				"場館編號": 14135,
				"場館名稱": "東南科技大學田徑場",
				"所在地址": "新北市深坑區北深路三段152號",
				"場館連絡電話": "02-86625850",
				"場館官方網站": "http://www.tnu.edu.tw/",
				"場館停車場類型": ""
			}
		},
		{
			"type": "Feature",
			"geometry": {
				"type": "Point",
				"coordinates": [121.6047961, 25.00373631]
			},
			"properties": {
				"場館編號": 14138,
				"場館名稱": "東南科技大學體適能健身中心",
				"所在地址": "新北市深坑區北深路三段152號",
				"場館連絡電話": "02-86625850",
				"場館官方網站": "http://www.tnu.edu.tw/",
				"場館停車場類型": ""
			}
		},
		{
			"type": "Feature",
			"geometry": {
				"type": "Point",
				"coordinates": [121.5407127, 25.02437701]
			},
			"properties": {
				"場館編號": 14151,
				"場館名稱": "臺北教大實小田徑場",
				"所在地址": "臺北市大安區龍淵里和平東路2段94號",
				"場館連絡電話": "02-27356186",
				"場館官方網站": "http://www.ntueees.tp.edu.tw",
				"場館停車場類型": "無停車場"
			}
		},
		{
			"type": "Feature",
			"geometry": {
				"type": "Point",
				"coordinates": [121.5379179, 25.10606338]
			},
			"properties": {
				"場館編號": 14158,
				"場館名稱": "華興中學體育館",
				"所在地址": "臺北市士林區芝山里仰德大道1段101號",
				"場館連絡電話": "02-28316834#234",
				"場館官方網站": "http://www.hhhs.tp.edu.tw",
				"場館停車場類型": "無停車場"
			}
		},
		{
			"type": "Feature",
			"geometry": {
				"type": "Point",
				"coordinates": [121.5582407, 24.98991709]
			},
			"properties": {
				"場館編號": 14177,
				"場館名稱": "再興小學戶外籃球場",
				"所在地址": "臺北市文山區明義里興隆路4段2號",
				"場館連絡電話": "02-29371118#223",
				"場館官方網站": "http://www.tsps.tp.edu.tw",
				"場館停車場類型": "無障礙停車場"
			}
		},
		{
			"type": "Feature",
			"geometry": {
				"type": "Point",
				"coordinates": [121.6286033, 25.22098634]
			},
			"properties": {
				"場館編號": 14209,
				"場館名稱": "金山區運動休閒廣場",
				"所在地址": "新北市金山區五湖里南勢53號",
				"場館連絡電話": "02-24985965#326",
				"場館官方網站": "https://www.jinshan.ntpc.gov.tw/content/?parent_id=10388",
				"場館停車場類型": "一般及無障礙停車場"
			}
		},
		{
			"type": "Feature",
			"geometry": {
				"type": "Point",
				"coordinates": [121.5363836, 24.97769447]
			},
			"properties": {
				"場館編號": 14225,
				"場館名稱": "耕莘健康管理專科學校活動中心",
				"所在地址": "新北市新店區民族路112號",
				"場館連絡電話": "02-22911131",
				"場館官方網站": "http://www.ctcn.edu.tw",
				"場館停車場類型": "一般及無障礙停車場"
			}
		},
		{
			"type": "Feature",
			"geometry": {
				"type": "Point",
				"coordinates": [121.4529133, 24.99533818]
			},
			"properties": {
				"場館編號": 14242,
				"場館名稱": "亞東技術學院活動中心",
				"所在地址": "新北市板橋區四川路二段58號",
				"場館連絡電話": "(02)77380145",
				"場館官方網站": "http://www.oit.edu.tw",
				"場館停車場類型": "無停車場"
			}
		},
		{
			"type": "Feature",
			"geometry": {
				"type": "Point",
				"coordinates": [121.498704, 25.25191564]
			},
			"properties": {
				"場館編號": 14248,
				"場館名稱": "馬偕醫護管理專科學校運動中心",
				"所在地址": "新北市三芝區中正路三段42號",
				"場館連絡電話": "02-28584180#2145",
				"場館官方網站": "http://www.mkc.edu.tw",
				"場館停車場類型": ""
			}
		},
		{
			"type": "Feature",
			"geometry": {
				"type": "Point",
				"coordinates": [121.5362924, 24.97756318]
			},
			"properties": {
				"場館編號": 14252,
				"場館名稱": "耕莘健康管理專科學校籃球場",
				"所在地址": "新北市新店區民族路112號",
				"場館連絡電話": "02-22191131",
				"場館官方網站": "http://www.ctcn.edu.tw",
				"場館停車場類型": "一般及無障礙停車場"
			}
		},
		{
			"type": "Feature",
			"geometry": {
				"type": "Point",
				"coordinates": [121.5362978, 24.97755345]
			},
			"properties": {
				"場館編號": 14254,
				"場館名稱": "耕莘健康管理專科學校排球場",
				"所在地址": "新北市新店區民族路112號",
				"場館連絡電話": "02-22191131#5323",
				"場館官方網站": "http://www.ctcn.edu.tw",
				"場館停車場類型": "一般及無障礙停車場"
			}
		},
		{
			"type": "Feature",
			"geometry": {
				"type": "Point",
				"coordinates": [121.5379069, 24.98961382]
			},
			"properties": {
				"場館編號": 14267,
				"場館名稱": "滬江高中室內溫水游泳池",
				"所在地址": "臺北市文山區景美里羅斯福路6段336號",
				"場館連絡電話": "02-86631122#224",
				"場館官方網站": "http://www.hchs.tp.edu.tw",
				"場館停車場類型": ""
			}
		},
		{
			"type": "Feature",
			"geometry": {
				"type": "Point",
				"coordinates": [121.5457787, 25.02053343]
			},
			"properties": {
				"場館編號": 14297,
				"場館名稱": "臺北市大安運動中心",
				"所在地址": "臺北市大安區辛亥路三段55號",
				"場館連絡電話": "02-23770300",
				"場館官方網站": "https://www.daansports.com.tw/zh_TW/index",
				"場館停車場類型": "一般及無障礙停車場"
			}
		},
		{
			"type": "Feature",
			"geometry": {
				"type": "Point",
				"coordinates": [121.3696146, 25.06757283]
			},
			"properties": {
				"場館編號": 14302,
				"場館名稱": "崇林國中田徑場",
				"所在地址": "新北市林口區文化一路一段20號",
				"場館連絡電話": "02-26095829#134",
				"場館官方網站": "http://www.ttcjhs.ntpc.edu.tw",
				"場館停車場類型": "無停車場"
			}
		},
		{
			"type": "Feature",
			"geometry": {
				"type": "Point",
				"coordinates": [121.3695261, 25.06756554]
			},
			"properties": {
				"場館編號": 14308,
				"場館名稱": "崇林國中籃球場-前",
				"所在地址": "新北市林口區文化一路一段20號",
				"場館連絡電話": "02-26095829#134",
				"場館官方網站": "http://www.ttcjhs.ntpc.edu.tw",
				"場館停車場類型": "無停車場"
			}
		},
		{
			"type": "Feature",
			"geometry": {
				"type": "Point",
				"coordinates": [121.3695019, 25.06754853]
			},
			"properties": {
				"場館編號": 14312,
				"場館名稱": "崇林國中排球場(館)",
				"所在地址": "新北市林口區文化一路一段20號",
				"場館連絡電話": "02-26095829#134",
				"場館官方網站": "http://www.ttcjhs.ntpc.edu.tw",
				"場館停車場類型": "無停車場"
			}
		},
		{
			"type": "Feature",
			"geometry": {
				"type": "Point",
				"coordinates": [121.3695395, 25.06745621]
			},
			"properties": {
				"場館編號": 14318,
				"場館名稱": "崇林國中籃球場-後",
				"所在地址": "新北市林口區文化一路一段20號",
				"場館連絡電話": "02-26095829",
				"場館官方網站": "http://www.ttcjhs.ntpc.edu.tw",
				"場館停車場類型": "無停車場"
			}
		},
		{
			"type": "Feature",
			"geometry": {
				"type": "Point",
				"coordinates": [121.7633736, 25.09992069]
			},
			"properties": {
				"場館編號": 14331,
				"場館名稱": "吉慶國小籃球場",
				"所在地址": "新北市瑞芳區吉安里大埔路95號",
				"場館連絡電話": "02-24576405#621",
				"場館官方網站": "http://163.20.53.66/",
				"場館停車場類型": ""
			}
		},
		{
			"type": "Feature",
			"geometry": {
				"type": "Point",
				"coordinates": [121.4255936, 24.99772471]
			},
			"properties": {
				"場館編號": 14382,
				"場館名稱": "排球場館",
				"所在地址": "新北市樹林區潭底里千歲街59號",
				"場館連絡電話": "02-26812625#833",
				"場館官方網站": "http://www.twles.ntpc.edu.tw",
				"場館停車場類型": ""
			}
		},
		{
			"type": "Feature",
			"geometry": {
				"type": "Point",
				"coordinates": [121.4254877, 24.99783168]
			},
			"properties": {
				"場館編號": 14383,
				"場館名稱": "田徑場",
				"所在地址": "新北市樹林區潭底里千歲街59號",
				"場館連絡電話": "02-6812625#841",
				"場館官方網站": "http://www.twles.ntpc.edu.tw/default_page.asp",
				"場館停車場類型": "一般及無障礙停車場"
			}
		},
		{
			"type": "Feature",
			"geometry": {
				"type": "Point",
				"coordinates": [121.4996561, 25.02144608]
			},
			"properties": {
				"場館編號": 14403,
				"場館名稱": "光仁小學B2活動中心",
				"所在地址": "臺北市萬華區壽德里萬大路423巷15號",
				"場館連絡電話": "07-23032874#834",
				"場館官方網站": "http://www.kjes.tp.edu.tw",
				"場館停車場類型": ""
			}
		},
		{
			"type": "Feature",
			"geometry": {
				"type": "Point",
				"coordinates": [121.5452027, 24.98074334]
			},
			"properties": {
				"場館編號": 14432,
				"場館名稱": "南強工商籃球場",
				"所在地址": "新北市新店區文化路42號",
				"場館連絡電話": "02-29155144",
				"場館官方網站": "http://www.ncvs.ntpc.edu.tw",
				"場館停車場類型": "一般及無障礙停車場"
			}
		},
		{
			"type": "Feature",
			"geometry": {
				"type": "Point",
				"coordinates": [121.5322745, 24.98560582]
			},
			"properties": {
				"場館編號": 14500,
				"場館名稱": "莊敬工家籃球場",
				"所在地址": "新北市新店區民生路45號",
				"場館連絡電話": "02-22188956#229",
				"場館官方網站": "http://www.jjvs.ntpc.edu.tw",
				"場館停車場類型": "一般及無障礙停車場"
			}
		},
		{
			"type": "Feature",
			"geometry": {
				"type": "Point",
				"coordinates": [121.5288359, 24.83909781]
			},
			"properties": {
				"場館編號": 14590,
				"場館名稱": "信賢種籽親子實小籃球場",
				"所在地址": "新北市烏來區信賢里娃娃谷41號",
				"場館連絡電話": "(02)26616572",
				"場館官方網站": "http://www.seedling.tw",
				"場館停車場類型": "無停車場"
			}
		},
		{
			"type": "Feature",
			"geometry": {
				"type": "Point",
				"coordinates": [121.5752006, 25.07829161]
			},
			"properties": {
				"場館編號": 14619,
				"場館名稱": "臺北市內湖運動中心",
				"所在地址": "臺北市內湖區洲子街12號",
				"場館連絡電話": "02-26562869",
				"場館官方網站": "https://nhsc.cyc.org.tw/",
				"場館停車場類型": "一般及無障礙停車場"
			}
		},
		{
			"type": "Feature",
			"geometry": {
				"type": "Point",
				"coordinates": [121.4012895, 25.13975466]
			},
			"properties": {
				"場館編號": 14638,
				"場館名稱": "八里國中活動中心",
				"所在地址": "新北市八里區荖阡坑路15號",
				"場館連絡電話": "02-26102016#301",
				"場館官方網站": "http://www.pljhs.ntpc.edu.tw",
				"場館停車場類型": "一般及無障礙停車場"
			}
		},
		{
			"type": "Feature",
			"geometry": {
				"type": "Point",
				"coordinates": [121.4012969, 25.13911242]
			},
			"properties": {
				"場館編號": 14639,
				"場館名稱": "八里國中田徑場",
				"所在地址": "新北市八里區荖阡坑路15號",
				"場館連絡電話": "02-26102016",
				"場館官方網站": "http://www.pljhs.ntpc.edu.tw",
				"場館停車場類型": "一般及無障礙停車場"
			}
		},
		{
			"type": "Feature",
			"geometry": {
				"type": "Point",
				"coordinates": [121.4010608, 25.13932124]
			},
			"properties": {
				"場館編號": 14640,
				"場館名稱": "八里國中籃球場",
				"所在地址": "新北市八里區荖阡里荖阡坑路15號",
				"場館連絡電話": "02-26102016#301",
				"場館官方網站": "http://www.pljhs.ntpc.edu.tw",
				"場館停車場類型": "一般及無障礙停車場"
			}
		},
		{
			"type": "Feature",
			"geometry": {
				"type": "Point",
				"coordinates": [121.5382493, 25.02373388]
			},
			"properties": {
				"場館編號": 14656,
				"場館名稱": "龍門國中體育館(游泳池)",
				"所在地址": "臺北市大安區建國南路二段269號9號",
				"場館連絡電話": "02-27390722",
				"場館官方網站": "http://www.lmjh.tp.edu.tw",
				"場館停車場類型": ""
			}
		},
		{
			"type": "Feature",
			"geometry": {
				"type": "Point",
				"coordinates": [121.5153658, 25.03619093]
			},
			"properties": {
				"場館編號": 14663,
				"場館名稱": "臺北市立大學附設實驗國民小學活動中心",
				"所在地址": "臺北市中正區黎明里公園路29號",
				"場館連絡電話": "02-23110395#823",
				"場館官方網站": "http://new.estmue.tp.edu.tw/index.php",
				"場館停車場類型": "一般及無障礙停車場"
			}
		},
		{
			"type": "Feature",
			"geometry": {
				"type": "Point",
				"coordinates": [121.515795, 25.03590174]
			},
			"properties": {
				"場館編號": 14678,
				"場館名稱": "臺北市立大學附設實驗國民小學田徑場",
				"所在地址": "臺北市中正區黎明里公園路29號",
				"場館連絡電話": "02-23110395#823",
				"場館官方網站": "http://new.estmue.tp.edu.tw/index.php",
				"場館停車場類型": "一般及無障礙停車場"
			}
		},
		{
			"type": "Feature",
			"geometry": {
				"type": "Point",
				"coordinates": [121.5672398, 24.98753617]
			},
			"properties": {
				"場館編號": 14680,
				"場館名稱": "木柵國中籃球場",
				"所在地址": "臺北市文山區木柵路3段102巷12號",
				"場館連絡電話": "02-29393031",
				"場館官方網站": "http://www.mcjhs.tp.edu.tw",
				"場館停車場類型": "無停車場"
			}
		},
		{
			"type": "Feature",
			"geometry": {
				"type": "Point",
				"coordinates": [121.5162188, 25.03647041]
			},
			"properties": {
				"場館編號": 14686,
				"場館名稱": "臺北市立大學附設實驗國民小學游泳池(館)",
				"所在地址": "臺北市中正區黎明里公園路29號",
				"場館連絡電話": "02-23110395",
				"場館官方網站": "http://new.estmue.tp.edu.tw/index.php",
				"場館停車場類型": "一般及無障礙停車場"
			}
		},
		{
			"type": "Feature",
			"geometry": {
				"type": "Point",
				"coordinates": [121.588971, 25.04466958]
			},
			"properties": {
				"場館編號": 14689,
				"場館名稱": "修德國小操場",
				"所在地址": "臺北市南港區東新街118巷86號",
				"場館連絡電話": "02-27880500",
				"場館官方網站": "http://www.sdps.tp.edu.tw",
				"場館停車場類型": "無停車場"
			}
		},
		{
			"type": "Feature",
			"geometry": {
				"type": "Point",
				"coordinates": [121.6195895, 25.0541531]
			},
			"properties": {
				"場館編號": 14691,
				"場館名稱": "誠正國中活動中心",
				"所在地址": "臺北市南港區新富里富康街1巷24號",
				"場館連絡電話": "02-27828094#1314",
				"場館官方網站": "http://163.21.132.5",
				"場館停車場類型": ""
			}
		},
		{
			"type": "Feature",
			"geometry": {
				"type": "Point",
				"coordinates": [121.5894002, 25.04481538]
			},
			"properties": {
				"場館編號": 14693,
				"場館名稱": "修德國小排球場",
				"所在地址": "臺北市南港區東新街118巷86號",
				"場館連絡電話": "02-27880500",
				"場館官方網站": "http://www.sdps.tp.edu.tw",
				"場館停車場類型": "無停車場"
			}
		},
		{
			"type": "Feature",
			"geometry": {
				"type": "Point",
				"coordinates": [121.5889817, 25.04529652]
			},
			"properties": {
				"場館編號": 14695,
				"場館名稱": "修德國小綜合球場",
				"所在地址": "臺北市南港區東新街118巷86號",
				"場館連絡電話": "02-27880500",
				"場館官方網站": "http://www.sdps.tp.edu.tw",
				"場館停車場類型": "無停車場"
			}
		},
		{
			"type": "Feature",
			"geometry": {
				"type": "Point",
				"coordinates": [121.5198398, 25.03810348]
			},
			"properties": {
				"場館編號": 14716,
				"場館名稱": "東門國小活動中心",
				"所在地址": "臺北市中正區東門里仁愛路一段2-4號",
				"場館連絡電話": "02-23412822#27",
				"場館官方網站": "http://www.tmps.tp.edu.tw",
				"場館停車場類型": "無停車場"
			}
		},
		{
			"type": "Feature",
			"geometry": {
				"type": "Point",
				"coordinates": [121.5205693, 25.03819096]
			},
			"properties": {
				"場館編號": 14719,
				"場館名稱": "東門國小操場",
				"所在地址": "臺北市中正區東門里仁愛路一段2-4號",
				"場館連絡電話": "02-23412822#27",
				"場館官方網站": "http://www.tmps.tp.edu.tw",
				"場館停車場類型": "無停車場"
			}
		},
		{
			"type": "Feature",
			"geometry": {
				"type": "Point",
				"coordinates": [121.5603304, 25.08640539]
			},
			"properties": {
				"場館編號": 14720,
				"場館名稱": "文湖國小田徑場",
				"所在地址": "臺北市內湖區西康里文湖街15號",
				"場館連絡電話": "02-26583515#1054",
				"場館官方網站": "http://www.whups.tp.edu.tw",
				"場館停車場類型": "無停車場"
			}
		},
		{
			"type": "Feature",
			"geometry": {
				"type": "Point",
				"coordinates": [121.5679157, 25.02882967]
			},
			"properties": {
				"場館編號": 14754,
				"場館名稱": "信義國中活動中心",
				"所在地址": "臺北市信義區松仁路158巷1號",
				"場館連絡電話": "02-27236771",
				"場館官方網站": "http://www.syijh.tp.edu.tw",
				"場館停車場類型": "無停車場"
			}
		},
		{
			"type": "Feature",
			"geometry": {
				"type": "Point",
				"coordinates": [121.5667328, 25.02897306]
			},
			"properties": {
				"場館編號": 14755,
				"場館名稱": "信義國中游泳池(館)",
				"所在地址": "臺北市11058信義區松仁路158巷1號",
				"場館連絡電話": "02-27236771",
				"場館官方網站": "http://www.syijh.tp.edu.tw",
				"場館停車場類型": "無停車場"
			}
		},
		{
			"type": "Feature",
			"geometry": {
				"type": "Point",
				"coordinates": [121.4912498, 25.03419725]
			},
			"properties": {
				"場館編號": 14770,
				"場館名稱": "華江國小活動中心",
				"所在地址": "臺北市萬華區環河南路2段250巷42弄2號",
				"場館連絡電話": "02-23064352#134",
				"場館官方網站": "http://web.hces.tp.edu.tw/front/bin/home.phtml",
				"場館停車場類型": "無停車場"
			}
		},
		{
			"type": "Feature",
			"geometry": {
				"type": "Point",
				"coordinates": [121.49169, 25.02773504]
			},
			"properties": {
				"場館編號": 14771,
				"場館名稱": "雙園國中附設伊藤萬游泳學校",
				"所在地址": "臺北市萬華區興義街2號",
				"場館連絡電話": "02-23030827",
				"場館官方網站": "http://www.syjhs.tp.edu.tw/",
				"場館停車場類型": "一般及無障礙停車場"
			}
		},
		{
			"type": "Feature",
			"geometry": {
				"type": "Point",
				"coordinates": [121.5630877, 25.03123081]
			},
			"properties": {
				"場館編號": 14772,
				"場館名稱": "信義國小活動中心",
				"所在地址": "臺北市信義區松勤街60號",
				"場館連絡電話": "02-27204005",
				"場館官方網站": "http://www.syes.tp.edu.tw",
				"場館停車場類型": ""
			}
		},
		{
			"type": "Feature",
			"geometry": {
				"type": "Point",
				"coordinates": [121.578505, 25.03216404]
			},
			"properties": {
				"場館編號": 14776,
				"場館名稱": "永春高中田徑場",
				"所在地址": "臺北市信義區松隆里松山路654號",
				"場館連絡電話": "02-27272983#307",
				"場館官方網站": "http://www.ycsh.tp.edu.tw",
				"場館停車場類型": "無停車場"
			}
		},
		{
			"type": "Feature",
			"geometry": {
				"type": "Point",
				"coordinates": [121.5673041, 24.98744865]
			},
			"properties": {
				"場館編號": 14777,
				"場館名稱": "木柵國中田徑場",
				"所在地址": "臺北市文山區木柵路3段102巷12號",
				"場館連絡電話": "02-29393031",
				"場館官方網站": "http://www.mcjhs.tp.edu.tw",
				"場館停車場類型": "無停車場"
			}
		},
		{
			"type": "Feature",
			"geometry": {
				"type": "Point",
				"coordinates": [121.4913225, 25.02742492]
			},
			"properties": {
				"場館編號": 14778,
				"場館名稱": "雙園國中體育館",
				"所在地址": "臺北市萬華區和德里興義街2號",
				"場館連絡電話": "02-23037605#137",
				"場館官方網站": "http://www.syjhs.tp.edu.tw",
				"場館停車場類型": "一般及無障礙停車場"
			}
		},
		{
			"type": "Feature",
			"geometry": {
				"type": "Point",
				"coordinates": [121.5783334, 25.03403388]
			},
			"properties": {
				"場館編號": 14783,
				"場館名稱": "永春高中活動中心",
				"所在地址": "臺北市信義區松隆里松山路654號",
				"場館連絡電話": "02-27272983",
				"場館官方網站": "http://www.ycsh.tp.edu.tw",
				"場館停車場類型": "無停車場"
			}
		},
		{
			"type": "Feature",
			"geometry": {
				"type": "Point",
				"coordinates": [121.5389371, 24.99829599]
			},
			"properties": {
				"場館編號": 14784,
				"場館名稱": "志清國小籃球場",
				"所在地址": "臺北市文山區景仁里景福街21巷5號",
				"場館連絡電話": "02-29323875#33",
				"場館官方網站": "http://www.jcps.tp.edu.tw",
				"場館停車場類型": "無停車場"
			}
		},
		{
			"type": "Feature",
			"geometry": {
				"type": "Point",
				"coordinates": [121.4914513, 25.02742978]
			},
			"properties": {
				"場館編號": 14786,
				"場館名稱": "雙園國中田徑場",
				"所在地址": "臺北市萬華區和德里興義街2號",
				"場館連絡電話": "02-23037605#137",
				"場館官方網站": "http://www.syjhs.tp.edu.tw",
				"場館停車場類型": "一般及無障礙停車場"
			}
		},
		{
			"type": "Feature",
			"geometry": {
				"type": "Point",
				"coordinates": [121.5055704, 25.13816543]
			},
			"properties": {
				"場館編號": 14797,
				"場館名稱": "逸仙國小網球場、籃球場、躲避球場、樂樂棒球場",
				"所在地址": "臺北市北投區中心里新民路2號",
				"場館連絡電話": "02-28914537",
				"場館官方網站": "http://www.ysps.tp.edu.tw",
				"場館停車場類型": "無停車場"
			}
		},
		{
			"type": "Feature",
			"geometry": {
				"type": "Point",
				"coordinates": [121.5630609, 25.03143496]
			},
			"properties": {
				"場館編號": 14798,
				"場館名稱": "信義國小游泳池(館)",
				"所在地址": "臺北市信義區松勤街60號",
				"場館連絡電話": "02-27204005",
				"場館官方網站": "http://www.syes.tp.edu.tw",
				"場館停車場類型": "一般及無障礙停車場"
			}
		},
		{
			"type": "Feature",
			"geometry": {
				"type": "Point",
				"coordinates": [121.4986342, 25.02278284]
			},
			"properties": {
				"場館編號": 14807,
				"場館名稱": "東園國小籃球場",
				"所在地址": "臺北市萬華區全德里東園街195號",
				"場館連絡電話": "02-23034803#1305",
				"場館官方網站": "http://www.tyes.tp.edu.tw",
				"場館停車場類型": ""
			}
		},
		{
			"type": "Feature",
			"geometry": {
				"type": "Point",
				"coordinates": [121.5672934, 25.05995346]
			},
			"properties": {
				"場館編號": 14811,
				"場館名稱": "民生國中活動中心",
				"所在地址": "臺北市松山區新東里新東街30巷1號",
				"場館連絡電話": "02-27653433",
				"場館官方網站": "http://newweb.msjh.tp.edu.tw/",
				"場館停車場類型": "無停車場"
			}
		},
		{
			"type": "Feature",
			"geometry": {
				"type": "Point",
				"coordinates": [121.5058815, 25.13770408]
			},
			"properties": {
				"場館編號": 14812,
				"場館名稱": "逸仙國小操場",
				"所在地址": "臺北市北投區中心里新民路2號",
				"場館連絡電話": "02-28914537",
				"場館官方網站": "http://www.ysps.tp.edu.tw",
				"場館停車場類型": "無停車場"
			}
		},
		{
			"type": "Feature",
			"geometry": {
				"type": "Point",
				"coordinates": [121.5320164, 25.11044758]
			},
			"properties": {
				"場館編號": 14814,
				"場館名稱": "蘭雅國中活動中心",
				"所在地址": "臺北市士林區三玉里忠誠路2段51號",
				"場館連絡電話": "02-28329377#230",
				"場館官方網站": "http://163.21.26.20/enable01/",
				"場館停車場類型": "一般及無障礙停車場"
			}
		},
		{
			"type": "Feature",
			"geometry": {
				"type": "Point",
				"coordinates": [121.5596974, 25.00609906]
			},
			"properties": {
				"場館編號": 14818,
				"場館名稱": "辛亥國小環形/直線慢跑道(非田徑場型)",
				"所在地址": "臺北市文山區興昌里辛亥路4段103號",
				"場館連絡電話": "02-29357282#133",
				"場館官方網站": "http://www.saes.tp.edu.tw",
				"場館停車場類型": "無停車場"
			}
		},
		{
			"type": "Feature",
			"geometry": {
				"type": "Point",
				"coordinates": [121.4985967, 25.02317171]
			},
			"properties": {
				"場館編號": 14819,
				"場館名稱": "東園國小田徑場",
				"所在地址": "臺北市萬華區全德里東園街195號",
				"場館連絡電話": "02-23034803#1305",
				"場館官方網站": "http://www.tyes.tp.edu.tw",
				"場館停車場類型": ""
			}
		},
		{
			"type": "Feature",
			"geometry": {
				"type": "Point",
				"coordinates": [121.4985538, 25.02313283]
			},
			"properties": {
				"場館編號": 14822,
				"場館名稱": "東園國小躲避球場",
				"所在地址": "臺北市萬華區全德里東園街195號",
				"場館連絡電話": "02-23034803#1305",
				"場館官方網站": "http://www.tyes.tp.edu.tw",
				"場館停車場類型": ""
			}
		},
		{
			"type": "Feature",
			"geometry": {
				"type": "Point",
				"coordinates": [121.5554943, 24.98905586]
			},
			"properties": {
				"場館編號": 14844,
				"場館名稱": "永建國小游泳池",
				"所在地址": "臺北市文山區木柵路一段311巷1號",
				"場館連絡電話": "02-29377199#130",
				"場館官方網站": "http://www.yjps.tp.edu.tw",
				"場館停車場類型": "一般及無障礙停車場"
			}
		},
		{
			"type": "Feature",
			"geometry": {
				"type": "Point",
				"coordinates": [121.5166432, 25.09356888]
			},
			"properties": {
				"場館編號": 14875,
				"場館名稱": "陽明高中漾泉館",
				"所在地址": "臺北市士林區後港里中正路510號",
				"場館連絡電話": "02-28316675#195",
				"場館官方網站": "http://www.ymsh.tp.edu.tw",
				"場館停車場類型": "無停車場"
			}
		},
		{
			"type": "Feature",
			"geometry": {
				"type": "Point",
				"coordinates": [121.5162443, 25.0923586]
			},
			"properties": {
				"場館編號": 14877,
				"場館名稱": "陽明高中田徑場",
				"所在地址": "臺北市士林區後港里中正路510號",
				"場館連絡電話": "02-28316675#195",
				"場館官方網站": "http://www.ymsh.tp.edu.tw",
				"場館停車場類型": "無停車場"
			}
		},
		{
			"type": "Feature",
			"geometry": {
				"type": "Point",
				"coordinates": [121.5167163, 25.09314258]
			},
			"properties": {
				"場館編號": 14881,
				"場館名稱": "陽明高中台元館",
				"所在地址": "臺北市士林區後港里中正路510號",
				"場館連絡電話": "02-28316675#195",
				"場館官方網站": "http://www.ymsh.tp.edu.tw",
				"場館停車場類型": "無停車場"
			}
		},
		{
			"type": "Feature",
			"geometry": {
				"type": "Point",
				"coordinates": [121.5166231, 25.09217763]
			},
			"properties": {
				"場館編號": 14882,
				"場館名稱": "陽明高中新大樓體育館",
				"所在地址": "臺北市士林區後港里中正路510號",
				"場館連絡電話": "02-28316675#195",
				"場館官方網站": "http://www.ymsh.tp.edu.tw",
				"場館停車場類型": ""
			}
		},
		{
			"type": "Feature",
			"geometry": {
				"type": "Point",
				"coordinates": [121.5142071, 25.0637632]
			},
			"properties": {
				"場館編號": 14886,
				"場館名稱": "民權國中排球場(館)",
				"所在地址": "臺北市大同區重慶北路三段1號",
				"場館連絡電話": "02-25931951#123",
				"場館官方網站": "http://www.mqjh.tp.edu.tw",
				"場館停車場類型": ""
			}
		},
		{
			"type": "Feature",
			"geometry": {
				"type": "Point",
				"coordinates": [121.5631843, 25.05658097]
			},
			"properties": {
				"場館編號": 14894,
				"場館名稱": "健康國小活動中心",
				"所在地址": "臺北市松山區延壽街168號",
				"場館連絡電話": "02-25282814#132",
				"場館官方網站": "http://www.jkes.nss.tp.edu.tw/nss/p/index",
				"場館停車場類型": ""
			}
		},
		{
			"type": "Feature",
			"geometry": {
				"type": "Point",
				"coordinates": [121.5629697, 25.05276128]
			},
			"properties": {
				"場館編號": 14897,
				"場館名稱": "西松國小操場附設籃球場、手球場、滾球場",
				"所在地址": "臺北市松山區東光里三民路5號",
				"場館連絡電話": "02-27609221#330",
				"場館官方網站": "http://www.sups.tp.edu.tw",
				"場館停車場類型": "無停車場"
			}
		},
		{
			"type": "Feature",
			"geometry": {
				"type": "Point",
				"coordinates": [121.4928085, 25.0318238]
			},
			"properties": {
				"場館編號": 14921,
				"場館名稱": "大理國小活動中心",
				"所在地址": "臺北市萬華區綠堤里艋舺大道389號",
				"場館連絡電話": "02-23064311#1400",
				"場館官方網站": "http://www.tlps.tp.edu.tw",
				"場館停車場類型": "無停車場"
			}
		},
		{
			"type": "Feature",
			"geometry": {
				"type": "Point",
				"coordinates": [121.5126675, 25.11472652]
			},
			"properties": {
				"場館編號": 14926,
				"場館名稱": "石牌國小田徑場",
				"所在地址": "臺北市北投區吉利里致遠二路80號",
				"場館連絡電話": "02-28227484#332",
				"場館官方網站": "http://web.spps.tp.edu.tw",
				"場館停車場類型": "無停車場"
			}
		},
		{
			"type": "Feature",
			"geometry": {
				"type": "Point",
				"coordinates": [121.512233, 25.11626627]
			},
			"properties": {
				"場館編號": 14930,
				"場館名稱": "石牌國小活動中心",
				"所在地址": "臺北市北投區吉利里致遠二路80號",
				"場館連絡電話": "02-28227484#225",
				"場館官方網站": "http://web.spps.tp.edu.tw",
				"場館停車場類型": "無停車場"
			}
		},
		{
			"type": "Feature",
			"geometry": {
				"type": "Point",
				"coordinates": [121.5122357, 25.11648727]
			},
			"properties": {
				"場館編號": 14931,
				"場館名稱": "石牌國小游泳池",
				"所在地址": "臺北市北投區吉利里致遠二路80號",
				"場館連絡電話": "02-28227484#332",
				"場館官方網站": "http://web.spps.tp.edu.tw",
				"場館停車場類型": "無停車場"
			}
		},
		{
			"type": "Feature",
			"geometry": {
				"type": "Point",
				"coordinates": [121.5354851, 25.10300053]
			},
			"properties": {
				"場館編號": 14934,
				"場館名稱": "雨聲國小籃球場",
				"所在地址": "臺北市士林區岩山里至誠路1段62巷70號",
				"場館連絡電話": "02-28311004#232",
				"場館官方網站": "http://www.yses.tp.edu.tw",
				"場館停車場類型": ""
			}
		},
		{
			"type": "Feature",
			"geometry": {
				"type": "Point",
				"coordinates": [121.5372849, 25.10448698]
			},
			"properties": {
				"場館編號": 14936,
				"場館名稱": "雨聲國小操場",
				"所在地址": "臺北市士林區岩山里至誠路1段62巷70號",
				"場館連絡電話": "02-28311004#232",
				"場館官方網站": "http://www.yses.tp.edu.tw",
				"場館停車場類型": ""
			}
		},
		{
			"type": "Feature",
			"geometry": {
				"type": "Point",
				"coordinates": [121.5632915, 25.03152245]
			},
			"properties": {
				"場館編號": 14951,
				"場館名稱": "信義國小田徑場",
				"所在地址": "臺北市信義區松勤街60號",
				"場館連絡電話": "02-27204005",
				"場館官方網站": "http://www.syes.tp.edu.tw",
				"場館停車場類型": "一般及無障礙停車場"
			}
		},
		{
			"type": "Feature",
			"geometry": {
				"type": "Point",
				"coordinates": [121.5344771, 25.03685084]
			},
			"properties": {
				"場館編號": 14952,
				"場館名稱": "幸安國小活動中心",
				"所在地址": "臺北市大安區民炤里仁愛路3段22號",
				"場館連絡電話": "02-27074191",
				"場館官方網站": "http://www.haps.tp.edu.tw",
				"場館停車場類型": "無停車場"
			}
		},
		{
			"type": "Feature",
			"geometry": {
				"type": "Point",
				"coordinates": [121.5677226, 25.02515494]
			},
			"properties": {
				"場館編號": 14959,
				"場館名稱": "吳興國小三樓活動中心綜合球場",
				"所在地址": "臺北市信義區松仁路226號",
				"場館連絡電話": "02-27200226#35",
				"場館官方網站": "https://www.wsps.tp.edu.tw/Default.aspx",
				"場館停車場類型": "無停車場"
			}
		},
		{
			"type": "Feature",
			"geometry": {
				"type": "Point",
				"coordinates": [121.5065789, 25.12592201]
			},
			"properties": {
				"場館編號": 14968,
				"場館名稱": "清江國小綜合活動中心",
				"所在地址": "臺北市北投區公館路220號",
				"場館連絡電話": "02-28912764#204",
				"場館官方網站": "http://www.cjps.tp.edu.tw",
				"場館停車場類型": ""
			}
		},
		{
			"type": "Feature",
			"geometry": {
				"type": "Point",
				"coordinates": [121.5673605, 25.02507352]
			},
			"properties": {
				"場館編號": 14970,
				"場館名稱": "吳興國小游泳池",
				"所在地址": "臺北市信義區松仁路226號",
				"場館連絡電話": "02-27200226#35",
				"場館官方網站": "https://www.wsps.tp.edu.tw/Default.aspx",
				"場館停車場類型": "無停車場"
			}
		},
		{
			"type": "Feature",
			"geometry": {
				"type": "Point",
				"coordinates": [121.5790314, 25.04330329]
			},
			"properties": {
				"場館編號": 14976,
				"場館名稱": "永吉國小運動場",
				"所在地址": "臺北市信義區永春里松山路287巷5號",
				"場館連絡電話": "02-87858111#640",
				"場館官方網站": "http://www.yhps.tp.edu.tw",
				"場館停車場類型": "無停車場"
			}
		},
		{
			"type": "Feature",
			"geometry": {
				"type": "Point",
				"coordinates": [121.566081, 25.08557946]
			},
			"properties": {
				"場館編號": 14977,
				"場館名稱": "西湖國中活動中心",
				"所在地址": "臺北市內湖區西湖里環山路1段27號",
				"場館連絡電話": "02-27991817#215",
				"場館官方網站": "http://www.xhjhs.tp.edu.tw",
				"場館停車場類型": "無停車場"
			}
		},
		{
			"type": "Feature",
			"geometry": {
				"type": "Point",
				"coordinates": [121.5736378, 25.04878618]
			},
			"properties": {
				"場館編號": 14981,
				"場館名稱": "永吉國中活動中心",
				"所在地址": "臺北市信義區四育里8鄰松隆路161號",
				"場館連絡電話": "02-27649066",
				"場館官方網站": "http://www.yjjh.tp.edu.tw",
				"場館停車場類型": "無停車場"
			}
		},
		{
			"type": "Feature",
			"geometry": {
				"type": "Point",
				"coordinates": [121.5038431, 25.04242907]
			},
			"properties": {
				"場館編號": 14982,
				"場館名稱": "西門國小親水游泳池",
				"所在地址": "臺北市萬華區西門里成都路98號",
				"場館連絡電話": "02-23113519#1124",
				"場館官方網站": "http://core.hmes.tp.edu.tw/",
				"場館停車場類型": ""
			}
		},
		{
			"type": "Feature",
			"geometry": {
				"type": "Point",
				"coordinates": [121.5673336, 25.02539069]
			},
			"properties": {
				"場館編號": 14983,
				"場館名稱": "吳興國小田徑場",
				"所在地址": "臺北市信義區松仁路226號",
				"場館連絡電話": "02-27200226#35",
				"場館官方網站": "https://www.wsps.tp.edu.tw/Default.aspx",
				"場館停車場類型": "無停車場"
			}
		},
		{
			"type": "Feature",
			"geometry": {
				"type": "Point",
				"coordinates": [121.4965045, 25.13716017]
			},
			"properties": {
				"場館編號": 14989,
				"場館名稱": "文化國小操場",
				"所在地址": "臺北市北投區文化里文化三路1號",
				"場館連絡電話": "02-28933828#122",
				"場館官方網站": "http://www.whps.tp.edu.tw",
				"場館停車場類型": "無停車場"
			}
		},
		{
			"type": "Feature",
			"geometry": {
				"type": "Point",
				"coordinates": [121.5129411, 25.03790907]
			},
			"properties": {
				"場館編號": 14991,
				"場館名稱": "北一女中活動中心",
				"所在地址": "臺北市中正區黎明里重慶南路1段165號",
				"場館連絡電話": "02-23820484#530",
				"場館官方網站": "http://www.fg.tp.edu.tw",
				"場館停車場類型": "無停車場"
			}
		},
		{
			"type": "Feature",
			"geometry": {
				"type": "Point",
				"coordinates": [121.5034568, 25.04279358]
			},
			"properties": {
				"場館編號": 15001,
				"場館名稱": "西門國小操場",
				"所在地址": "臺北市萬華區西門里成都路98號",
				"場館連絡電話": "02-23113519",
				"場館官方網站": "http://www.hmes.tp.edu.tw",
				"場館停車場類型": ""
			}
		},
		{
			"type": "Feature",
			"geometry": {
				"type": "Point",
				"coordinates": [121.5792743, 25.05080474]
			},
			"properties": {
				"場館編號": 15007,
				"場館名稱": "松山國小活動中心",
				"所在地址": "臺北市松山區八德路四段746號",
				"場館連絡電話": "02-27672907#623",
				"場館官方網站": "http://web.ssps.tp.edu.tw",
				"場館停車場類型": "無停車場"
			}
		},
		{
			"type": "Feature",
			"geometry": {
				"type": "Point",
				"coordinates": [121.5778597, 25.0507576]
			},
			"properties": {
				"場館編號": 15011,
				"場館名稱": "臺北市松山區松山國民小學",
				"所在地址": "臺北市松山區八德路4段746號",
				"場館連絡電話": "02-25286575",
				"場館官方網站": "http://w3.ssps.tp.edu.tw/",
				"場館停車場類型": "無停車場"
			}
		},
		{
			"type": "Feature",
			"geometry": {
				"type": "Point",
				"coordinates": [121.5543598, 25.04993775]
			},
			"properties": {
				"場館編號": 15012,
				"場館名稱": "育達高職體育館",
				"所在地址": "臺北市松山區美仁里寧安街12號",
				"場館連絡電話": "02-25706767#306",
				"場館官方網站": "http://www.yudah.tp.edu.tw",
				"場館停車場類型": ""
			}
		},
		{
			"type": "Feature",
			"geometry": {
				"type": "Point",
				"coordinates": [121.5591207, 24.99921488]
			},
			"properties": {
				"場館編號": 15013,
				"場館名稱": "興華國小運動場",
				"所在地址": "臺北市文山區興光里興隆路3段125巷6號",
				"場館連絡電話": "02-22393070",
				"場館官方網站": "http://www.hhps.tp.edu.tw",
				"場館停車場類型": "無停車場"
			}
		},
		{
			"type": "Feature",
			"geometry": {
				"type": "Point",
				"coordinates": [121.4079005, 24.93229283]
			},
			"properties": {
				"場館編號": 15015,
				"場館名稱": "辭修高中操場",
				"所在地址": "新北市三峽區溪東路251號",
				"場館連絡電話": "02-86761277#303",
				"場館官方網站": "http://www.tsshs.ntpc.edu.tw",
				"場館停車場類型": "無停車場"
			}
		},
		{
			"type": "Feature",
			"geometry": {
				"type": "Point",
				"coordinates": [121.5608025, 25.07737817]
			},
			"properties": {
				"場館編號": 15017,
				"場館名稱": "濱江國小禮堂",
				"所在地址": "臺北市中山區樂群二路266巷99號",
				"場館連絡電話": "02-85021571#1303",
				"場館官方網站": "http://www.bjes.tp.edu.tw",
				"場館停車場類型": "無停車場"
			}
		},
		{
			"type": "Feature",
			"geometry": {
				"type": "Point",
				"coordinates": [121.5661964, 25.08604344]
			},
			"properties": {
				"場館編號": 15024,
				"場館名稱": "西湖國中運動場",
				"所在地址": "臺北市內湖區西湖里環山路1段27號",
				"場館連絡電話": "02-27991817#215",
				"場館官方網站": "http://www.xhjhs.tp.edu.tw",
				"場館停車場類型": "無停車場"
			}
		},
		{
			"type": "Feature",
			"geometry": {
				"type": "Point",
				"coordinates": [121.5188648, 25.05188653]
			},
			"properties": {
				"場館編號": 15039,
				"場館名稱": "建成國中體育館",
				"所在地址": "臺北市大同區長安西路37之1號",
				"場館連絡電話": "02-25587042#651",
				"場館官方網站": "http://www.jcjh.tp.edu.tw",
				"場館停車場類型": "一般及無障礙停車場"
			}
		},
		{
			"type": "Feature",
			"geometry": {
				"type": "Point",
				"coordinates": [121.5501541, 25.01929509]
			},
			"properties": {
				"場館編號": 15040,
				"場館名稱": "大安國小活動中心",
				"所在地址": "臺北市大安區芳和里臥龍街129號",
				"場館連絡電話": "02-27322332#824",
				"場館官方網站": "http://www.taes.tp.edu.tw",
				"場館停車場類型": "無停車場"
			}
		},
		{
			"type": "Feature",
			"geometry": {
				"type": "Point",
				"coordinates": [121.5509534, 25.01974959]
			},
			"properties": {
				"場館編號": 15041,
				"場館名稱": "大安國小游泳池",
				"所在地址": "臺北市大安區芳和里臥龍街129號",
				"場館連絡電話": "02-27322332",
				"場館官方網站": "http://www.taes.tp.edu.tw",
				"場館停車場類型": "無停車場"
			}
		},
		{
			"type": "Feature",
			"geometry": {
				"type": "Point",
				"coordinates": [121.5448165, 25.28886132]
			},
			"properties": {
				"場館編號": 15042,
				"場館名稱": "老梅國小操場",
				"所在地址": "新北市石門區老梅里老梅路10號",
				"場館連絡電話": "02-26381258#13",
				"場館官方網站": "http://www.lmes.ntpc.edu.tw",
				"場館停車場類型": "無停車場"
			}
		},
		{
			"type": "Feature",
			"geometry": {
				"type": "Point",
				"coordinates": [121.5369201, 25.11677142]
			},
			"properties": {
				"場館編號": 15048,
				"場館名稱": "三玉國小室內綜合球場",
				"所在地址": "臺北市士林區三玉里天母東路116號",
				"場館連絡電話": "02-28751369#725",
				"場館官方網站": "http://www.syups.tp.edu.tw",
				"場館停車場類型": "無停車場"
			}
		},
		{
			"type": "Feature",
			"geometry": {
				"type": "Point",
				"coordinates": [121.6043723, 25.06207216]
			},
			"properties": {
				"場館編號": 15052,
				"場館名稱": "葫蘆洲運動公園",
				"所在地址": "臺北市內湖區安康路290號",
				"場館連絡電話": "02-27961833#352",
				"場館官方網站": "https://www.nhrip.gov.taipei/",
				"場館停車場類型": "一般及無障礙停車場"
			}
		},
		{
			"type": "Feature",
			"geometry": {
				"type": "Point",
				"coordinates": [121.5071113, 25.05093037]
			},
			"properties": {
				"場館編號": 15061,
				"場館名稱": "羽球場館",
				"所在地址": "臺北市大同區玉泉里西寧北路32號",
				"場館連絡電話": "02-25524890#78",
				"場館官方網站": "http://www.chjh.tp.edu.tw",
				"場館停車場類型": "一般及無障礙停車場"
			}
		},
		{
			"type": "Feature",
			"geometry": {
				"type": "Point",
				"coordinates": [121.5461791, 25.08046344]
			},
			"properties": {
				"場館編號": 15066,
				"場館名稱": "大直國小室外田徑場/網球場",
				"所在地址": "臺北市中山區大直里大直街2號",
				"場館連絡電話": "02-25333953#21",
				"場館官方網站": "http://www.tzes.tp.edu.tw",
				"場館停車場類型": "無停車場"
			}
		},
		{
			"type": "Feature",
			"geometry": {
				"type": "Point",
				"coordinates": [121.5588284, 25.02924768]
			},
			"properties": {
				"場館編號": 15081,
				"場館名稱": "三興國民小學活動中心",
				"所在地址": "臺北市信義區景聯里基隆路2段99號",
				"場館連絡電話": "02-27364687#123",
				"場館官方網站": "http://www.shps.tp.edu.tw",
				"場館停車場類型": "無停車場"
			}
		},
		{
			"type": "Feature",
			"geometry": {
				"type": "Point",
				"coordinates": [121.4058244, 24.93327545]
			},
			"properties": {
				"場館編號": 15091,
				"場館名稱": "成福國小操場",
				"所在地址": "新北市三峽區溪東里溪東路213號",
				"場館連絡電話": "02-86764945#19",
				"場館官方網站": "http://www.chenfu.ntpc.edu.tw",
				"場館停車場類型": "無停車場"
			}
		},
		{
			"type": "Feature",
			"geometry": {
				"type": "Point",
				"coordinates": [121.543352, 25.06352024]
			},
			"properties": {
				"場館編號": 15093,
				"場館名稱": "五常國中活動中心",
				"所在地址": "臺北市中山區下埤里復興北路430巷1號",
				"場館連絡電話": "02-25014320#207",
				"場館官方網站": "http://www.wcjhs.tp.edu.tw",
				"場館停車場類型": "一般及無障礙停車場"
			}
		},
		{
			"type": "Feature",
			"geometry": {
				"type": "Point",
				"coordinates": [121.5803754, 25.07942693]
			},
			"properties": {
				"場館編號": 15094,
				"場館名稱": "內湖國小操場",
				"所在地址": "臺北市內湖區港富里內湖路二段41號",
				"場館連絡電話": "02-27998085",
				"場館官方網站": "http://www.nhes.tp.edu.tw",
				"場館停車場類型": "無停車場"
			}
		},
		{
			"type": "Feature",
			"geometry": {
				"type": "Point",
				"coordinates": [121.5717888, 25.03630758]
			},
			"properties": {
				"場館編號": 15095,
				"場館名稱": "興雅國中活動中心",
				"所在地址": "臺北市信義區松德路168巷15號",
				"場館連絡電話": "02-27232771#330",
				"場館官方網站": "http://www.syajh.tp.edu.tw",
				"場館停車場類型": "無停車場"
			}
		},
		{
			"type": "Feature",
			"geometry": {
				"type": "Point",
				"coordinates": [121.5799141, 25.07996462]
			},
			"properties": {
				"場館編號": 15097,
				"場館名稱": "內湖國小活動中心",
				"所在地址": "臺北市內湖區港富里內湖路二段41號",
				"場館連絡電話": "02-27998085#216",
				"場館官方網站": "http://www.nhes.tp.edu.tw",
				"場館停車場類型": "無停車場"
			}
		},
		{
			"type": "Feature",
			"geometry": {
				"type": "Point",
				"coordinates": [121.5124169, 25.06663602]
			},
			"properties": {
				"場館編號": 15100,
				"場館名稱": "臺北市延平國小操場",
				"所在地址": "臺北市大同區昌吉街97號",
				"場館連絡電話": "02-25942439#622",
				"場館官方網站": "http://www.ypps.tp.edu.tw",
				"場館停車場類型": "無停車場"
			}
		},
		{
			"type": "Feature",
			"geometry": {
				"type": "Point",
				"coordinates": [121.51896, 25.08548229]
			},
			"properties": {
				"場館編號": 15106,
				"場館名稱": "百齡國小活動中心",
				"所在地址": "臺北市士林區福中里福港街205號",
				"場館連絡電話": "02-28817683#851",
				"場館官方網站": "http://www.bles.tp.edu.tw",
				"場館停車場類型": "無停車場"
			}
		},
		{
			"type": "Feature",
			"geometry": {
				"type": "Point",
				"coordinates": [121.5914333, 25.0842191]
			},
			"properties": {
				"場館編號": 15112,
				"場館名稱": "碧湖國小操場",
				"所在地址": "臺北市內湖區內湖里金龍路100號",
				"場館連絡電話": "02-27907161#133",
				"場館官方網站": "http://www.bhps.tp.edu.tw",
				"場館停車場類型": ""
			}
		},
		{
			"type": "Feature",
			"geometry": {
				"type": "Point",
				"coordinates": [121.5020245, 25.09043779]
			},
			"properties": {
				"場館編號": 15116,
				"場館名稱": "社子國小附設游泳池",
				"所在地址": "臺北市士林區永倫里延平北路六段308號",
				"場館連絡電話": "02-28126195#821",
				"場館官方網站": "http://www.stps.tp.edu.tw",
				"場館停車場類型": "一般及無障礙停車場"
			}
		},
		{
			"type": "Feature",
			"geometry": {
				"type": "Point",
				"coordinates": [121.5025073, 25.09125883]
			},
			"properties": {
				"場館編號": 15117,
				"場館名稱": "社子國小後操場",
				"所在地址": "臺北市士林區永倫里延平北路六段308號",
				"場館連絡電話": "02-28126195#821",
				"場館官方網站": "http://www.stps.tp.edu.tw",
				"場館停車場類型": "一般及無障礙停車場"
			}
		},
		{
			"type": "Feature",
			"geometry": {
				"type": "Point",
				"coordinates": [121.6191273, 25.03915122]
			},
			"properties": {
				"場館編號": 15120,
				"場館名稱": "舊莊國小後山操場",
				"所在地址": "臺北市南港區舊莊里舊莊街1段100號",
				"場館連絡電話": "02-27821418#130",
				"場館官方網站": "http://www.zzes.tp.edu.tw",
				"場館停車場類型": "無停車場"
			}
		},
		{
			"type": "Feature",
			"geometry": {
				"type": "Point",
				"coordinates": [121.5229297, 25.11193842]
			},
			"properties": {
				"場館編號": 15123,
				"場館名稱": "明德國小田徑場",
				"所在地址": "臺北市北投區榮華里明德路190號",
				"場館連絡電話": "02-28229651#1204",
				"場館官方網站": "http://www.mdes.tp.edu.tw",
				"場館停車場類型": ""
			}
		},
		{
			"type": "Feature",
			"geometry": {
				"type": "Point",
				"coordinates": [121.556688, 25.10397207]
			},
			"properties": {
				"場館編號": 15125,
				"場館名稱": "至善國中學生活動中心",
				"所在地址": "臺北市士林區臨溪里至善路2段360號",
				"場館連絡電話": "02-28411350#40",
				"場館官方網站": "http://www.jsjh.tp.edu.tw",
				"場館停車場類型": "無停車場"
			}
		},
		{
			"type": "Feature",
			"geometry": {
				"type": "Point",
				"coordinates": [121.5582275, 25.00112557]
			},
			"properties": {
				"場館編號": 15127,
				"場館名稱": "萬芳高中游泳池",
				"所在地址": "臺北市文山區興隆路3段115巷1號",
				"場館連絡電話": "02-22309585#350",
				"場館官方網站": "http://www.wfsh.tp.edu.tw",
				"場館停車場類型": "無停車場"
			}
		},
		{
			"type": "Feature",
			"geometry": {
				"type": "Point",
				"coordinates": [121.5151727, 25.02546117]
			},
			"properties": {
				"場館編號": 15129,
				"場館名稱": "螢橋國小活動中心",
				"所在地址": "臺北市中正區螢雪里詔安街29號",
				"場館連絡電話": "02-23054620",
				"場館官方網站": "http://www.yces.tp.edu.tw",
				"場館停車場類型": "無停車場"
			}
		},
		{
			"type": "Feature",
			"geometry": {
				"type": "Point",
				"coordinates": [121.5109563, 25.02464456]
			},
			"properties": {
				"場館編號": 15131,
				"場館名稱": "古亭國中體育館",
				"所在地址": "臺北市中正區中華路2段465號",
				"場館連絡電話": "02-23090986#511",
				"場館官方網站": "http://www.ktjh.tp.edu.tw",
				"場館停車場類型": "一般及無障礙停車場"
			}
		},
		{
			"type": "Feature",
			"geometry": {
				"type": "Point",
				"coordinates": [121.815269, 25.1073044]
			},
			"properties": {
				"場館編號": 15132,
				"場館名稱": "羽球場館",
				"所在地址": "新北市瑞芳區三爪子坑路1號",
				"場館連絡電話": "02-24972145#225",
				"場館官方網站": "https://www2.rfjh.ntpc.edu.tw/",
				"場館停車場類型": "無停車場"
			}
		},
		{
			"type": "Feature",
			"geometry": {
				"type": "Point",
				"coordinates": [121.5227065, 25.07954195]
			},
			"properties": {
				"場館編號": 15134,
				"場館名稱": "劍潭國小操場",
				"所在地址": "臺北市士林區明勝里通河街16號",
				"場館連絡電話": "02-28855491#823",
				"場館官方網站": "http://www.jtes.tp.edu.tw",
				"場館停車場類型": "無停車場"
			}
		},
		{
			"type": "Feature",
			"geometry": {
				"type": "Point",
				"coordinates": [121.5275002, 25.11276417]
			},
			"properties": {
				"場館編號": 15135,
				"場館名稱": "士東國小田徑場",
				"所在地址": "臺北市士林區蘭雅里中山北路6段392號",
				"場館連絡電話": "02-28710064#234",
				"場館官方網站": "http://www.stes.tp.edu.tw",
				"場館停車場類型": "無停車場"
			}
		},
		{
			"type": "Feature",
			"geometry": {
				"type": "Point",
				"coordinates": [121.5107266, 25.02484972]
			},
			"properties": {
				"場館編號": 15138,
				"場館名稱": "古亭國中田徑場",
				"所在地址": "臺北市中正區中華路2段465號",
				"場館連絡電話": "02-23090986#511",
				"場館官方網站": "http://www.ktjh.tp.edu.tw",
				"場館停車場類型": "無停車場"
			}
		},
		{
			"type": "Feature",
			"geometry": {
				"type": "Point",
				"coordinates": [121.5222698, 25.1122833]
			},
			"properties": {
				"場館編號": 15141,
				"場館名稱": "明德國小活動中心",
				"所在地址": "臺北市北投區榮華里明德路190號",
				"場館連絡電話": "02-28229651#1204",
				"場館官方網站": "http://www.mdes.tp.edu.tw",
				"場館停車場類型": ""
			}
		},
		{
			"type": "Feature",
			"geometry": {
				"type": "Point",
				"coordinates": [121.5155272, 25.05597829]
			},
			"properties": {
				"場館編號": 15144,
				"場館名稱": "蓬萊國小綜合體育館",
				"所在地址": "臺北市大同區星明里寧夏路35號",
				"場館連絡電話": "02-25569835",
				"場館官方網站": "http://enable.plps.tp.edu.tw/modules/tadnews/",
				"場館停車場類型": ""
			}
		},
		{
			"type": "Feature",
			"geometry": {
				"type": "Point",
				"coordinates": [121.52253, 25.11160326]
			},
			"properties": {
				"場館編號": 15145,
				"場館名稱": "明德國小籃球場",
				"所在地址": "臺北市北投區榮華里明德路190號",
				"場館連絡電話": "02-28229651#1204",
				"場館官方網站": "http://www.mdes.tp.edu.tw",
				"場館停車場類型": ""
			}
		},
		{
			"type": "Feature",
			"geometry": {
				"type": "Point",
				"coordinates": [121.5706708, 25.03624412]
			},
			"properties": {
				"場館編號": 15146,
				"場館名稱": "臺北市信義區博愛國民小學",
				"所在地址": "臺北市信義區松仁路95巷20號",
				"場館連絡電話": "02-87892525",
				"場館官方網站": "http://www.baps.tp.edu.tw/",
				"場館停車場類型": "一般及無障礙停車場"
			}
		},
		{
			"type": "Feature",
			"geometry": {
				"type": "Point",
				"coordinates": [121.5796021, 25.04449704]
			},
			"properties": {
				"場館編號": 15147,
				"場館名稱": "永春國小操場",
				"所在地址": "臺北市信義區永春里松山路225巷48號",
				"場館連絡電話": "02-27641314#621",
				"場館官方網站": "http://www.ycps.tp.edu.tw",
				"場館停車場類型": ""
			}
		},
		{
			"type": "Feature",
			"geometry": {
				"type": "Point",
				"coordinates": [121.5275109, 25.11281275]
			},
			"properties": {
				"場館編號": 15148,
				"場館名稱": "士東國小籃球場",
				"所在地址": "臺北市士林區蘭雅里中山北路6段392號",
				"場館連絡電話": "02-28710064#234",
				"場館官方網站": "http://www.stes.tp.edu.tw",
				"場館停車場類型": "無停車場"
			}
		},
		{
			"type": "Feature",
			"geometry": {
				"type": "Point",
				"coordinates": [121.5275109, 25.1127156]
			},
			"properties": {
				"場館編號": 15149,
				"場館名稱": "士東國小活動中心",
				"所在地址": "臺北市士林區蘭雅里中山北路6段392號",
				"場館連絡電話": "02-28710064#234",
				"場館官方網站": "http://www.stes.tp.edu.tw",
				"場館停車場類型": "無停車場"
			}
		},
		{
			"type": "Feature",
			"geometry": {
				"type": "Point",
				"coordinates": [121.5274358, 25.11268646]
			},
			"properties": {
				"場館編號": 15152,
				"場館名稱": "士東國小游泳池",
				"所在地址": "臺北市士林區蘭雅里中山北路6段392號",
				"場館連絡電話": "02-28710064",
				"場館官方網站": "http://www.stes.tp.edu.tw",
				"場館停車場類型": "無停車場"
			}
		},
		{
			"type": "Feature",
			"geometry": {
				"type": "Point",
				"coordinates": [121.4635456, 25.08983051]
			},
			"properties": {
				"場館編號": 15154,
				"場館名稱": "忠義國小田徑場",
				"所在地址": "新北市蘆洲區光榮路99號",
				"場館連絡電話": "02-22899591#138",
				"場館官方網站": "http://www.cyes.ntpc.edu.tw",
				"場館停車場類型": "一般及無障礙停車場"
			}
		},
		{
			"type": "Feature",
			"geometry": {
				"type": "Point",
				"coordinates": [121.5640817, 24.98752939]
			},
			"properties": {
				"場館編號": 15155,
				"場館名稱": "明道國小環形/直線慢跑道(非田徑場型)",
				"所在地址": "臺北市文山區木柵路2段138巷61號",
				"場館連絡電話": "02-29392821#20",
				"場館官方網站": "http://www.mdps.tp.edu.tw",
				"場館停車場類型": "無停車場"
			}
		},
		{
			"type": "Feature",
			"geometry": {
				"type": "Point",
				"coordinates": [121.5369169, 25.0051598]
			},
			"properties": {
				"場館編號": 15163,
				"場館名稱": "萬福國小籃球場",
				"所在地址": "臺北市文山區羅斯福5段170巷32號",
				"場館連絡電話": "02-29353123",
				"場館官方網站": "http://www.wfps.tp.edu.tw",
				"場館停車場類型": "無停車場"
			}
		},
		{
			"type": "Feature",
			"geometry": {
				"type": "Point",
				"coordinates": [121.5141964, 25.10606086]
			},
			"properties": {
				"場館編號": 15169,
				"場館名稱": "文林國小游泳池",
				"所在地址": "臺北市北投區建民里文林北路155號",
				"場館連絡電話": "02-28234212",
				"場館官方網站": "http://www.wles.tp.edu.tw",
				"場館停車場類型": "無停車場"
			}
		},
		{
			"type": "Feature",
			"geometry": {
				"type": "Point",
				"coordinates": [121.5392536, 25.05020261]
			},
			"properties": {
				"場館編號": 15171,
				"場館名稱": "中正國小活動中心",
				"所在地址": "臺北市中山區力行里龍江路62號",
				"場館連絡電話": "02-25070932#124",
				"場館官方網站": "http://web.jjes.tp.edu.tw",
				"場館停車場類型": "一般及無障礙停車場"
			}
		},
		{
			"type": "Feature",
			"geometry": {
				"type": "Point",
				"coordinates": [121.4770585, 25.13459598]
			},
			"properties": {
				"場館編號": 15174,
				"場館名稱": "桃源國中籃球場",
				"所在地址": "臺北市北投區一德里中央北路4段48號",
				"場館連絡電話": "02-28929633#235",
				"場館官方網站": "http://www.tyjh.tp.edu.tw/TYJHenable/",
				"場館停車場類型": "一般及無障礙停車場"
			}
		},
		{
			"type": "Feature",
			"geometry": {
				"type": "Point",
				"coordinates": [121.4773395, 25.13475321]
			},
			"properties": {
				"場館編號": 15176,
				"場館名稱": "桃源國中操場",
				"所在地址": "臺北市北投區一德里中央北路4段48號",
				"場館連絡電話": "02-28929633#235",
				"場館官方網站": "http://www.tyjh.tp.edu.tw/TYJHenable/",
				"場館停車場類型": "一般及無障礙停車場"
			}
		},
		{
			"type": "Feature",
			"geometry": {
				"type": "Point",
				"coordinates": [121.5305203, 25.09839045]
			},
			"properties": {
				"場館編號": 15177,
				"場館名稱": "福林國小溫水游泳池",
				"所在地址": "臺北市士林區福志路75號",
				"場館連絡電話": "02-28316293",
				"場館官方網站": "http://www.flps.tp.edu.tw/",
				"場館停車場類型": "無停車場"
			}
		},
		{
			"type": "Feature",
			"geometry": {
				"type": "Point",
				"coordinates": [121.5358076, 25.1100572]
			},
			"properties": {
				"場館編號": 15181,
				"場館名稱": "芝山國小芝星廣場",
				"所在地址": "臺北市士林區芝山里德行東路285號",
				"場館連絡電話": "02-28316115#233",
				"場館官方網站": "http://www.zsps.tp.edu.tw",
				"場館停車場類型": "無停車場"
			}
		},
		{
			"type": "Feature",
			"geometry": {
				"type": "Point",
				"coordinates": [121.5616661, 25.07814585]
			},
			"properties": {
				"場館編號": 15182,
				"場館名稱": "濱江國小采堤游泳館",
				"所在地址": "臺北市中山區樂群二路266巷99號",
				"場館連絡電話": "02-85023217",
				"場館官方網站": "http://www.bjes.tp.edu.tw/",
				"場館停車場類型": "無停車場"
			}
		},
		{
			"type": "Feature",
			"geometry": {
				"type": "Point",
				"coordinates": [121.6244701, 25.03250428]
			},
			"properties": {
				"場館編號": 15183,
				"場館名稱": "山豬窟游泳池館",
				"所在地址": "臺北市南港區舊莊街一段290巷32號",
				"場館連絡電話": "02-26547412#126",
				"場館官方網站": "http://www.dep.gov.taipei/",
				"場館停車場類型": "一般及無障礙停車場"
			}
		},
		{
			"type": "Feature",
			"geometry": {
				"type": "Point",
				"coordinates": [121.5356224, 25.0140395]
			},
			"properties": {
				"場館編號": 15184,
				"場館名稱": "羽球場館",
				"所在地址": "臺北市大安區農場里羅斯褔路四段21號",
				"場館連絡電話": "02-23639815#13",
				"場館官方網站": "http://www.mhps.tp.edu.tw",
				"場館停車場類型": "無停車場"
			}
		},
		{
			"type": "Feature",
			"geometry": {
				"type": "Point",
				"coordinates": [121.6005099, 25.0875714]
			},
			"properties": {
				"場館編號": 15186,
				"場館名稱": "大湖國小活動中心暨溫水游泳池",
				"所在地址": "臺北市內湖區大湖里大湖山莊街170號",
				"場館連絡電話": "02-27915870#510",
				"場館官方網站": "http://www.dhps.tp.edu.tw",
				"場館停車場類型": ""
			}
		},
		{
			"type": "Feature",
			"geometry": {
				"type": "Point",
				"coordinates": [121.5353429, 25.02406786]
			},
			"properties": {
				"場館編號": 15187,
				"場館名稱": "龍安國小活動中心",
				"所在地址": "臺北市大安區龍門里新生南路3段33號",
				"場館連絡電話": "02-23632077#724",
				"場館官方網站": "http://www.laes.tp.edu.tw",
				"場館停車場類型": "無停車場"
			}
		},
		{
			"type": "Feature",
			"geometry": {
				"type": "Point",
				"coordinates": [121.5246034, 25.09321278]
			},
			"properties": {
				"場館編號": 15188,
				"場館名稱": "士林國小籃球場",
				"所在地址": "臺北市士林區福德里大東路165號",
				"場館連絡電話": "02-28812231#222",
				"場館官方網站": "http://www.slps.tp.edu.tw",
				"場館停車場類型": "無停車場"
			}
		},
		{
			"type": "Feature",
			"geometry": {
				"type": "Point",
				"coordinates": [121.5319236, 25.04941617]
			},
			"properties": {
				"場館編號": 15192,
				"場館名稱": "長安國中綜合球場",
				"所在地址": "臺北市中山區興亞里松江路70巷11號",
				"場館連絡電話": "02-25112382#309",
				"場館官方網站": "http://www.cajh.tp.edu.tw",
				"場館停車場類型": "無停車場"
			}
		},
		{
			"type": "Feature",
			"geometry": {
				"type": "Point",
				"coordinates": [121.5366164, 25.00524382]
			},
			"properties": {
				"場館編號": 15194,
				"場館名稱": "萬福國小田徑場",
				"所在地址": "臺北市文山區羅斯福5段170巷32號",
				"場館連絡電話": "02-29353123",
				"場館官方網站": "http://www.wfps.tp.edu.tw",
				"場館停車場類型": "無停車場"
			}
		},
		{
			"type": "Feature",
			"geometry": {
				"type": "Point",
				"coordinates": [121.5367291, 25.00517576]
			},
			"properties": {
				"場館編號": 15196,
				"場館名稱": "風雨球場",
				"所在地址": "臺北市文山區羅斯福5段170巷32號",
				"場館連絡電話": "02-29353123#132",
				"場館官方網站": "http://www.wfps.tp.edu.tw",
				"場館停車場類型": "無停車場"
			}
		},
		{
			"type": "Feature",
			"geometry": {
				"type": "Point",
				"coordinates": [121.5141642, 25.10600257]
			},
			"properties": {
				"場館編號": 15197,
				"場館名稱": "文林國小活動中心",
				"所在地址": "臺北市北投區建民里文林北路155號",
				"場館連絡電話": "02-28234212",
				"場館官方網站": "http://www.wles.tp.edu.tw",
				"場館停車場類型": "一般及無障礙停車場"
			}
		},
		{
			"type": "Feature",
			"geometry": {
				"type": "Point",
				"coordinates": [121.5139496, 25.10567468]
			},
			"properties": {
				"場館編號": 15199,
				"場館名稱": "文林國小田徑場",
				"所在地址": "臺北市北投區建民里文林北路155號",
				"場館連絡電話": "02-28234212#303",
				"場館官方網站": "http://www.wles.tp.edu.tw",
				"場館停車場類型": "一般及無障礙停車場"
			}
		},
		{
			"type": "Feature",
			"geometry": {
				"type": "Point",
				"coordinates": [121.4833617, 25.13965146]
			},
			"properties": {
				"場館編號": 15200,
				"場館名稱": "桃源國小田徑場",
				"所在地址": "臺北市北投區中央北路3段40巷45號",
				"場館連絡電話": "02-28941208#124",
				"場館官方網站": "http://www.tyues.tp.edu.tw",
				"場館停車場類型": "無停車場"
			}
		},
		{
			"type": "Feature",
			"geometry": {
				"type": "Point",
				"coordinates": [121.4428496, 25.03880336]
			},
			"properties": {
				"場館編號": 15203,
				"場館名稱": "新泰國小風雨操場",
				"所在地址": "新北市新莊區公園一路91號",
				"場館連絡電話": "02-29971005#114",
				"場館官方網站": "http://www.stps.ntpc.edu.tw",
				"場館停車場類型": "無停車場"
			}
		},
		{
			"type": "Feature",
			"geometry": {
				"type": "Point",
				"coordinates": [121.5399975, 24.98904919]
			},
			"properties": {
				"場館編號": 15208,
				"場館名稱": "景美國小活動中心",
				"所在地址": "臺北市文山區景行里景文街108號",
				"場館連絡電話": "02-29322151#123",
				"場館官方網站": "http://www.cmes.tp.edu.tw",
				"場館停車場類型": "一般及無障礙停車場"
			}
		},
		{
			"type": "Feature",
			"geometry": {
				"type": "Point",
				"coordinates": [121.5404562, 24.98931791]
			},
			"properties": {
				"場館編號": 15209,
				"場館名稱": "景美國小籃球場",
				"所在地址": "臺北市文山區景行里景文街108號",
				"場館連絡電話": "02-29322151#123",
				"場館官方網站": "http://www.cmes.tp.edu.tw",
				"場館停車場類型": "一般及無障礙停車場"
			}
		},
		{
			"type": "Feature",
			"geometry": {
				"type": "Point",
				"coordinates": [121.5671754, 25.02919908]
			},
			"properties": {
				"場館編號": 15210,
				"場館名稱": "信義國中風雨操場",
				"所在地址": "臺北市信義區松仁路158巷1號",
				"場館連絡電話": "02-27236771",
				"場館官方網站": "http://www.syijh.tp.edu.tw",
				"場館停車場類型": "無停車場"
			}
		},
		{
			"type": "Feature",
			"geometry": {
				"type": "Point",
				"coordinates": [121.558426, 25.00085817]
			},
			"properties": {
				"場館編號": 15211,
				"場館名稱": "萬芳高中學生活動中心",
				"所在地址": "臺北市文山區興隆路3段115巷1號",
				"場館連絡電話": "02-22309585#350",
				"場館官方網站": "http://www.wfsh.tp.edu.tw",
				"場館停車場類型": "無停車場"
			}
		},
		{
			"type": "Feature",
			"geometry": {
				"type": "Point",
				"coordinates": [121.5404543, 24.98879344]
			},
			"properties": {
				"場館編號": 15212,
				"場館名稱": "景美國小田徑場",
				"所在地址": "臺北市文山區景行里景文街108號",
				"場館連絡電話": "02-29322151#123",
				"場館官方網站": "http://www.cmes.tp.edu.tw",
				"場館停車場類型": "一般及無障礙停車場"
			}
		},
		{
			"type": "Feature",
			"geometry": {
				"type": "Point",
				"coordinates": [121.5670091, 25.02934004]
			},
			"properties": {
				"場館編號": 15214,
				"場館名稱": "信義國中跆拳道場",
				"所在地址": "臺北市信義區松仁路158巷1號",
				"場館連絡電話": "02-27236771",
				"場館官方網站": "http://www.syijh.tp.edu.tw",
				"場館停車場類型": "無停車場"
			}
		},
		{
			"type": "Feature",
			"geometry": {
				"type": "Point",
				"coordinates": [121.5754795, 25.00201527]
			},
			"properties": {
				"場館編號": 15215,
				"場館名稱": "博嘉國小運動場",
				"所在地址": "臺北市文山區木柵路4段159巷14號之1",
				"場館連絡電話": "02-22302585#122",
				"場館官方網站": "http://www.bjps.tp.edu.tw",
				"場館停車場類型": "無停車場"
			}
		},
		{
			"type": "Feature",
			"geometry": {
				"type": "Point",
				"coordinates": [121.5593165, 25.00203472]
			},
			"properties": {
				"場館編號": 15216,
				"場館名稱": "萬芳高中田徑場",
				"所在地址": "臺北市文山區興隆路3段115巷1號",
				"場館連絡電話": "02-22309585#350",
				"場館官方網站": "http://www.wfsh.tp.edu.tw",
				"場館停車場類型": "無停車場"
			}
		},
		{
			"type": "Feature",
			"geometry": {
				"type": "Point",
				"coordinates": [121.5661401, 25.0550054]
			},
			"properties": {
				"場館編號": 15217,
				"場館名稱": "西松高中活動中心",
				"所在地址": "臺北市松山區鵬程里健康路325巷7號西南側",
				"場館連絡電話": "02-25286618",
				"場館官方網站": "http://www.hssh.tp.edu.tw",
				"場館停車場類型": "無停車場"
			}
		},
		{
			"type": "Feature",
			"geometry": {
				"type": "Point",
				"coordinates": [121.5678889, 25.02961223]
			},
			"properties": {
				"場館編號": 15218,
				"場館名稱": "信義國中田徑場",
				"所在地址": "臺北市信義區松仁路158巷1號",
				"場館連絡電話": "02-27236771",
				"場館官方網站": "http://www.syijh.tp.edu.tw",
				"場館停車場類型": "無停車場"
			}
		},
		{
			"type": "Feature",
			"geometry": {
				"type": "Point",
				"coordinates": [121.5424776, 25.0790933]
			},
			"properties": {
				"場館編號": 15223,
				"場館名稱": "北安國中多功能場地",
				"所在地址": "臺北市中山區明水路325號",
				"場館連絡電話": "02-25325733",
				"場館官方網站": "http://www.pajh.tp.edu.tw/",
				"場館停車場類型": "一般及無障礙停車場"
			}
		},
		{
			"type": "Feature",
			"geometry": {
				"type": "Point",
				"coordinates": [121.539976, 24.98878225]
			},
			"properties": {
				"場館編號": 15224,
				"場館名稱": "景美國小游泳池",
				"所在地址": "臺北市文山區景行里景文街108號",
				"場館連絡電話": "02-29322151#123",
				"場館官方網站": "http://www.cmes.tp.edu.tw",
				"場館停車場類型": "一般及無障礙停車場"
			}
		},
		{
			"type": "Feature",
			"geometry": {
				"type": "Point",
				"coordinates": [121.5482444, 24.99652139]
			},
			"properties": {
				"場館編號": 15227,
				"場館名稱": "景興國小活動中心",
				"所在地址": "臺北市文山區興安里景華街150巷21號",
				"場館連絡電話": "02-29329439#723",
				"場館官方網站": "http://www.chps.tp.edu.tw",
				"場館停車場類型": ""
			}
		},
		{
			"type": "Feature",
			"geometry": {
				"type": "Point",
				"coordinates": [121.6883128, 25.20395138]
			},
			"properties": {
				"場館編號": 15228,
				"場館名稱": "野柳國小操場",
				"所在地址": "新北市萬里區野柳里港東路167號",
				"場館連絡電話": "02-24922512#15",
				"場館官方網站": "http://www.ylps.ntpc.edu.tw",
				"場館停車場類型": "無停車場"
			}
		},
		{
			"type": "Feature",
			"geometry": {
				"type": "Point",
				"coordinates": [121.5855056, 25.03742303]
			},
			"properties": {
				"場館編號": 15231,
				"場館名稱": "?公國中活動中心",
				"所在地址": "臺北市信義區福德街221巷15號",
				"場館連絡電話": "02-27261481#401",
				"場館官方網站": "http://www.lkjh.tp.edu.tw",
				"場館停車場類型": "無停車場"
			}
		},
		{
			"type": "Feature",
			"geometry": {
				"type": "Point",
				"coordinates": [121.4845043, 25.13959804]
			},
			"properties": {
				"場館編號": 15232,
				"場館名稱": "桃源國小籃球場",
				"所在地址": "臺北市北投區中央北路3段40巷45號",
				"場館連絡電話": "02-28941208#124",
				"場館官方網站": "http://www.tyues.tp.edu.tw",
				"場館停車場類型": "無停車場"
			}
		},
		{
			"type": "Feature",
			"geometry": {
				"type": "Point",
				"coordinates": [121.5331006, 25.03014204]
			},
			"properties": {
				"場館編號": 15234,
				"場館名稱": "新生國小活動中心",
				"所在地址": "臺北市大安區新生南路二段36號",
				"場館連絡電話": "02-23913122",
				"場館官方網站": "http://www.snes.tp.edu.tw",
				"場館停車場類型": "無停車場"
			}
		},
		{
			"type": "Feature",
			"geometry": {
				"type": "Point",
				"coordinates": [121.5326232, 25.02953932]
			},
			"properties": {
				"場館編號": 15235,
				"場館名稱": "新生國小游泳池",
				"所在地址": "臺北市大安區新生南路二段36號",
				"場館連絡電話": "02-23913122",
				"場館官方網站": "http://www.snes.tp.edu.tw",
				"場館停車場類型": "無停車場"
			}
		},
		{
			"type": "Feature",
			"geometry": {
				"type": "Point",
				"coordinates": [121.5321511, 25.0295296]
			},
			"properties": {
				"場館編號": 15236,
				"場館名稱": "田徑場",
				"所在地址": "臺北市大安區新生南路二段36號",
				"場館連絡電話": "02-23913122",
				"場館官方網站": "http://www.snes.tp.edu.tw",
				"場館停車場類型": "無停車場"
			}
		},
		{
			"type": "Feature",
			"geometry": {
				"type": "Point",
				"coordinates": [121.5464858, 25.02976243]
			},
			"properties": {
				"場館編號": 15238,
				"場館名稱": "大安國中活動中心",
				"所在地址": "臺北市大安區大安路2段63號",
				"場館連絡電話": "02-27557131#132",
				"場館官方網站": "http://www.tajh.tp.edu.tw",
				"場館停車場類型": "一般及無障礙停車場"
			}
		},
		{
			"type": "Feature",
			"geometry": {
				"type": "Point",
				"coordinates": [121.503489, 25.08999569]
			},
			"properties": {
				"場館編號": 15239,
				"場館名稱": "社子國小學生活動中心",
				"所在地址": "臺北市士林區永倫里延平北路六段308號",
				"場館連絡電話": "02-28126195#821",
				"場館官方網站": "http://www.stps.tp.edu.tw",
				"場館停車場類型": "一般及無障礙停車場"
			}
		},
		{
			"type": "Feature",
			"geometry": {
				"type": "Point",
				"coordinates": [121.5797415, 25.04336951]
			},
			"properties": {
				"場館編號": 15240,
				"場館名稱": "永吉國小風雨操場",
				"所在地址": "臺北市信義區永春里松山路287巷5號",
				"場館連絡電話": "02-87858111#640",
				"場館官方網站": "http://www.yhps.tp.edu.tw",
				"場館停車場類型": "無停車場"
			}
		},
		{
			"type": "Feature",
			"geometry": {
				"type": "Point",
				"coordinates": [121.5895584, 25.07596184]
			},
			"properties": {
				"場館編號": 15242,
				"場館名稱": "內湖國中戶外籃球場",
				"所在地址": "臺北市內湖區紫陽里陽光街1號",
				"場館連絡電話": "02-27900843",
				"場館官方網站": "http://www.nhjh.tp.edu.tw",
				"場館停車場類型": "一般及無障礙停車場"
			}
		},
		{
			"type": "Feature",
			"geometry": {
				"type": "Point",
				"coordinates": [121.5665424, 25.08335311]
			},
			"properties": {
				"場館編號": 15244,
				"場館名稱": "西湖國小活動中心",
				"所在地址": "臺北市內湖區西湖里環山路1段25號",
				"場館連絡電話": "02-27971267#142",
				"場館官方網站": "https://www.hhups.tp.edu.tw/nss/p/index",
				"場館停車場類型": ""
			}
		},
		{
			"type": "Feature",
			"geometry": {
				"type": "Point",
				"coordinates": [121.5415442, 25.06398309]
			},
			"properties": {
				"場館編號": 15245,
				"場館名稱": "五常國小體育館",
				"所在地址": "臺北市中山區下埤里五常街16號",
				"場館連絡電話": "02-25023416#825",
				"場館官方網站": "http://www.wcps.tp.edu.tw/enable01/index.php",
				"場館停車場類型": "無停車場"
			}
		},
		{
			"type": "Feature",
			"geometry": {
				"type": "Point",
				"coordinates": [121.5186971, 25.10799417]
			},
			"properties": {
				"場館編號": 15246,
				"場館名稱": "明德國中田徑場",
				"所在地址": "臺北市北投區建民里明德路50號",
				"場館連絡電話": "02-28232539#605",
				"場館官方網站": "http://www.mdjh.tp.edu.tw",
				"場館停車場類型": "一般及無障礙停車場"
			}
		},
		{
			"type": "Feature",
			"geometry": {
				"type": "Point",
				"coordinates": [121.5497571, 25.01929266]
			},
			"properties": {
				"場館編號": 15247,
				"場館名稱": "芳和實中田徑場",
				"所在地址": "臺北市大安區芳和里臥龍街170號",
				"場館連絡電話": "02-27321961#304",
				"場館官方網站": "https://www.fhehs.tp.edu.tw/",
				"場館停車場類型": "無停車場"
			}
		},
		{
			"type": "Feature",
			"geometry": {
				"type": "Point",
				"coordinates": [121.5898266, 25.07644772]
			},
			"properties": {
				"場館編號": 15249,
				"場館名稱": "內湖國中戶外排球場",
				"所在地址": "臺北市內湖區紫陽里陽光街1號",
				"場館連絡電話": "02-27900843",
				"場館官方網站": "http://www.nhjh.tp.edu.tw",
				"場館停車場類型": "一般及無障礙停車場"
			}
		},
		{
			"type": "Feature",
			"geometry": {
				"type": "Point",
				"coordinates": [121.5569039, 25.10381662]
			},
			"properties": {
				"場館編號": 15253,
				"場館名稱": "至善國中籃球場",
				"所在地址": "臺北市士林區臨溪里至善路2段360號",
				"場館連絡電話": "02-28411350#40",
				"場館官方網站": "http://www.jsjh.tp.edu.tw",
				"場館停車場類型": "無停車場"
			}
		},
		{
			"type": "Feature",
			"geometry": {
				"type": "Point",
				"coordinates": [121.4841557, 25.02467858]
			},
			"properties": {
				"場館編號": 15255,
				"場館名稱": "萬華國中活動中心",
				"所在地址": "臺北市萬華區日善里西藏路201號",
				"場館連絡電話": "02-23394567#133",
				"場館官方網站": "http://www.whjhs.tp.edu.tw",
				"場館停車場類型": "無停車場"
			}
		},
		{
			"type": "Feature",
			"geometry": {
				"type": "Point",
				"coordinates": [121.5572217, 25.10427567]
			},
			"properties": {
				"場館編號": 15256,
				"場館名稱": "至善國中戶外網球場",
				"所在地址": "臺北市士林區臨溪里至善路2段360號",
				"場館連絡電話": "02-28411350#40",
				"場館官方網站": "http://www.jsjh.tp.edu.tw",
				"場館停車場類型": "無停車場"
			}
		},
		{
			"type": "Feature",
			"geometry": {
				"type": "Point",
				"coordinates": [121.5367913, 25.07355914]
			},
			"properties": {
				"場館編號": 15260,
				"場館名稱": "大佳國小運動場",
				"所在地址": "臺北市中山區大佳里6鄰濱江街107號",
				"場館連絡電話": "02-25035816",
				"場館官方網站": "http://www.djes.tp.edu.tw",
				"場館停車場類型": "無停車場"
			}
		},
		{
			"type": "Feature",
			"geometry": {
				"type": "Point",
				"coordinates": [121.5187454, 25.10802574]
			},
			"properties": {
				"場館編號": 15262,
				"場館名稱": "明德國中體育館",
				"所在地址": "臺北市北投區建民里明德路50號",
				"場館連絡電話": "02-28232539#605",
				"場館官方網站": "http://www.mdjh.tp.edu.tw",
				"場館停車場類型": "一般及無障礙停車場"
			}
		},
		{
			"type": "Feature",
			"geometry": {
				"type": "Point",
				"coordinates": [121.5498483, 25.07930222]
			},
			"properties": {
				"場館編號": 15263,
				"場館名稱": "永安國小風雨球場",
				"所在地址": "臺北市中山區明水路397巷19弄1號",
				"場館連絡電話": "02-25335672#223",
				"場館官方網站": "http://web.yaes.tp.edu.tw/front/bin/home.phtml",
				"場館停車場類型": "無停車場"
			}
		},
		{
			"type": "Feature",
			"geometry": {
				"type": "Point",
				"coordinates": [121.5064287, 25.13834026]
			},
			"properties": {
				"場館編號": 15266,
				"場館名稱": "新民國中活動中心",
				"所在地址": "臺北市北投區林泉里新民路10號",
				"場館連絡電話": "02-28979001#350",
				"場館官方網站": "http://www.hmjh.tp.edu.tw",
				"場館停車場類型": ""
			}
		},
		{
			"type": "Feature",
			"geometry": {
				"type": "Point",
				"coordinates": [121.5722179, 25.03505603]
			},
			"properties": {
				"場館編號": 15267,
				"場館名稱": "興雅國中田徑場",
				"所在地址": "臺北市信義區松德路168巷15號",
				"場館連絡電話": "02-27232771#330",
				"場館官方網站": "http://www.syajh.tp.edu.tw",
				"場館停車場類型": "無停車場"
			}
		},
		{
			"type": "Feature",
			"geometry": {
				"type": "Point",
				"coordinates": [121.5496874, 25.07961318]
			},
			"properties": {
				"場館編號": 15268,
				"場館名稱": "永安田徑場",
				"所在地址": "臺北市中山區明水路397巷19弄1號",
				"場館連絡電話": "02-25335672#223",
				"場館官方網站": "http://web.yaes.tp.edu.tw/front/bin/home.phtml",
				"場館停車場類型": "無停車場"
			}
		},
		{
			"type": "Feature",
			"geometry": {
				"type": "Point",
				"coordinates": [121.5724567, 25.03498555]
			},
			"properties": {
				"場館編號": 15269,
				"場館名稱": "興雅國中籃球場",
				"所在地址": "臺北市信義區松德路168巷15號",
				"場館連絡電話": "02-27232771#330",
				"場館官方網站": "http://www.syajh.tp.edu.tw",
				"場館停車場類型": "無停車場"
			}
		},
		{
			"type": "Feature",
			"geometry": {
				"type": "Point",
				"coordinates": [121.5064341, 25.13817515]
			},
			"properties": {
				"場館編號": 15270,
				"場館名稱": "新民國中室外綜合運動場",
				"所在地址": "臺北市北投區林泉里新民路10號",
				"場館連絡電話": "02-28979001#350",
				"場館官方網站": "http://www.hmjh.tp.edu.tw",
				"場館停車場類型": "一般及無障礙停車場"
			}
		},
		{
			"type": "Feature",
			"geometry": {
				"type": "Point",
				"coordinates": [121.5727383, 25.03500256]
			},
			"properties": {
				"場館編號": 15271,
				"場館名稱": "興雅國中游泳館",
				"所在地址": "臺北市信義區松德路168巷15號",
				"場館連絡電話": "02-27232771#330",
				"場館官方網站": "http://www.syajh.tp.edu.tw",
				"場館停車場類型": "無停車場"
			}
		},
		{
			"type": "Feature",
			"geometry": {
				"type": "Point",
				"coordinates": [121.4450232, 25.19744151]
			},
			"properties": {
				"場館編號": 15273,
				"場館名稱": "育英國小田徑場",
				"所在地址": "新北市淡水區埤島里14號",
				"場館連絡電話": "02-26214390#102",
				"場館官方網站": "http://www.yies.ntpc.edu.tw",
				"場館停車場類型": "無停車場"
			}
		},
		{
			"type": "Feature",
			"geometry": {
				"type": "Point",
				"coordinates": [121.6010571, 25.0724513]
			},
			"properties": {
				"場館編號": 15274,
				"場館名稱": "麗湖國小操場",
				"所在地址": "臺北市內湖區金湖路363巷8號",
				"場館連絡電話": "(02)26343888#130",
				"場館官方網站": "http://enable.lhes.tp.edu.tw/index.phtml",
				"場館停車場類型": "一般及無障礙停車場"
			}
		},
		{
			"type": "Feature",
			"geometry": {
				"type": "Point",
				"coordinates": [121.5726042, 25.0824506]
			},
			"properties": {
				"場館編號": 15277,
				"場館名稱": "麗山國小活動中心",
				"所在地址": "臺北市內湖區港都里港華街100號",
				"場館連絡電話": "02-26574158#325",
				"場館官方網站": "http://www.lnps.tp.edu.tw",
				"場館停車場類型": "一般及無障礙停車場"
			}
		},
		{
			"type": "Feature",
			"geometry": {
				"type": "Point",
				"coordinates": [121.499573, 25.11012661]
			},
			"properties": {
				"場館編號": 15278,
				"場館名稱": "北投區回饋設施洲美運動公園",
				"所在地址": "臺北市北投區洲美街271號",
				"場館連絡電話": "228360050",
				"場館官方網站": "https://www.ptrip.gov.taipei/Default.aspx",
				"場館停車場類型": "一般及無障礙停車場"
			}
		},
		{
			"type": "Feature",
			"geometry": {
				"type": "Point",
				"coordinates": [121.5175787, 25.05414873]
			},
			"properties": {
				"場館編號": 15279,
				"場館名稱": "日新國小體育館",
				"所在地址": "臺北市大同區星明里太原路151號",
				"場館連絡電話": "02-25584819#313",
				"場館官方網站": "http://www.zhps.tp.edu.tw",
				"場館停車場類型": "無停車場"
			}
		},
		{
			"type": "Feature",
			"geometry": {
				"type": "Point",
				"coordinates": [121.5036339, 25.06109057]
			},
			"properties": {
				"場館編號": 15280,
				"場館名稱": "新北市三重區臺北橋南側籃球場(二重環狀自行車道16KM)",
				"所在地址": "新北市三重區臺北橋南側籃球場(二重環狀自行車道16KM)",
				"場館連絡電話": "02-89699596#521",
				"場館官方網站": "http://www.rhbd.ntpc.gov.tw/cht/index.php?",
				"場館停車場類型": "無停車場"
			}
		},
		{
			"type": "Feature",
			"geometry": {
				"type": "Point",
				"coordinates": [121.6199452, 25.03992608]
			},
			"properties": {
				"場館編號": 15281,
				"場館名稱": "舊莊國小學生活動中心",
				"所在地址": "臺北市南港區舊莊里舊莊街1段100號",
				"場館連絡電話": "02-27821418#130",
				"場館官方網站": "http://www.zzes.tp.edu.tw",
				"場館停車場類型": "無停車場"
			}
		},
		{
			"type": "Feature",
			"geometry": {
				"type": "Point",
				"coordinates": [121.5034032, 25.07591082]
			},
			"properties": {
				"場館編號": 15293,
				"場館名稱": "二重環狀自行車道14.2KM籃球場",
				"所在地址": "新北市三重區國道一號橋下南側籃球場",
				"場館連絡電話": "02-89699596#521",
				"場館官方網站": "http://www.rhbd.ntpc.gov.tw/cht/index.php?",
				"場館停車場類型": "無停車場"
			}
		},
		{
			"type": "Feature",
			"geometry": {
				"type": "Point",
				"coordinates": [121.5102643, 25.07371462]
			},
			"properties": {
				"場館編號": 15303,
				"場館名稱": "迪化污水處理廠附設休閒運動公園",
				"所在地址": "臺北市大同區酒泉街235號",
				"場館連絡電話": "02-25968396",
				"場館官方網站": "https://sports.tms.gov.tw/venues/?K=793",
				"場館停車場類型": "一般及無障礙停車場"
			}
		},
		{
			"type": "Feature",
			"geometry": {
				"type": "Point",
				"coordinates": [121.4821168, 25.10652133]
			},
			"properties": {
				"場館編號": 15305,
				"場館名稱": "富安國小操場",
				"所在地址": "臺北市士林區富洲里延平北路8段135號",
				"場館連絡電話": "02-28103192#634",
				"場館官方網站": "http://www.fuanps.tp.edu.tw",
				"場館停車場類型": ""
			}
		},
		{
			"type": "Feature",
			"geometry": {
				"type": "Point",
				"coordinates": [121.5076518, 25.08275183]
			},
			"properties": {
				"場館編號": 15307,
				"場館名稱": "葫蘆國小游泳池",
				"所在地址": "臺北市士林區環河北路3段95號",
				"場館連絡電話": "02-28111155",
				"場館官方網站": "http://www.hrps.tp.edu.tw/",
				"場館停車場類型": "無停車場"
			}
		},
		{
			"type": "Feature",
			"geometry": {
				"type": "Point",
				"coordinates": [121.5071261, 25.08408306]
			},
			"properties": {
				"場館編號": 15308,
				"場館名稱": "葫蘆國小活動中心",
				"所在地址": "臺北市士林區環河北路3段95號",
				"場館連絡電話": "02-28129586#835",
				"場館官方網站": "http://www.hrps.tp.edu.tw",
				"場館停車場類型": "一般及無障礙停車場"
			}
		},
		{
			"type": "Feature",
			"geometry": {
				"type": "Point",
				"coordinates": [121.5608507, 25.0795986]
			},
			"properties": {
				"場館編號": 15311,
				"場館名稱": "濱江國中體樓",
				"所在地址": "臺北市中山區樂群二路262號",
				"場館連絡電話": "02-85020126#301",
				"場館官方網站": "http://www.bjjh.tp.edu.tw",
				"場館停車場類型": "一般及無障礙停車場"
			}
		},
		{
			"type": "Feature",
			"geometry": {
				"type": "Point",
				"coordinates": [121.5754044, 25.0007658]
			},
			"properties": {
				"場館編號": 15319,
				"場館名稱": "臺北市政府環境保護局木柵垃圾焚化廠回饋設施博嘉運動公園",
				"所在地址": "臺北市文山區木柵路4段159巷16號",
				"場館連絡電話": "02-22300800#107",
				"場館官方網站": "https://www.mcrip.gov.taipei/",
				"場館停車場類型": "一般及無障礙停車場"
			}
		},
		{
			"type": "Feature",
			"geometry": {
				"type": "Point",
				"coordinates": [121.5322638, 24.97507092]
			},
			"properties": {
				"場館編號": 15320,
				"場館名稱": "新店高中活動中心",
				"所在地址": "新北市新店區中央路93號",
				"場館連絡電話": "02-22193700#301",
				"場館官方網站": "http://www.htsh.ntpc.edu.tw",
				"場館停車場類型": ""
			}
		},
		{
			"type": "Feature",
			"geometry": {
				"type": "Point",
				"coordinates": [121.5518385, 25.05644835]
			},
			"properties": {
				"場館編號": 15323,
				"場館名稱": "民生國小活動中心",
				"所在地址": "臺北市松山區敦化北路199巷18號",
				"場館連絡電話": "02-27122452#821",
				"場館官方網站": "http://www.msps.tp.edu.tw",
				"場館停車場類型": "一般及無障礙停車場"
			}
		},
		{
			"type": "Feature",
			"geometry": {
				"type": "Point",
				"coordinates": [121.5608507, 25.06203814]
			},
			"properties": {
				"場館編號": 15334,
				"場館名稱": "民權國小田徑場",
				"所在地址": "臺北市松山區民權東路四段200號",
				"場館連絡電話": "02-27652327#634",
				"場館官方網站": "http://www.mqes.tp.edu.tw",
				"場館停車場類型": "無停車場"
			}
		},
		{
			"type": "Feature",
			"geometry": {
				"type": "Point",
				"coordinates": [121.5360054, 25.15031083]
			},
			"properties": {
				"場館編號": 15336,
				"場館名稱": "湖山國小操場",
				"所在地址": "臺北市北投區湖山里湖底路11號",
				"場館連絡電話": "02-28610148#131",
				"場館官方網站": "http://www.hses.tp.edu.tw",
				"場館停車場類型": "無停車場"
			}
		},
		{
			"type": "Feature",
			"geometry": {
				"type": "Point",
				"coordinates": [121.464318, 25.03397701]
			},
			"properties": {
				"場館編號": 15340,
				"場館名稱": "新北市板橋區大漢橋北面棒球場(大漢溪右岸自行車道1.95KM處)",
				"所在地址": "新北市板橋區大漢橋北面棒球場(大漢溪右岸自行車道1.95KM處)",
				"場館連絡電話": "02-89699596#521",
				"場館官方網站": "http://www.rhbd.ntpc.gov.tw/cht/index.php?",
				"場館停車場類型": "無停車場"
			}
		},
		{
			"type": "Feature",
			"geometry": {
				"type": "Point",
				"coordinates": [121.5589786, 24.99045352]
			},
			"properties": {
				"場館編號": 15343,
				"場館名稱": "再興中學體育館",
				"所在地址": "臺北市文山區明義里興隆路4段2號",
				"場館連絡電話": "02-29366803#123",
				"場館官方網站": "http://www.thsh.tp.edu.tw",
				"場館停車場類型": "無停車場"
			}
		},
		{
			"type": "Feature",
			"geometry": {
				"type": "Point",
				"coordinates": [121.4457142, 25.02009473]
			},
			"properties": {
				"場館編號": 15346,
				"場館名稱": "新北市板橋區特二橋南面溜冰場(大漢溪右岸自行車道4.4KM處)",
				"所在地址": "新北市板橋區特二橋南面溜冰場(大漢溪右岸自行車道4.4KM處)",
				"場館連絡電話": "02-89699596#521",
				"場館官方網站": "http://www.rhbd.ntpc.gov.tw/cht/index.php?",
				"場館停車場類型": "一般及無障礙停車場"
			}
		},
		{
			"type": "Feature",
			"geometry": {
				"type": "Point",
				"coordinates": [121.619854, 25.07266996]
			},
			"properties": {
				"場館編號": 15354,
				"場館名稱": "東湖國中田徑場",
				"所在地址": "臺北市內湖區樂康里康樂街131號",
				"場館連絡電話": "02-26330373#634",
				"場館官方網站": "http://www.dhjh.tp.edu.tw",
				"場館停車場類型": "無停車場"
			}
		},
		{
			"type": "Feature",
			"geometry": {
				"type": "Point",
				"coordinates": [121.5466189, 24.86310526]
			},
			"properties": {
				"場館編號": 15363,
				"場館名稱": "烏來田徑場",
				"所在地址": "新北市烏來區烏來里14鄰西羅岸49號",
				"場館連絡電話": "02-26616442#254",
				"場館官方網站": "http://WWW.wulai.ntpc.gov.tw",
				"場館停車場類型": "一般及無障礙停車場"
			}
		},
		{
			"type": "Feature",
			"geometry": {
				"type": "Point",
				"coordinates": [121.5527236, 25.05612067]
			},
			"properties": {
				"場館編號": 15366,
				"場館名稱": "民生國小操場",
				"所在地址": "臺北市松山區敦化北路199巷18號",
				"場館連絡電話": "02-27122452#821",
				"場館官方網站": "http://www.msps.tp.edu.tw",
				"場館停車場類型": "一般及無障礙停車場"
			}
		},
		{
			"type": "Feature",
			"geometry": {
				"type": "Point",
				"coordinates": [121.5671486, 24.99191217]
			},
			"properties": {
				"場館編號": 15369,
				"場館名稱": "文山特殊教育學校體育館",
				"所在地址": "臺北市文山區秀明路一段169號",
				"場館連絡電話": "02-86615183#304",
				"場館官方網站": "http://www.wsses.tp.edu.tw/",
				"場館停車場類型": "一般及無障礙停車場"
			}
		},
		{
			"type": "Feature",
			"geometry": {
				"type": "Point",
				"coordinates": [121.5304774, 25.10509361]
			},
			"properties": {
				"場館編號": 15386,
				"場館名稱": "田徑場",
				"所在地址": "臺北市士林區名山里忠義街1號",
				"場館連絡電話": "228329700",
				"場館官方網站": "http://www.ynes.tp.edu.tw/",
				"場館停車場類型": "無停車場"
			}
		},
		{
			"type": "Feature",
			"geometry": {
				"type": "Point",
				"coordinates": [121.4988863, 25.02394771]
			},
			"properties": {
				"場館編號": 15388,
				"場館名稱": "萬大國小活動中心",
				"所在地址": "臺北市萬華區全德里萬大路346號",
				"場館連絡電話": "02-23037654#311",
				"場館官方網站": "http://www.wtps.tp.edu.tw",
				"場館停車場類型": "一般及無障礙停車場"
			}
		},
		{
			"type": "Feature",
			"geometry": {
				"type": "Point",
				"coordinates": [121.5329075, 25.03141066]
			},
			"properties": {
				"場館編號": 15390,
				"場館名稱": "金華國中活動中心",
				"所在地址": "臺北市大安區福住里新生南路2段32號",
				"場館連絡電話": "02-33931799",
				"場館官方網站": "http://www.chwjh.tp.edu.tw",
				"場館停車場類型": "一般及無障礙停車場"
			}
		},
		{
			"type": "Feature",
			"geometry": {
				"type": "Point",
				"coordinates": [121.5140784, 25.11569797]
			},
			"properties": {
				"場館編號": 15394,
				"場館名稱": "石牌國中活動中心1樓室內籃球場",
				"所在地址": "臺北市北投區吉利里石牌路1段139號",
				"場館連絡電話": "02-28224682#253",
				"場館官方網站": "http://www.spjh.tp.edu.tw",
				"場館停車場類型": "一般及無障礙停車場"
			}
		},
		{
			"type": "Feature",
			"geometry": {
				"type": "Point",
				"coordinates": [121.5144002, 25.11525111]
			},
			"properties": {
				"場館編號": 15396,
				"場館名稱": "石牌國中游泳池",
				"所在地址": "臺北市北投區吉利里石牌路1段139號",
				"場館連絡電話": "02-28224682#255",
				"場館官方網站": "http://www.spjh.tp.edu.tw",
				"場館停車場類型": "一般及無障礙停車場"
			}
		},
		{
			"type": "Feature",
			"geometry": {
				"type": "Point",
				"coordinates": [121.5133113, 25.11614969]
			},
			"properties": {
				"場館編號": 15399,
				"場館名稱": "石牌國中操場(跑道+人工草皮)",
				"所在地址": "臺北市北投區吉利里石牌路1段139號",
				"場館連絡電話": "02-28224682#253",
				"場館官方網站": "http://www.spjh.tp.edu.tw",
				"場館停車場類型": "無停車場"
			}
		},
		{
			"type": "Feature",
			"geometry": {
				"type": "Point",
				"coordinates": [121.5414094, 25.03151866]
			},
			"properties": {
				"場館編號": 15405,
				"場館名稱": "大安高工游泳池",
				"所在地址": "臺北市大安區龍圖里復興南路2段52號",
				"場館連絡電話": "02-27091630#123",
				"場館官方網站": "http://www.taivs.tp.edu.tw",
				"場館停車場類型": "無停車場"
			}
		},
		{
			"type": "Feature",
			"geometry": {
				"type": "Point",
				"coordinates": [121.545825, 24.88421744]
			},
			"properties": {
				"場館編號": 15407,
				"場館名稱": "忠治籃球場",
				"所在地址": "新北市烏來區忠治里4段58號(士官長美食40公尺旁)",
				"場館連絡電話": "02-26616442#254",
				"場館官方網站": "https://www.wulai.ntpc.gov.tw/",
				"場館停車場類型": "一般及無障礙停車場"
			}
		},
		{
			"type": "Feature",
			"geometry": {
				"type": "Point",
				"coordinates": [121.5130726, 25.0642054]
			},
			"properties": {
				"場館編號": 15408,
				"場館名稱": "大橋國小活動中心",
				"所在地址": "臺北市大同區隆和里重慶北路3段2號",
				"場館連絡電話": "02-25944413",
				"場館官方網站": "http://www.tjps.tp.edu.tw",
				"場館停車場類型": ""
			}
		},
		{
			"type": "Feature",
			"geometry": {
				"type": "Point",
				"coordinates": [121.5411258, 25.0399115]
			},
			"properties": {
				"場館編號": 15411,
				"場館名稱": "懷生國中籃球場",
				"所在地址": "臺北市大安區忠孝東路三段248巷30號",
				"場館連絡電話": "02-27215078#331",
				"場館官方網站": "http://www.hsjh.tp.edu.tw",
				"場館停車場類型": "無停車場"
			}
		},
		{
			"type": "Feature",
			"geometry": {
				"type": "Point",
				"coordinates": [121.5284336, 25.03260392]
			},
			"properties": {
				"場館編號": 15413,
				"場館名稱": "金華國小運動場",
				"所在地址": "臺北市大安區永康里愛國東路79巷11號",
				"場館連絡電話": "02-23917402#831",
				"場館官方網站": "http://www.cups.tp.edu.tw",
				"場館停車場類型": "無停車場"
			}
		},
		{
			"type": "Feature",
			"geometry": {
				"type": "Point",
				"coordinates": [121.54117, 25.03207447]
			},
			"properties": {
				"場館編號": 15415,
				"場館名稱": "大安高工田徑場",
				"所在地址": "臺北市大安區龍圖里復興南路2段52號",
				"場館連絡電話": "02-27091630#123",
				"場館官方網站": "http://www.taivs.tp.edu.tw",
				"場館停車場類型": "一般及無障礙停車場"
			}
		},
		{
			"type": "Feature",
			"geometry": {
				"type": "Point",
				"coordinates": [121.5430194, 24.99625884]
			},
			"properties": {
				"場館編號": 15417,
				"場館名稱": "景興國中活動中心",
				"所在地址": "臺北市文山區景華里景興路46巷2號",
				"場館連絡電話": "02-29323794#132",
				"場館官方網站": "http://www.chhs.tp.edu.tw",
				"場館停車場類型": "無停車場"
			}
		},
		{
			"type": "Feature",
			"geometry": {
				"type": "Point",
				"coordinates": [121.5416622, 25.03195941]
			},
			"properties": {
				"場館編號": 15419,
				"場館名稱": "大安高工學生活動中心",
				"所在地址": "臺北市大安區龍圖里復興南路2段52號",
				"場館連絡電話": "02-27091630#123",
				"場館官方網站": "http://www.taivs.tp.edu.tw",
				"場館停車場類型": "一般及無障礙停車場"
			}
		},
		{
			"type": "Feature",
			"geometry": {
				"type": "Point",
				"coordinates": [121.5474129, 24.87133058]
			},
			"properties": {
				"場館編號": 15420,
				"場館名稱": "堰堤籃球場",
				"所在地址": "新北市烏來區忠治里20新烏路五段112號旁",
				"場館連絡電話": "02-26616442#254",
				"場館官方網站": "https://www.wulai.ntpc.gov.tw/",
				"場館停車場類型": "一般及無障礙停車場"
			}
		},
		{
			"type": "Feature",
			"geometry": {
				"type": "Point",
				"coordinates": [121.4662613, 25.12660924]
			},
			"properties": {
				"場館編號": 15422,
				"場館名稱": "關渡國小運動中心",
				"所在地址": "臺北市北投區中央北路4段581號",
				"場館連絡電話": "02-28975205",
				"場館官方網站": "http://www.kdps.tp.edu.tw/",
				"場館停車場類型": "一般及無障礙停車場"
			}
		},
		{
			"type": "Feature",
			"geometry": {
				"type": "Point",
				"coordinates": [121.5485072, 24.86258933]
			},
			"properties": {
				"場館編號": 15423,
				"場館名稱": "烏來風雨操場",
				"所在地址": "新北市烏來區烏來里13鄰環山路82巷3號(烏來˙基督長老教會旁)",
				"場館連絡電話": "02-26616442#254",
				"場館官方網站": "https://www.wulai.ntpc.gov.tw/",
				"場館停車場類型": "一般及無障礙停車場"
			}
		},
		{
			"type": "Feature",
			"geometry": {
				"type": "Point",
				"coordinates": [121.5873241, 25.03874504]
			},
			"properties": {
				"場館編號": 15427,
				"場館名稱": "田徑場",
				"所在地址": "臺北市信義區中行里褔德街253號",
				"場館連絡電話": "02-27277992#24",
				"場館官方網站": "http://www.fdps.tp.edu.tw",
				"場館停車場類型": "無停車場"
			}
		},
		{
			"type": "Feature",
			"geometry": {
				"type": "Point",
				"coordinates": [121.5259552, 24.83609899]
			},
			"properties": {
				"場館編號": 15428,
				"場館名稱": "信賢風雨操場",
				"所在地址": "新北市烏來區信賢里6鄰信福路40號(信賢基督長老教會旁)",
				"場館連絡電話": "02-26616442#254",
				"場館官方網站": "https://www.wulai.ntpc.gov.tw/",
				"場館停車場類型": "一般及無障礙停車場"
			}
		},
		{
			"type": "Feature",
			"geometry": {
				"type": "Point",
				"coordinates": [121.5039665, 25.13458626]
			},
			"properties": {
				"場館編號": 15429,
				"場館名稱": "北投國中運動場",
				"所在地址": "臺北市北投區溫泉里溫泉路62號",
				"場館連絡電話": "02-28912091#304",
				"場館官方網站": "http://www.ptjh.tp.edu.tw",
				"場館停車場類型": "無停車場"
			}
		},
		{
			"type": "Feature",
			"geometry": {
				"type": "Point",
				"coordinates": [121.4990724, 25.02667263]
			},
			"properties": {
				"場館編號": 15431,
				"場館名稱": "西園國小活動中心",
				"所在地址": "臺北市萬華區東園街73巷65號",
				"場館連絡電話": "02-23030257#112",
				"場館官方網站": "http://www.hups.tp.edu.tw",
				"場館停車場類型": "一般及無障礙停車場"
			}
		},
		{
			"type": "Feature",
			"geometry": {
				"type": "Point",
				"coordinates": [121.4990151, 25.02947613]
			},
			"properties": {
				"場館編號": 15432,
				"場館名稱": "雙園國小溫水游泳池",
				"所在地址": "臺北市萬華區雙園里莒光路315號",
				"場館連絡電話": "02-23061893#165",
				"場館官方網站": "http://www.syps.tp.edu.tw",
				"場館停車場類型": "無停車場"
			}
		},
		{
			"type": "Feature",
			"geometry": {
				"type": "Point",
				"coordinates": [121.527881, 25.03261364]
			},
			"properties": {
				"場館編號": 15433,
				"場館名稱": "金華國小華樓",
				"所在地址": "臺北市大安區永康里愛國東路79巷11號",
				"場館連絡電話": "02-23917402#831",
				"場館官方網站": "http://www.cups.tp.edu.tw/./",
				"場館停車場類型": "無停車場"
			}
		},
		{
			"type": "Feature",
			"geometry": {
				"type": "Point",
				"coordinates": [121.5430784, 24.99622967]
			},
			"properties": {
				"場館編號": 15435,
				"場館名稱": "景興國中游泳池",
				"所在地址": "臺北市文山區景華里景興路46巷2號",
				"場館連絡電話": "02-29323794#132",
				"場館官方網站": "http://www.chhs.tp.edu.tw",
				"場館停車場類型": "無停車場"
			}
		},
		{
			"type": "Feature",
			"geometry": {
				"type": "Point",
				"coordinates": [121.5875709, 25.04484454]
			},
			"properties": {
				"場館編號": 15436,
				"場館名稱": "成德國中活動中心",
				"所在地址": "臺北市南港區東新街108巷23號",
				"場館連絡電話": "02-27825000",
				"場館官方網站": "http://www.cdjh.tp.edu.tw/",
				"場館停車場類型": "一般及無障礙停車場"
			}
		},
		{
			"type": "Feature",
			"geometry": {
				"type": "Point",
				"coordinates": [121.384812, 24.95394155]
			},
			"properties": {
				"場館編號": 15442,
				"場館名稱": "柑園國中林長壽紀念館",
				"所在地址": "新北市樹林區柑園街二段125號",
				"場館連絡電話": "02-26801958#109",
				"場館官方網站": "http://www.gyjh.ntpc.edu.tw",
				"場館停車場類型": "無停車場"
			}
		},
		{
			"type": "Feature",
			"geometry": {
				"type": "Point",
				"coordinates": [121.4967996, 24.91113948]
			},
			"properties": {
				"場館編號": 15443,
				"場館名稱": "康橋高中體育館",
				"所在地址": "新北市新店區華城路800號",
				"場館連絡電話": "02-81952175",
				"場館官方網站": "http://www.kcbs.ntpc.edu.tw",
				"場館停車場類型": "無停車場"
			}
		},
		{
			"type": "Feature",
			"geometry": {
				"type": "Point",
				"coordinates": [121.3842702, 24.95346402]
			},
			"properties": {
				"場館編號": 15444,
				"場館名稱": "柑園國中田徑場",
				"所在地址": "新北市樹林區柑園街二段125號",
				"場館連絡電話": "02-26801958#109",
				"場館官方網站": "http://www.gyjh.ntpc.edu.tw",
				"場館停車場類型": "無停車場"
			}
		},
		{
			"type": "Feature",
			"geometry": {
				"type": "Point",
				"coordinates": [121.3850212, 24.9535429]
			},
			"properties": {
				"場館編號": 15448,
				"場館名稱": "柑園國中籃球場",
				"所在地址": "新北市樹林區柑園街二段125號",
				"場館連絡電話": "02-26801958#109",
				"場館官方網站": "http://www.gyjh.ntpc.edu.tw",
				"場館停車場類型": "無停車場"
			}
		},
		{
			"type": "Feature",
			"geometry": {
				"type": "Point",
				"coordinates": [121.3847999, 24.95410908]
			},
			"properties": {
				"場館編號": 15449,
				"場館名稱": "柑園國中排球場",
				"所在地址": "新北市樹林區柑園街二段125號",
				"場館連絡電話": "02-26801958#109",
				"場館官方網站": "http://www.gyjh.ntpc.edu.tw",
				"場館停車場類型": "無停車場"
			}
		},
		{
			"type": "Feature",
			"geometry": {
				"type": "Point",
				"coordinates": [121.5764773, 24.98940328]
			},
			"properties": {
				"場館編號": 15481,
				"場館名稱": "萬興國小運動中心",
				"所在地址": "臺北市文山區秀明路2段114號",
				"場館連絡電話": "02-29381721#124",
				"場館官方網站": "http://www.wxes.tp.edu.tw/",
				"場館停車場類型": "一般及無障礙停車場"
			}
		},
		{
			"type": "Feature",
			"geometry": {
				"type": "Point",
				"coordinates": [121.5467155, 25.05149775]
			},
			"properties": {
				"場館編號": 15490,
				"場館名稱": "敦化國中運動場暨活動中心",
				"所在地址": "臺北市松山區南京東路三段300號",
				"場館連絡電話": "02-87717890#250",
				"場館官方網站": "http://www.thjh.tp.edu.tw",
				"場館停車場類型": ""
			}
		},
		{
			"type": "Feature",
			"geometry": {
				"type": "Point",
				"coordinates": [121.5357184, 25.02326893]
			},
			"properties": {
				"場館編號": 15497,
				"場館名稱": "龍安國小水資源教室",
				"所在地址": "臺北市大安區龍門里新生南路3段33號",
				"場館連絡電話": "02-23632077",
				"場館官方網站": "http://www.laes.tp.edu.tw",
				"場館停車場類型": "無停車場"
			}
		},
		{
			"type": "Feature",
			"geometry": {
				"type": "Point",
				"coordinates": [121.5763432, 25.12878264]
			},
			"properties": {
				"場館編號": 15498,
				"場館名稱": "平等國小",
				"所在地址": "臺北市士林區平等里平菁街101號",
				"場館連絡電話": "02-28610503#821",
				"場館官方網站": "http://www.pdps.tp.edu.tw",
				"場館停車場類型": "無停車場"
			}
		},
		{
			"type": "Feature",
			"geometry": {
				"type": "Point",
				"coordinates": [121.550594, 25.03717516]
			},
			"properties": {
				"場館編號": 15501,
				"場館名稱": "仁愛國中活動中心",
				"所在地址": "臺北市大安區敦安里仁愛路4段130號",
				"場館連絡電話": "02-23255823#3206",
				"場館官方網站": "http://www.jajh.tp.edu.tw",
				"場館停車場類型": "無停車場"
			}
		},
		{
			"type": "Feature",
			"geometry": {
				"type": "Point",
				"coordinates": [121.4962363, 25.03561498]
			},
			"properties": {
				"場館編號": 15535,
				"場館名稱": "龍山國小活動中心",
				"所在地址": "臺北市萬華區青山里和平西路三段235號",
				"場館連絡電話": "02-23082977",
				"場館官方網站": "http://www.lses.tp.edu.tw",
				"場館停車場類型": "一般及無障礙停車場"
			}
		},
		{
			"type": "Feature",
			"geometry": {
				"type": "Point",
				"coordinates": [121.4963114, 25.03603297]
			},
			"properties": {
				"場館編號": 15536,
				"場館名稱": "田徑場",
				"所在地址": "臺北市萬華區青山里和平西路三段235號",
				"場館連絡電話": "02-23082977",
				"場館官方網站": "http://www.lses.tp.edu.tw",
				"場館停車場類型": "一般及無障礙停車場"
			}
		},
		{
			"type": "Feature",
			"geometry": {
				"type": "Point",
				"coordinates": [121.5389514, 25.16889522]
			},
			"properties": {
				"場館編號": 15550,
				"場館名稱": "湖田國小操場",
				"所在地址": "臺北市北投區湖田里竹子湖路17之2號",
				"場館連絡電話": "02-28616963#37",
				"場館官方網站": "http://www.htes.tp.edu.tw",
				"場館停車場類型": "無停車場"
			}
		},
		{
			"type": "Feature",
			"geometry": {
				"type": "Point",
				"coordinates": [121.5388647, 25.01117626]
			},
			"properties": {
				"場館編號": 15551,
				"場館名稱": "民族實中體育館",
				"所在地址": "臺北市大安區羅斯福路4段113巷13號",
				"場館連絡電話": "02-27322935#236",
				"場館官方網站": "http://www.mtjh.tp.edu.tw",
				"場館停車場類型": ""
			}
		},
		{
			"type": "Feature",
			"geometry": {
				"type": "Point",
				"coordinates": [121.5386528, 25.01045981]
			},
			"properties": {
				"場館編號": 15562,
				"場館名稱": "民族國中田徑場",
				"所在地址": "臺北市大安區羅斯福路4段113巷13號",
				"場館連絡電話": "02-27322935",
				"場館官方網站": "http://www.mtjh.tp.edu.tw",
				"場館停車場類型": "一般及無障礙停車場"
			}
		},
		{
			"type": "Feature",
			"geometry": {
				"type": "Point",
				"coordinates": [121.5387011, 24.99448421]
			},
			"properties": {
				"場館編號": 15573,
				"場館名稱": "溪口國小活動中心",
				"所在地址": "臺北市文山區景慶里景福街225號",
				"場館連絡電話": "02-29350955#715",
				"場館官方網站": "http://web.skps.tp.edu.tw/enableweb/",
				"場館停車場類型": "無停車場"
			}
		},
		{
			"type": "Feature",
			"geometry": {
				"type": "Point",
				"coordinates": [121.5512162, 25.05959386]
			},
			"properties": {
				"場館編號": 15584,
				"場館名稱": "民族國小操場",
				"所在地址": "臺北市松山區民生東路4段97巷7號",
				"場館連絡電話": "02-27124872#929",
				"場館官方網站": "http://enable.mces.tp.edu.tw/front/bin/home.phtml",
				"場館停車場類型": "無停車場"
			}
		},
		{
			"type": "Feature",
			"geometry": {
				"type": "Point",
				"coordinates": [121.5087032, 25.03500256]
			},
			"properties": {
				"場館編號": 15585,
				"場館名稱": "南門國小籃球場、綜合球場",
				"所在地址": "臺北市中正區南門里廣州街6號",
				"場館連絡電話": "02-23715052#304",
				"場館官方網站": "http://www.nmes.tp.edu.tw",
				"場館停車場類型": "無停車場"
			}
		},
		{
			"type": "Feature",
			"geometry": {
				"type": "Point",
				"coordinates": [121.5799588, 25.11987512]
			},
			"properties": {
				"場館編號": 15590,
				"場館名稱": "溪山國小運動場",
				"所在地址": "臺北市士林區溪山里至善路3段199號",
				"場館連絡電話": "02-28411010#115",
				"場館官方網站": "http://www.hops.tp.edu.tw",
				"場館停車場類型": ""
			}
		},
		{
			"type": "Feature",
			"geometry": {
				"type": "Point",
				"coordinates": [121.5699407, 25.04680555]
			},
			"properties": {
				"場館編號": 15595,
				"場館名稱": "興雅國小活動中心",
				"所在地址": "臺北市信義區雅祥里基隆路1段83巷9號",
				"場館連絡電話": "02-27618156",
				"場館官方網站": "http://www.hyps.tp.edu.tw",
				"場館停車場類型": ""
			}
		},
		{
			"type": "Feature",
			"geometry": {
				"type": "Point",
				"coordinates": [121.5500683, 25.01824753]
			},
			"properties": {
				"場館編號": 15600,
				"場館名稱": "芳和實中籃球場",
				"所在地址": "臺北市大安區芳和里臥龍街170號",
				"場館連絡電話": "02-27321961#304",
				"場館官方網站": "http://www.fhjhs.tp.edu.tw",
				"場館停車場類型": "無停車場"
			}
		},
		{
			"type": "Feature",
			"geometry": {
				"type": "Point",
				"coordinates": [121.6126925, 25.03463803]
			},
			"properties": {
				"場館編號": 15618,
				"場館名稱": "南港區四分綠地",
				"所在地址": "臺北市南港區研究院路三段68巷8號",
				"場館連絡電話": "02-87916654",
				"場館官方網站": "http://pkl.taipei.gov.tw",
				"場館停車場類型": "無停車場"
			}
		},
		{
			"type": "Feature",
			"geometry": {
				"type": "Point",
				"coordinates": [121.4505905, 25.22631]
			},
			"properties": {
				"場館編號": 15621,
				"場館名稱": "聖約翰科技大學百齡韻律教室",
				"所在地址": "新北市淡水區淡金路四段499號",
				"場館連絡電話": "02-28013131#6244",
				"場館官方網站": "http://www.sju.edu.tw/",
				"場館停車場類型": "一般及無障礙停車場"
			}
		},
		{
			"type": "Feature",
			"geometry": {
				"type": "Point",
				"coordinates": [121.4454728, 25.01975446]
			},
			"properties": {
				"場館編號": 15623,
				"場館名稱": "新北市板橋區特二橋南面籃球場(大漢溪右岸自行車道4.5KM處)",
				"所在地址": "新北市板橋區特二橋南面籃球場(大漢溪右岸自行車道4.5KM處)",
				"場館連絡電話": "02-89699596#521",
				"場館官方網站": "http://www.rhbd.ntpc.gov.tw/cht/index.php?",
				"場館停車場類型": "無停車場"
			}
		},
		{
			"type": "Feature",
			"geometry": {
				"type": "Point",
				"coordinates": [121.4444831, 25.01793885]
			},
			"properties": {
				"場館編號": 15624,
				"場館名稱": "新北市板橋區特二橋南面籃球場(大漢溪右岸自行車道4.7KM處)",
				"所在地址": "新北市板橋區特二橋南面籃球場(大漢溪右岸自行車道4.7KM處)",
				"場館連絡電話": "02-89699596#521",
				"場館官方網站": "http://www.rhbd.ntpc.gov.tw/cht/index.php?",
				"場館停車場類型": "無停車場"
			}
		},
		{
			"type": "Feature",
			"geometry": {
				"type": "Point",
				"coordinates": [121.5119058, 25.0792342]
			},
			"properties": {
				"場館編號": 15626,
				"場館名稱": "士林區福德綠地溜冰場",
				"所在地址": "臺北市士林區重慶北路四段1巷",
				"場館連絡電話": "02-23815132",
				"場館官方網站": "https://parks.taipei/parks/m2/pkl_parks_m2C.php?sid=544",
				"場館停車場類型": "無停車場"
			}
		},
		{
			"type": "Feature",
			"geometry": {
				"type": "Point",
				"coordinates": [121.5867448, 25.07697004]
			},
			"properties": {
				"場館編號": 15630,
				"場館名稱": "內湖區紫陽綠地",
				"所在地址": "臺北市內湖區文德路210巷30弄附近",
				"場館連絡電話": "02-25702330#6514",
				"場館官方網站": "https://vbs.sports.taipei/",
				"場館停車場類型": "無停車場"
			}
		},
		{
			"type": "Feature",
			"geometry": {
				"type": "Point",
				"coordinates": [121.4405215, 24.9993899]
			},
			"properties": {
				"場館編號": 15631,
				"場館名稱": "浮洲籃球場",
				"所在地址": "新北市板橋區浮洲橋與鐵路橋間",
				"場館連絡電話": "02-89699596#521",
				"場館官方網站": "http://www.rhbd.ntpc.gov.tw/cht/index.php?",
				"場館停車場類型": "一般及無障礙停車場"
			}
		},
		{
			"type": "Feature",
			"geometry": {
				"type": "Point",
				"coordinates": [121.4643663, 25.06754853]
			},
			"properties": {
				"場館編號": 15634,
				"場館名稱": "新北市五股區陽光運河左側足球場(二重環狀自行車道3.0KM)",
				"所在地址": "新北市五股區疏洪十路北側足球場(二重環狀自行車道3.0KM足球場)",
				"場館連絡電話": "02-89699596#501",
				"場館官方網站": "https://www.hrcm.ntpc.gov.tw/",
				"場館停車場類型": "無停車場"
			}
		},
		{
			"type": "Feature",
			"geometry": {
				"type": "Point",
				"coordinates": [121.4372063, 24.98007717]
			},
			"properties": {
				"場館編號": 15635,
				"場館名稱": "新北市土城區溪州河濱運動公園足球場(大漢溪右岸自行車道9KM處)",
				"所在地址": "新北市土城區溪州河濱運動公園足球場(大漢溪右岸自行車道9KM處)",
				"場館連絡電話": "02-89699596#501",
				"場館官方網站": "http://www.rhbd.ntpc.gov.tw/cht/index.php?",
				"場館停車場類型": "無停車場"
			}
		},
		{
			"type": "Feature",
			"geometry": {
				"type": "Point",
				"coordinates": [121.436922, 24.97948393]
			},
			"properties": {
				"場館編號": 15636,
				"場館名稱": "新北市土城區溪州河濱運動公園溜冰場(大漢溪右岸自行車道9.1KM處)",
				"所在地址": "新北市土城區溪州河濱運動公園溜冰場(大漢溪右岸自行車道9.1KM處)",
				"場館連絡電話": "02-89699596#521",
				"場館官方網站": "http://www.rhbd.ntpc.gov.tw/cht/index.php?",
				"場館停車場類型": "無停車場"
			}
		},
		{
			"type": "Feature",
			"geometry": {
				"type": "Point",
				"coordinates": [121.436643, 24.97842873]
			},
			"properties": {
				"場館編號": 15638,
				"場館名稱": "新北市土城區溪州河濱運動公園籃球場(大漢溪右岸自行車道9.2KM處)",
				"所在地址": "新北市土城區溪州河濱運動公園籃球場(大漢溪右岸自行車道9.2KM處)",
				"場館連絡電話": "02-89699596#521",
				"場館官方網站": "http://www.rhbd.ntpc.gov.tw/cht/index.php?",
				"場館停車場類型": "無停車場"
			}
		},
		{
			"type": "Feature",
			"geometry": {
				"type": "Point",
				"coordinates": [121.4713347, 25.06437547]
			},
			"properties": {
				"場館編號": 15647,
				"場館名稱": "新北市三重區疏洪十二路旁籃球場(二重環狀自行車道2.0KM處)",
				"所在地址": "新北市三重區疏洪十二路旁籃球場(二重環狀自行車道2.0KM處)",
				"場館連絡電話": "02-89699596#521",
				"場館官方網站": "http://www.rhbd.ntpc.gov.tw/cht/index.php?",
				"場館停車場類型": "無停車場"
			}
		},
		{
			"type": "Feature",
			"geometry": {
				"type": "Point",
				"coordinates": [121.5310407, 25.05025364]
			},
			"properties": {
				"場館編號": 15648,
				"場館名稱": "長安國小體育館",
				"所在地址": "臺北市中山區興亞里吉林路15號",
				"場館連絡電話": "02-25617600#123",
				"場館官方網站": "http://www.caps.tp.edu.tw",
				"場館停車場類型": "一般及無障礙停車場"
			}
		},
		{
			"type": "Feature",
			"geometry": {
				"type": "Point",
				"coordinates": [121.5360457, 25.03002053]
			},
			"properties": {
				"場館編號": 15649,
				"場館名稱": "大安森林公園",
				"所在地址": "臺北市大安新生南路2段1號",
				"場館連絡電話": "02-25702330#6530",
				"場館官方網站": "https://sports.gov.taipei/",
				"場館停車場類型": "一般及無障礙停車場"
			}
		},
		{
			"type": "Feature",
			"geometry": {
				"type": "Point",
				"coordinates": [121.4732766, 25.06278162]
			},
			"properties": {
				"場館編號": 15657,
				"場館名稱": "新北市三重區中山棒球場",
				"所在地址": "新北市三重區台一線橋北面棒球場(二重環狀自行車道1.7KM處)",
				"場館連絡電話": "02-89699596#521",
				"場館官方網站": "http://www.rhbd.ntpc.gov.tw/cht/index.php?",
				"場館停車場類型": "無停車場"
			}
		},
		{
			"type": "Feature",
			"geometry": {
				"type": "Point",
				"coordinates": [121.4756101, 25.06259211]
			},
			"properties": {
				"場館編號": 15658,
				"場館名稱": "新北市三重區台一線橋北面溜冰場(二重環狀自行車道1.6KM處)",
				"所在地址": "新北市三重區台一線橋北面溜冰場(二重環狀自行車道1.6KM處)",
				"場館連絡電話": "02-89699596#521",
				"場館官方網站": "http://www.rhbd.ntpc.gov.tw/cht/index.php?",
				"場館停車場類型": "無停車場"
			}
		},
		{
			"type": "Feature",
			"geometry": {
				"type": "Point",
				"coordinates": [121.4749181, 25.06157651]
			},
			"properties": {
				"場館編號": 15660,
				"場館名稱": "新北市三重區台一線橋下半場籃球場(二重環狀自行車道1.5KM處)",
				"所在地址": "新北市三重區台一線橋下半場籃球場(二重環狀自行車道1.5KM處)",
				"場館連絡電話": "02-89699596#521",
				"場館官方網站": "http://www.rhbd.ntpc.gov.tw/cht/index.php?",
				"場館停車場類型": "無停車場"
			}
		},
		{
			"type": "Feature",
			"geometry": {
				"type": "Point",
				"coordinates": [121.3464618, 24.93634488]
			},
			"properties": {
				"場館編號": 15662,
				"場館名稱": "新北市鶯歌區國道三號北面槌球場(大漢溪左岸自行車道21.2KM處)",
				"所在地址": "新北市鶯歌區國道三號北面槌球場(大漢溪左岸自行車道21.2KM處)",
				"場館連絡電話": "02-89699596#508",
				"場館官方網站": "http://www.rhbd.ntpc.gov.tw/cht/index.php?",
				"場館停車場類型": "無停車場"
			}
		},
		{
			"type": "Feature",
			"geometry": {
				"type": "Point",
				"coordinates": [121.5395862, 25.06334595]
			},
			"properties": {
				"場館編號": 15708,
				"場館名稱": "榮星花園公園",
				"所在地址": "臺北市中山區民權東路三段1號",
				"場館連絡電話": "02-25702330",
				"場館官方網站": "https://sports.gov.taipei/",
				"場館停車場類型": "無停車場"
			}
		},
		{
			"type": "Feature",
			"geometry": {
				"type": "Point",
				"coordinates": [121.3875532, 24.96758937]
			},
			"properties": {
				"場館編號": 15711,
				"場館名稱": "新北市樹林區樹林河濱公園籃球場(大漢溪左岸自行車道15.5KM處)",
				"所在地址": "新北市樹林區樹林河濱公園籃球場(大漢溪左岸自行車道15.5KM處)",
				"場館連絡電話": "02-89699596#521",
				"場館官方網站": "http://www.rhbd.ntpc.gov.tw/cht/index.php?",
				"場館停車場類型": "無停車場"
			}
		},
		{
			"type": "Feature",
			"geometry": {
				"type": "Point",
				"coordinates": [121.4135063, 24.97025432]
			},
			"properties": {
				"場館編號": 15713,
				"場館名稱": "新北市樹林區柑園二橋北面籃球場(大漢溪左岸自行車道12.7KM處)",
				"所在地址": "新北市樹林區柑園二橋北面籃球場(大漢溪左岸自行車道12.7KM處)",
				"場館連絡電話": "02-89699596#521",
				"場館官方網站": "http://www.rhbd.ntpc.gov.tw/cht/index.php?",
				"場館停車場類型": "無停車場"
			}
		},
		{
			"type": "Feature",
			"geometry": {
				"type": "Point",
				"coordinates": [121.4383703, 25.01431119]
			},
			"properties": {
				"場館編號": 15719,
				"場館名稱": "新北市新莊區17號越堤道圓環南面棒球場(大漢溪左岸自行車道6.5KM處)",
				"所在地址": "新北市新莊區17號越堤道圓環南面棒球場(大漢溪左岸自行車道6.5KM處)",
				"場館連絡電話": "02-89699596#521",
				"場館官方網站": "http://www.rhbd.ntpc.gov.tw/cht/index.php?",
				"場館停車場類型": "無停車場"
			}
		},
		{
			"type": "Feature",
			"geometry": {
				"type": "Point",
				"coordinates": [121.4422113, 25.02237452]
			},
			"properties": {
				"場館編號": 15720,
				"場館名稱": "新北市新莊區西盛環保河濱公園溜冰場(大漢溪左岸自行車道5.6KM處)",
				"所在地址": "新北市新莊區西盛環保河濱公園溜冰場(大漢溪左岸自行車道5.6KM處)",
				"場館連絡電話": "02-89699596#521",
				"場館官方網站": "http://www.rhbd.ntpc.gov.tw/cht/index.php?",
				"場館停車場類型": "無停車場"
			}
		},
		{
			"type": "Feature",
			"geometry": {
				"type": "Point",
				"coordinates": [121.4422274, 25.02241827]
			},
			"properties": {
				"場館編號": 15721,
				"場館名稱": "新北市新莊區西盛環保河濱公園溜冰場(大漢溪左岸自行車道5.55KM處)",
				"所在地址": "新北市新莊區西盛環保河濱公園溜冰場(大漢溪左岸自行車道5.55KM處)",
				"場館連絡電話": "02-89699596#521",
				"場館官方網站": "http://www.rhbd.ntpc.gov.tw/cht/index.php?",
				"場館停車場類型": "無停車場"
			}
		},
		{
			"type": "Feature",
			"geometry": {
				"type": "Point",
				"coordinates": [121.4451724, 25.02574796]
			},
			"properties": {
				"場館編號": 15722,
				"場館名稱": "新北市新莊區西盛環保河濱公園籃球場(大漢溪左岸自行車道5.1KM處)",
				"所在地址": "新北市新莊區西盛環保河濱公園籃球場(大漢溪左岸自行車道5.1KM處)",
				"場館連絡電話": "02-89699596#521",
				"場館官方網站": "http://www.rhbd.ntpc.gov.tw/cht/index.php?",
				"場館停車場類型": "無停車場"
			}
		},
		{
			"type": "Feature",
			"geometry": {
				"type": "Point",
				"coordinates": [121.445623, 25.02583546]
			},
			"properties": {
				"場館編號": 15723,
				"場館名稱": "新北市新莊區西盛環保河濱公園槌球場(大漢溪左岸自行車道5.0KM處)",
				"所在地址": "新北市新莊區西盛環保河濱公園槌球場(大漢溪左岸自行車道5.0KM處)",
				"場館連絡電話": "02-89699596#521",
				"場館官方網站": "http://www.rhbd.ntpc.gov.tw/cht/index.php?",
				"場館停車場類型": "無停車場"
			}
		},
		{
			"type": "Feature",
			"geometry": {
				"type": "Point",
				"coordinates": [121.4459825, 25.02623404]
			},
			"properties": {
				"場館編號": 15729,
				"場館名稱": "新北市新莊區西盛環保河濱公園籃球場(大漢溪左岸自行車道4.9KM處)",
				"所在地址": "新北市新莊區西盛環保河濱公園籃球場(大漢溪左岸自行車道4.9KM處)",
				"場館連絡電話": "02-89699596#521",
				"場館官方網站": "http://www.rhbd.ntpc.gov.tw/cht/index.php?",
				"場館停車場類型": "無停車場"
			}
		},
		{
			"type": "Feature",
			"geometry": {
				"type": "Point",
				"coordinates": [121.4743388, 25.04339138]
			},
			"properties": {
				"場館編號": 15730,
				"場館名稱": "新北市三重區新北環快南面籃球場(大漢溪左岸自行車道1.4KM處)",
				"所在地址": "新北市三重區新北環快南面籃球場(大漢溪左岸自行車道1.4KM處)",
				"場館連絡電話": "02-89699596#521",
				"場館官方網站": "http://www.rhbd.ntpc.gov.tw/cht/index.php?",
				"場館停車場類型": "一般及無障礙停車場"
			}
		},
		{
			"type": "Feature",
			"geometry": {
				"type": "Point",
				"coordinates": [121.5099263, 25.10258276]
			},
			"properties": {
				"場館編號": 15731,
				"場館名稱": "洲美國小運動場",
				"所在地址": "臺北市北投區洲美里洲美街185號",
				"場館連絡電話": "(02)28313619",
				"場館官方網站": "http://www.cmps.tp.edu.tw",
				"場館停車場類型": "一般及無障礙停車場"
			}
		},
		{
			"type": "Feature",
			"geometry": {
				"type": "Point",
				"coordinates": [121.4747036, 25.04350802]
			},
			"properties": {
				"場館編號": 15733,
				"場館名稱": "新北市三重區新北環快南面溜冰場(大漢溪左岸自行車道1.3KM處)",
				"所在地址": "新北市三重區新北環快南面溜冰場(大漢溪左岸自行車道1.3KM處)",
				"場館連絡電話": "02-89699596#521",
				"場館官方網站": "http://www.rhbd.ntpc.gov.tw/cht/index.php?",
				"場館停車場類型": "無停車場"
			}
		},
		{
			"type": "Feature",
			"geometry": {
				"type": "Point",
				"coordinates": [121.4120686, 24.96419488]
			},
			"properties": {
				"場館編號": 15755,
				"場館名稱": "媽祖田棒壘球場",
				"所在地址": "新北市土城區土城環保公園(大漢溪右岸自行車道12KM)",
				"場館連絡電話": "02-89699596#521",
				"場館官方網站": "http://www.rhbd.ntpc.gov.tw/cht/index.php?",
				"場館停車場類型": "無停車場"
			}
		},
		{
			"type": "Feature",
			"geometry": {
				"type": "Point",
				"coordinates": [121.4178836, 24.9657122]
			},
			"properties": {
				"場館編號": 15756,
				"場館名稱": "媽祖田運動公園溜冰場",
				"所在地址": "新北市土城區土城媽祖田運動公園溜冰場(大漢溪右岸自行車道11.6KM)",
				"場館連絡電話": "02-89699596#521",
				"場館官方網站": "http://www.rhbd.ntpc.gov.tw/cht/index.php?",
				"場館停車場類型": "無停車場"
			}
		},
		{
			"type": "Feature",
			"geometry": {
				"type": "Point",
				"coordinates": [121.4190745, 24.96614989]
			},
			"properties": {
				"場館編號": 15762,
				"場館名稱": "新北市土城區土城媽祖田運動公園南面籃球場(大漢溪右岸自行車道11.5KM)",
				"所在地址": "新北市土城區土城媽祖田運動公園南面籃球場(大漢溪右岸自行車道11.5KM)",
				"場館連絡電話": "02-89699596#521",
				"場館官方網站": "http://www.rhbd.ntpc.gov.tw/cht/index.php?",
				"場館停車場類型": "無停車場"
			}
		},
		{
			"type": "Feature",
			"geometry": {
				"type": "Point",
				"coordinates": [121.4506227, 25.2263003]
			},
			"properties": {
				"場館編號": 15764,
				"場館名稱": "聖約翰科技大學自強排球場",
				"所在地址": "新北市淡水區淡金路四段499號",
				"場館連絡電話": "02-28013131#6217",
				"場館官方網站": "http://www.sju.edu.tw/",
				"場館停車場類型": "一般及無障礙停車場"
			}
		},
		{
			"type": "Feature",
			"geometry": {
				"type": "Point",
				"coordinates": [121.4506227, 25.2263003]
			},
			"properties": {
				"場館編號": 15765,
				"場館名稱": "聖約翰科技大學自強排球場",
				"所在地址": "新北市淡水區淡金路四段499號",
				"場館連絡電話": "02-28013131#6217",
				"場館官方網站": "http://www.sju.edu.tw/",
				"場館停車場類型": "一般及無障礙停車場"
			}
		},
		{
			"type": "Feature",
			"geometry": {
				"type": "Point",
				"coordinates": [121.5949416, 25.08008446]
			},
			"properties": {
				"場館編號": 15767,
				"場館名稱": "田徑場",
				"所在地址": "臺北市內湖區清白里星雲街121號",
				"場館連絡電話": "02-27901237#140",
				"場館官方網站": "http://www.klps.tp.edu.tw",
				"場館停車場類型": "無停車場"
			}
		},
		{
			"type": "Feature",
			"geometry": {
				"type": "Point",
				"coordinates": [121.5512359, 25.03219141]
			},
			"properties": {
				"場館編號": 15770,
				"場館名稱": "東方工商籃球場",
				"所在地址": "臺北市大安區信義路四段186巷8號",
				"場館連絡電話": "02-27554616#199",
				"場館官方網站": "http://www.tfvs.tp.edu.tw",
				"場館停車場類型": "無停車場"
			}
		},
		{
			"type": "Feature",
			"geometry": {
				"type": "Point",
				"coordinates": [121.5512037, 25.03207616]
			},
			"properties": {
				"場館編號": 15771,
				"場館名稱": "東方工商排球場",
				"所在地址": "臺北市大安區信義路四段186巷8號",
				"場館連絡電話": "02-27554616",
				"場館官方網站": "http://www.tfvs.tp.edu.tw",
				"場館停車場類型": "無停車場"
			}
		},
		{
			"type": "Feature",
			"geometry": {
				"type": "Point",
				"coordinates": [121.5609419, 25.050137]
			},
			"properties": {
				"場館編號": 15778,
				"場館名稱": "中崙高中田徑場",
				"所在地址": "臺北市八德路四段101號",
				"場館連絡電話": "02-27535316#304",
				"場館官方網站": "http://www.zlsh.tp.edu.tw/index_redir.jsp?",
				"場館停車場類型": ""
			}
		},
		{
			"type": "Feature",
			"geometry": {
				"type": "Point",
				"coordinates": [121.5611726, 25.04981139]
			},
			"properties": {
				"場館編號": 15779,
				"場館名稱": "中崙高中游泳池",
				"所在地址": "臺北市八德路四段101號",
				"場館連絡電話": "02-27535316#304",
				"場館官方網站": "http://www.zlsh.tp.edu.tw/index_redir.jsp?",
				"場館停車場類型": ""
			}
		},
		{
			"type": "Feature",
			"geometry": {
				"type": "Point",
				"coordinates": [121.5379071, 25.09842446]
			},
			"properties": {
				"場館編號": 15787,
				"場館名稱": "至善公園羽球場",
				"所在地址": "臺北市士林區福林路至善路一段",
				"場館連絡電話": "02-25702330#6508",
				"場館官方網站": "https://sports.gov.taipei",
				"場館停車場類型": "一般及無障礙停車場"
			}
		},
		{
			"type": "Feature",
			"geometry": {
				"type": "Point",
				"coordinates": [121.5562391, 24.9827775]
			},
			"properties": {
				"場館編號": 15788,
				"場館名稱": "景美女中活動中心",
				"所在地址": "臺北市文山區樟新里木新路3段312號",
				"場館連絡電話": "02-29368847#339",
				"場館官方網站": "http://web.cmgsh.tp.edu.tw/nss/p/index",
				"場館停車場類型": "一般及無障礙停車場"
			}
		},
		{
			"type": "Feature",
			"geometry": {
				"type": "Point",
				"coordinates": [121.5557671, 24.98275805]
			},
			"properties": {
				"場館編號": 15789,
				"場館名稱": "景美女中田徑場",
				"所在地址": "臺北市文山區樟新里木新路3段312號",
				"場館連絡電話": "02-29368847#339",
				"場館官方網站": "http://web.cmgsh.tp.edu.tw/nss/p/index",
				"場館停車場類型": "一般及無障礙停車場"
			}
		},
		{
			"type": "Feature",
			"geometry": {
				"type": "Point",
				"coordinates": [121.5553433, 24.98285044]
			},
			"properties": {
				"場館編號": 15790,
				"場館名稱": "景美女中網球場",
				"所在地址": "臺北市文山區樟新里木新路3段312號",
				"場館連絡電話": "02-29368847#339",
				"場館官方網站": "http://web.cmgsh.tp.edu.tw/nss/p/index",
				"場館停車場類型": "一般及無障礙停車場"
			}
		},
		{
			"type": "Feature",
			"geometry": {
				"type": "Point",
				"coordinates": [121.5554237, 24.98250034]
			},
			"properties": {
				"場館編號": 15791,
				"場館名稱": "景美女中排球場",
				"所在地址": "臺北市文山區樟新里木新路3段312號",
				"場館連絡電話": "02-29368847#339",
				"場館官方網站": "http://web.cmgsh.tp.edu.tw/nss/p/index",
				"場館停車場類型": "一般及無障礙停車場"
			}
		},
		{
			"type": "Feature",
			"geometry": {
				"type": "Point",
				"coordinates": [121.5554988, 24.98280992]
			},
			"properties": {
				"場館編號": 15792,
				"場館名稱": "景美女中籃球場",
				"所在地址": "臺北市文山區樟新里木新路3段312號",
				"場館連絡電話": "02-29368847#339",
				"場館官方網站": "http://web.cmgsh.tp.edu.tw/nss/p/index",
				"場館停車場類型": "一般及無障礙停車場"
			}
		},
		{
			"type": "Feature",
			"geometry": {
				"type": "Point",
				"coordinates": [121.5246892, 25.04798473]
			},
			"properties": {
				"場館編號": 16404,
				"場館名稱": "華山公園",
				"所在地址": "臺北市中山區市民大道2段與林森北路交叉口",
				"場館連絡電話": "02-25850192",
				"場館官方網站": "http://pkl.taipei.gov.tw",
				"場館停車場類型": "無停車場"
			}
		},
		{
			"type": "Feature",
			"geometry": {
				"type": "Point",
				"coordinates": [121.592651, 25.06369412]
			},
			"properties": {
				"場館編號": 16413,
				"場館名稱": "內湖區石潭公園",
				"所在地址": "臺北市內湖區安康路25巷",
				"場館連絡電話": "02-25702330",
				"場館官方網站": "https://sports.tms.gov.tw/",
				"場館停車場類型": "無停車場"
			}
		},
		{
			"type": "Feature",
			"geometry": {
				"type": "Point",
				"coordinates": [121.5401652, 25.00383582]
			},
			"properties": {
				"場館編號": 16415,
				"場館名稱": "多功能活動中心",
				"所在地址": "臺北市文山區萬祥里興隆路1段68號",
				"場館連絡電話": "02-29314360#38",
				"場館官方網站": "http://www.wkps.tp.edu.tw",
				"場館停車場類型": "無停車場"
			}
		},
		{
			"type": "Feature",
			"geometry": {
				"type": "Point",
				"coordinates": [121.5182948, 25.05455451]
			},
			"properties": {
				"場館編號": 16424,
				"場館名稱": "建成公園籃球場",
				"所在地址": "臺北市大同區承德路二段35號旁",
				"場館連絡電話": "02-25702330",
				"場館官方網站": "https://sports.tms.gov.tw/venues/?K=871",
				"場館停車場類型": "一般及無障礙停車場"
			}
		},
		{
			"type": "Feature",
			"geometry": {
				"type": "Point",
				"coordinates": [121.5487325, 25.07941292]
			},
			"properties": {
				"場館編號": 16443,
				"場館名稱": "明水公園",
				"所在地址": "\t臺北市中山區北安路476巷47弄",
				"場館連絡電話": "02-25850192#233",
				"場館官方網站": "http://pkl.taipei.gov.tw",
				"場館停車場類型": "無停車場"
			}
		},
		{
			"type": "Feature",
			"geometry": {
				"type": "Point",
				"coordinates": [121.4252525, 25.1605213]
			},
			"properties": {
				"場館編號": 16464,
				"場館名稱": "八里區東海運休中心",
				"所在地址": "新北市八里區忠孝路81號",
				"場館連絡電話": "02-26102621",
				"場館官方網站": "https://www.bali.ntpc.gov.tw/news/index.php?mode=data&id=694&parent_id=10003&type_id=10083",
				"場館停車場類型": "無停車場"
			}
		},
		{
			"type": "Feature",
			"geometry": {
				"type": "Point",
				"coordinates": [121.5426868, 24.99342185]
			},
			"properties": {
				"場館編號": 16469,
				"場館名稱": "五育館",
				"所在地址": "臺北市文山區景華里景中街27號",
				"場館連絡電話": "02-89353130#502",
				"場館官方網站": "http://www.cmjh.tp.edu.tw",
				"場館停車場類型": "無停車場"
			}
		},
		{
			"type": "Feature",
			"geometry": {
				"type": "Point",
				"coordinates": [121.4508802, 25.22672734]
			},
			"properties": {
				"場館編號": 16471,
				"場館名稱": "聖約翰科技大學網球場",
				"所在地址": "新北市淡水區淡金路四段499號",
				"場館連絡電話": "02-28013131#6217",
				"場館官方網站": "http://www.sju.edu.tw/",
				"場館停車場類型": "一般及無障礙停車場"
			}
		},
		{
			"type": "Feature",
			"geometry": {
				"type": "Point",
				"coordinates": [121.4515346, 25.22742129]
			},
			"properties": {
				"場館編號": 16472,
				"場館名稱": "聖約翰科技大學網球場",
				"所在地址": "新北市淡水區淡金路四段499號",
				"場館連絡電話": "02-28013131#6217",
				"場館官方網站": "http://www.sju.edu.tw/",
				"場館停車場類型": "一般及無障礙停車場"
			}
		},
		{
			"type": "Feature",
			"geometry": {
				"type": "Point",
				"coordinates": [121.5504974, 25.00492741]
			},
			"properties": {
				"場館編號": 16505,
				"場館名稱": "興福國中活動中心",
				"所在地址": "臺北市文山區興旺里福興路80號",
				"場館連絡電話": "02-29322024#410",
				"場館官方網站": "http://www.hfjh.tp.edu.tw",
				"場館停車場類型": ""
			}
		},
		{
			"type": "Feature",
			"geometry": {
				"type": "Point",
				"coordinates": [121.4513576, 25.22721748]
			},
			"properties": {
				"場館編號": 16537,
				"場館名稱": "聖約翰科技大學自強運動場",
				"所在地址": "新北市淡水區淡金路四段499號",
				"場館連絡電話": "02-28013131#6237",
				"場館官方網站": "http://www.sju.edu.tw/",
				"場館停車場類型": "一般及無障礙停車場"
			}
		},
		{
			"type": "Feature",
			"geometry": {
				"type": "Point",
				"coordinates": [121.4514971, 25.22742129]
			},
			"properties": {
				"場館編號": 16553,
				"場館名稱": "聖約翰科技大學百齡堂體適能中心",
				"所在地址": "新北市淡水區淡金路四段499號",
				"場館連絡電話": "02-28013131#6217",
				"場館官方網站": "http://www.sju.edu.tw",
				"場館停車場類型": "一般及無障礙停車場"
			}
		},
		{
			"type": "Feature",
			"geometry": {
				"type": "Point",
				"coordinates": [121.4513469, 25.22611589]
			},
			"properties": {
				"場館編號": 16554,
				"場館名稱": "聖約翰科技大學降臨籃球場",
				"所在地址": "新北市淡水區淡金路四段499號",
				"場館連絡電話": "02-28013131#6341",
				"場館官方網站": "http://www.sju.edu.tw/",
				"場館停車場類型": "一般及無障礙停車場"
			}
		},
		{
			"type": "Feature",
			"geometry": {
				"type": "Point",
				"coordinates": [121.4491367, 25.22592178]
			},
			"properties": {
				"場館編號": 16555,
				"場館名稱": "聖約翰科技大學學生活動中心",
				"所在地址": "新北市淡水區淡金路四段499號",
				"場館連絡電話": "02-28013131#6237",
				"場館官方網站": "http://www.sju.edu.tw/",
				"場館停車場類型": "一般及無障礙停車場"
			}
		},
		{
			"type": "Feature",
			"geometry": {
				"type": "Point",
				"coordinates": [121.4515185, 25.22742129]
			},
			"properties": {
				"場館編號": 16562,
				"場館名稱": "聖約翰科技大學游泳池",
				"所在地址": "新北市淡水區淡金路四段499號",
				"場館連絡電話": "02-28013131#6217",
				"場館官方網站": "http://www.sju.edu.tw/",
				"場館停車場類型": "一般及無障礙停車場"
			}
		},
		{
			"type": "Feature",
			"geometry": {
				"type": "Point",
				"coordinates": [121.4515346, 25.22742129]
			},
			"properties": {
				"場館編號": 16563,
				"場館名稱": "聖約翰科技大學學生活動中心",
				"所在地址": "新北市淡水區淡金路四段499號",
				"場館連絡電話": "02-28013131#6217",
				"場館官方網站": "http://www.sju.edu.tw/",
				"場館停車場類型": "一般及無障礙停車場"
			}
		},
		{
			"type": "Feature",
			"geometry": {
				"type": "Point",
				"coordinates": [121.5407771, 24.97544059]
			},
			"properties": {
				"場館編號": 16674,
				"場館名稱": "新北市新店區建國游泳池",
				"所在地址": "新北市新店區建國路58號",
				"場館連絡電話": "02-89115816",
				"場館官方網站": "",
				"場館停車場類型": "無障礙停車場"
			}
		},
		{
			"type": "Feature",
			"geometry": {
				"type": "Point",
				"coordinates": [121.4449418, 25.18013053]
			},
			"properties": {
				"場館編號": 16679,
				"場館名稱": "文中8籃球場",
				"所在地址": "新北市淡水區中山北路一段212巷旁",
				"場館連絡電話": "02-26221020#7511",
				"場館官方網站": "https://www.tamsui.ntpc.gov.tw/",
				"場館停車場類型": "無停車場"
			}
		},
		{
			"type": "Feature",
			"geometry": {
				"type": "Point",
				"coordinates": [121.4883587, 25.0544889]
			},
			"properties": {
				"場館編號": 16710,
				"場館名稱": "三重國民運動中心",
				"所在地址": "新北市三重區集美街55號",
				"場館連絡電話": "02-89720079",
				"場館官方網站": "http://www.scsports.com.tw/",
				"場館停車場類型": "一般及無障礙停車場"
			}
		},
		{
			"type": "Feature",
			"geometry": {
				"type": "Point",
				"coordinates": [121.4891434, 24.9933886]
			},
			"properties": {
				"場館編號": 16721,
				"場館名稱": "中和國民運動中心",
				"所在地址": "新北市中和區錦和路350-1、2號",
				"場館連絡電話": "02-22429222",
				"場館官方網站": "http://www.changjia.com.tw/",
				"場館停車場類型": "一般及無障礙停車場"
			}
		},
		{
			"type": "Feature",
			"geometry": {
				"type": "Point",
				"coordinates": [121.4572155, 24.98542591]
			},
			"properties": {
				"場館編號": 16723,
				"場館名稱": "土城國民運動中心",
				"所在地址": "新北市土城區金城路二段247-1號",
				"場館連絡電話": "02-22615999",
				"場館官方網站": "https://tccsc.cyc.org.tw/",
				"場館停車場類型": "一般及無障礙停車場"
			}
		},
		{
			"type": "Feature",
			"geometry": {
				"type": "Point",
				"coordinates": [121.4431649, 25.18740569]
			},
			"properties": {
				"場館編號": 16742,
				"場館名稱": "淡水國民運動中心",
				"所在地址": "新北市淡水區中山北路二段381巷2號",
				"場館連絡電話": "02-26261891",
				"場館官方網站": "http://tssc.tw",
				"場館停車場類型": "一般及無障礙停車場"
			}
		},
		{
			"type": "Feature",
			"geometry": {
				"type": "Point",
				"coordinates": [121.5377247, 25.06387011]
			},
			"properties": {
				"場館編號": 16766,
				"場館名稱": "榮星游泳池",
				"所在地址": "臺北市中山區行孝里建國北路三段39號",
				"場館連絡電話": "02-25702330#6523",
				"場館官方網站": "https://www.facebook.com/RongXingSwimmingpool",
				"場館停車場類型": "一般及無障礙停車場"
			}
		},
		{
			"type": "Feature",
			"geometry": {
				"type": "Point",
				"coordinates": [121.5069276, 25.02305991]
			},
			"properties": {
				"場館編號": 16773,
				"場館名稱": "青年公園運動休閒園區",
				"所在地址": "臺北市萬華區水源路199號",
				"場館連絡電話": "02-23053800",
				"場館官方網站": "https://sports.tms.gov.tw/venues/?K=827",
				"場館停車場類型": "無停車場"
			}
		},
		{
			"type": "Feature",
			"geometry": {
				"type": "Point",
				"coordinates": [121.5029612, 25.02255117]
			},
			"properties": {
				"場館編號": 16776,
				"場館名稱": "青年公園",
				"所在地址": "臺北市萬華區水源路199號",
				"場館連絡電話": "02-25702330#6531",
				"場館官方網站": "https://vbs.sports.taipei/",
				"場館停車場類型": "無停車場"
			}
		},
		{
			"type": "Feature",
			"geometry": {
				"type": "Point",
				"coordinates": [121.522404, 25.11274474]
			},
			"properties": {
				"場館編號": 16807,
				"場館名稱": "奎山中學運動場",
				"所在地址": "臺北市北投區榮華里明德路200號",
				"場館連絡電話": "(02)28212009",
				"場館官方網站": "http://www.ksjh.tp.edu.tw",
				"場館停車場類型": "無停車場"
			}
		},
		{
			"type": "Feature",
			"geometry": {
				"type": "Point",
				"coordinates": [121.4693928, 25.1355002]
			},
			"properties": {
				"場館編號": 16808,
				"場館名稱": "城市大學大成館",
				"所在地址": "臺北市北投區學園路2號",
				"場館連絡電話": "02-28927154#2501",
				"場館官方網站": "http://www.tpcu.edu.tw",
				"場館停車場類型": "一般及無障礙停車場"
			}
		},
		{
			"type": "Feature",
			"geometry": {
				"type": "Point",
				"coordinates": [121.469378, 25.13378634]
			},
			"properties": {
				"場館編號": 16809,
				"場館名稱": "高爾夫球揮桿練習場",
				"所在地址": "臺北市北投區學園路2號",
				"場館連絡電話": "02-28927154#2501",
				"場館官方網站": "http://www.tpcu.edu.tw",
				"場館停車場類型": "無停車場"
			}
		},
		{
			"type": "Feature",
			"geometry": {
				"type": "Point",
				"coordinates": [121.4697281, 25.1347823]
			},
			"properties": {
				"場館編號": 16810,
				"場館名稱": "藝文中心桌球室",
				"所在地址": "臺北市北投區學園路2號",
				"場館連絡電話": "02-28927154#2501",
				"場館官方網站": "http://www.tpcu.edu.tw",
				"場館停車場類型": "無停車場"
			}
		},
		{
			"type": "Feature",
			"geometry": {
				"type": "Point",
				"coordinates": [121.4693123, 25.13517567]
			},
			"properties": {
				"場館編號": 16811,
				"場館名稱": "排球場",
				"所在地址": "臺北市北投區學園路2號",
				"場館連絡電話": "02-28927154#2501",
				"場館官方網站": "http://www.tpcu.edu.tw",
				"場館停車場類型": "無障礙停車場"
			}
		},
		{
			"type": "Feature",
			"geometry": {
				"type": "Point",
				"coordinates": [121.469382, 25.13441794]
			},
			"properties": {
				"場館編號": 16812,
				"場館名稱": "田徑場",
				"所在地址": "臺北市北投區學園路2號",
				"場館連絡電話": "02-28927154#2501",
				"場館官方網站": "http://www.tpcu.edu.tw",
				"場館停車場類型": "無停車場"
			}
		},
		{
			"type": "Feature",
			"geometry": {
				"type": "Point",
				"coordinates": [121.4693043, 25.13410457]
			},
			"properties": {
				"場館編號": 16813,
				"場館名稱": "籃球場",
				"所在地址": "臺北市北投區學園路2號",
				"場館連絡電話": "02-28927154#2501",
				"場館官方網站": "http://www.tpcu.edu.tw",
				"場館停車場類型": "無停車場"
			}
		},
		{
			"type": "Feature",
			"geometry": {
				"type": "Point",
				"coordinates": [121.3686919, 25.1356304]
			},
			"properties": {
				"場館編號": 16816,
				"場館名稱": "新北市八里垃圾焚化廠溫水游泳池",
				"所在地址": "新北市八里區下罟里中山路三段413號",
				"場館連絡電話": "02-26195111#205",
				"場館官方網站": "https://baliplant.epd.ntpc.net.tw/tw/",
				"場館停車場類型": ""
			}
		},
		{
			"type": "Feature",
			"geometry": {
				"type": "Point",
				"coordinates": [121.5433252, 24.99433349]
			},
			"properties": {
				"場館編號": 16853,
				"場館名稱": "環形或直線慢跑場（非田徑場）",
				"所在地址": "臺北市文山區景華里景中街27號",
				"場館連絡電話": "02-89353130#501",
				"場館官方網站": "http://www.cmjh.tp.edu.tw",
				"場館停車場類型": "無停車場"
			}
		},
		{
			"type": "Feature",
			"geometry": {
				"type": "Point",
				"coordinates": [121.4764953, 25.01353704]
			},
			"properties": {
				"場館編號": 16855,
				"場館名稱": "新北市板橋區民生公園活動中心",
				"所在地址": "新北市板橋區民生路1段30號",
				"場館連絡電話": "02-29686911#279",
				"場館官方網站": "http://www.banqiao.ntpc.gov.tw/content/?parent_id=10057",
				"場館停車場類型": "無停車場"
			}
		},
		{
			"type": "Feature",
			"geometry": {
				"type": "Point",
				"coordinates": [121.5292382, 24.9968131]
			},
			"properties": {
				"場館編號": 17873,
				"場館名稱": "新北市永和區秀朗橋北側籃球場(新店溪左岸自行車道9.8KM)",
				"所在地址": "新北市永和區秀朗橋北側籃球場(新店溪左岸自行車道9.8KM)",
				"場館連絡電話": "02-89699596#521",
				"場館官方網站": "http://www.rhbd.ntpc.gov.tw/cht/index.php?",
				"場館停車場類型": "一般及無障礙停車場"
			}
		},
		{
			"type": "Feature",
			"geometry": {
				"type": "Point",
				"coordinates": [121.519888, 24.97713526]
			},
			"properties": {
				"場館編號": 17876,
				"場館名稱": "新北市新店區陽光運動園區溜冰場(新店溪左岸自行車道12.7KM)",
				"所在地址": "新北市新店區陽光運動園區溜冰場(新店溪左岸自行車道12.7KM)",
				"場館連絡電話": "02-89699596#521",
				"場館官方網站": "http://www.rhbd.ntpc.gov.tw/cht/index.php?",
				"場館停車場類型": "一般及無障礙停車場"
			}
		},
		{
			"type": "Feature",
			"geometry": {
				"type": "Point",
				"coordinates": [121.525982, 24.97381398]
			},
			"properties": {
				"場館編號": 17880,
				"場館名稱": "新北市新店區小碧潭公園籃球場(新店溪右岸自行車道2.2KM)",
				"所在地址": "新北市新店區小碧潭公園籃球場(新店溪右岸自行車道2.2KM)",
				"場館連絡電話": "02-89699596#521",
				"場館官方網站": "http://www.rhbd.ntpc.gov.tw/cht/index.php?",
				"場館停車場類型": "無停車場"
			}
		},
		{
			"type": "Feature",
			"geometry": {
				"type": "Point",
				"coordinates": [121.5272802, 24.97274414]
			},
			"properties": {
				"場館編號": 17881,
				"場館名稱": "新北市新店區小碧潭公園網球場(新店溪右岸自行車道2.3KM)",
				"所在地址": "新北市新店區小碧潭公園網球場(新店溪右岸自行車道2.3KM)",
				"場館連絡電話": "02-89699596#501",
				"場館官方網站": "http://www.rhbd.ntpc.gov.tw/cht/index.php?",
				"場館停車場類型": "無停車場"
			}
		},
		{
			"type": "Feature",
			"geometry": {
				"type": "Point",
				"coordinates": [121.5354985, 24.96500704]
			},
			"properties": {
				"場館編號": 17883,
				"場館名稱": "新北市新店區親情河濱公園溜冰場(新店溪右岸自行車道3.6KM)",
				"所在地址": "新北市新店區親情河濱公園溜冰場(新店溪右岸自行車道3.6KM)",
				"場館連絡電話": "02-89699596#521",
				"場館官方網站": "http://www.rhbd.ntpc.gov.tw/cht/index.php?",
				"場館停車場類型": "無停車場"
			}
		},
		{
			"type": "Feature",
			"geometry": {
				"type": "Point",
				"coordinates": [121.5364158, 24.96415111]
			},
			"properties": {
				"場館編號": 17884,
				"場館名稱": "新北市新店區親情河濱公園籃球場(新店溪右岸自行車道3.7KM)",
				"所在地址": "新北市新店區親情河濱公園籃球場(新店溪右岸自行車道3.7KM)",
				"場館連絡電話": "02-89699596#521",
				"場館官方網站": "http://www.rhbd.ntpc.gov.tw/cht/index.php?",
				"場館停車場類型": "一般及無障礙停車場"
			}
		},
		{
			"type": "Feature",
			"geometry": {
				"type": "Point",
				"coordinates": [121.4575845, 25.02258027]
			},
			"properties": {
				"場館編號": 17888,
				"場館名稱": "板橋國民運動中心",
				"所在地址": "新北市板橋區智樂路6號",
				"場館連絡電話": "02-22588886",
				"場館官方網站": "http://www.bqsports.com.tw/",
				"場館停車場類型": "一般及無障礙停車場"
			}
		},
		{
			"type": "Feature",
			"geometry": {
				"type": "Point",
				"coordinates": [121.4676708, 25.14947531]
			},
			"properties": {
				"場館編號": 17895,
				"場館名稱": "新淡水高爾夫球場",
				"所在地址": "新北市淡水區八勢路300號",
				"場館連絡電話": "02-28092466",
				"場館官方網站": "",
				"場館停車場類型": ""
			}
		},
		{
			"type": "Feature",
			"geometry": {
				"type": "Point",
				"coordinates": [121.3850212, 25.11326934]
			},
			"properties": {
				"場館編號": 17896,
				"場館名稱": "林口高爾夫球場",
				"所在地址": "新北市林口區後湖50之1號",
				"場館連絡電話": "02-26011211",
				"場館官方網站": "",
				"場館停車場類型": ""
			}
		},
		{
			"type": "Feature",
			"geometry": {
				"type": "Point",
				"coordinates": [121.4818811, 25.15253448]
			},
			"properties": {
				"場館編號": 17897,
				"場館名稱": "北投國華高爾夫俱樂部球場",
				"所在地址": "新北市淡水區小坪頂23之1號",
				"場館連絡電話": "04-25222835",
				"場館官方網站": "",
				"場館停車場類型": ""
			}
		},
		{
			"type": "Feature",
			"geometry": {
				"type": "Point",
				"coordinates": [121.4310426, 25.17917998]
			},
			"properties": {
				"場館編號": 17898,
				"場館名稱": "臺灣高爾夫俱樂部球場",
				"所在地址": "新北市淡水區中正路一段6巷32號",
				"場館連絡電話": "02-26230114",
				"場館官方網站": "http://www.tgccgolf.com/",
				"場館停車場類型": ""
			}
		},
		{
			"type": "Feature",
			"geometry": {
				"type": "Point",
				"coordinates": [121.6017652, 25.27642931]
			},
			"properties": {
				"場館編號": 17899,
				"場館名稱": "北海高爾夫球場",
				"所在地址": "新北市石門區草埔尾5號",
				"場館連絡電話": "02-27095136",
				"場館官方網站": "http://www.northbaygolf.com.tw/",
				"場館停車場類型": ""
			}
		},
		{
			"type": "Feature",
			"geometry": {
				"type": "Point",
				"coordinates": [121.3247144, 25.11536768]
			},
			"properties": {
				"場館編號": 17900,
				"場館名稱": "八里國際高爾夫球場",
				"所在地址": "新北市林口區嘉寶里寶斗厝坑93-1號",
				"場館連絡電話": "02-26052222",
				"場館官方網站": "http://golf.taching.com.tw/",
				"場館停車場類型": ""
			}
		},
		{
			"type": "Feature",
			"geometry": {
				"type": "Point",
				"coordinates": [121.289894, 25.10973801]
			},
			"properties": {
				"場館編號": 17901,
				"場館名稱": "東華高爾夫球場",
				"所在地址": "新北市林口區下福里7鄰93-1號",
				"場館連絡電話": "02-27589694",
				"場館官方網站": "",
				"場館停車場類型": ""
			}
		},
		{
			"type": "Feature",
			"geometry": {
				"type": "Point",
				"coordinates": [121.3050833, 25.10688179]
			},
			"properties": {
				"場館編號": 17902,
				"場館名稱": "幸福高爾夫球場",
				"所在地址": "新北市林口區下福里71-1號",
				"場館連絡電話": "02-26062345",
				"場館官方網站": "",
				"場館停車場類型": ""
			}
		},
		{
			"type": "Feature",
			"geometry": {
				"type": "Point",
				"coordinates": [121.314919, 25.09983932]
			},
			"properties": {
				"場館編號": 17904,
				"場館名稱": "美麗華高爾夫球場",
				"所在地址": "新北市林口區下福里下福路9號",
				"場館連絡電話": "02-26063456",
				"場館官方網站": "",
				"場館停車場類型": ""
			}
		},
		{
			"type": "Feature",
			"geometry": {
				"type": "Point",
				"coordinates": [121.4334244, 25.05683177]
			},
			"properties": {
				"場館編號": 20249,
				"場館名稱": "泰山國民運動中心",
				"所在地址": "新北市泰山區全興路167號",
				"場館連絡電話": "02-22968860",
				"場館官方網站": "http://www.xwtsc.com/",
				"場館停車場類型": "一般及無障礙停車場"
			}
		},
		{
			"type": "Feature",
			"geometry": {
				"type": "Point",
				"coordinates": [121.4483482, 25.03957614]
			},
			"properties": {
				"場館編號": 20269,
				"場館名稱": "新莊國民運動中心",
				"所在地址": "新北市新莊區公園路11號",
				"場館連絡電話": "02-77288898",
				"場館官方網站": "https://www.xzsports.com.tw/",
				"場館停車場類型": "一般及無障礙停車場"
			}
		},
		{
			"type": "Feature",
			"geometry": {
				"type": "Point",
				"coordinates": [121.4838246, 25.13462094]
			},
			"properties": {
				"場館編號": 20424,
				"場館名稱": "臺北捷運北投會館",
				"所在地址": "臺北市北投區大業路527巷88號",
				"場館連絡電話": "02-28930105#8306",
				"場館官方網站": "https://btresort.metro.taipei/Default.aspx",
				"場館停車場類型": "一般及無障礙停車場"
			}
		},
		{
			"type": "Feature",
			"geometry": {
				"type": "Point",
				"coordinates": [121.3144903, 25.09993675]
			},
			"properties": {
				"場館編號": 20496,
				"場館名稱": "蓬萊高爾夫球場",
				"所在地址": "新北市林口區下福里下福路9號",
				"場館連絡電話": "02-26063456",
				"場館官方網站": "",
				"場館停車場類型": ""
			}
		},
		{
			"type": "Feature",
			"geometry": {
				"type": "Point",
				"coordinates": [121.5721911, 25.03544]
			},
			"properties": {
				"場館編號": 20528,
				"場館名稱": "興雅國中排球場",
				"所在地址": "臺北市信義區松德路168巷15號",
				"場館連絡電話": "02-27232771#330",
				"場館官方網站": "http://www.syajh.tp.edu.tw",
				"場館停車場類型": "無停車場"
			}
		},
		{
			"type": "Feature",
			"geometry": {
				"type": "Point",
				"coordinates": [121.5510276, 25.00179649]
			},
			"properties": {
				"場館編號": 20544,
				"場館名稱": "興德國小",
				"所在地址": "臺北市文山區興隆路二段235號",
				"場館連絡電話": "02-29329431#27",
				"場館官方網站": "http://www.hdps.tp.edu.tw",
				"場館停車場類型": "無停車場"
			}
		},
		{
			"type": "Feature",
			"geometry": {
				"type": "Point",
				"coordinates": [121.5942818, 25.05228746]
			},
			"properties": {
				"場館編號": 20549,
				"場館名稱": "南港高中活動中心",
				"所在地址": "臺北市南港區西新里向陽路21號",
				"場館連絡電話": "02-27837863#245",
				"場館官方網站": "http://www.nksh.tp.edu.tw",
				"場館停車場類型": "無停車場"
			}
		},
		{
			"type": "Feature",
			"geometry": {
				"type": "Point",
				"coordinates": [121.5454446, 25.13099152]
			},
			"properties": {
				"場館編號": 20556,
				"場館名稱": "市立格致國中多功能田徑場",
				"所在地址": "臺北市士林區陽明里仰德大道四段75號",
				"場館連絡電話": "02-28610079#109",
				"場館官方網站": "http://www.gjjh.tp.edu.tw",
				"場館停車場類型": "無停車場"
			}
		},
		{
			"type": "Feature",
			"geometry": {
				"type": "Point",
				"coordinates": [121.5464429, 25.13086964]
			},
			"properties": {
				"場館編號": 20558,
				"場館名稱": "市立格致國中綜合籃球場",
				"所在地址": "臺北市士林區陽明里仰德大道四段75號",
				"場館連絡電話": "02-28610079#109",
				"場館官方網站": "http://www.gjjh.tp.edu.tw",
				"場館停車場類型": "無停車場"
			}
		},
		{
			"type": "Feature",
			"geometry": {
				"type": "Point",
				"coordinates": [121.5508461, 25.03748865]
			},
			"properties": {
				"場館編號": 20565,
				"場館名稱": "北市仁愛國中田徑場",
				"所在地址": "臺北市大安區仁愛路4段130號",
				"場館連絡電話": "02-23255823#3206",
				"場館官方網站": "http://www.jajh.tp.edu.tw",
				"場館停車場類型": "無停車場"
			}
		},
		{
			"type": "Feature",
			"geometry": {
				"type": "Point",
				"coordinates": [121.5228492, 25.09351787]
			},
			"properties": {
				"場館編號": 20572,
				"場館名稱": "臺北市立士林國民中學體育場",
				"所在地址": "臺北市士林區福德里中正路345號",
				"場館連絡電話": "02-88613411#330",
				"場館官方網站": "http://www.sljh.tp.edu.tw",
				"場館停車場類型": ""
			}
		},
		{
			"type": "Feature",
			"geometry": {
				"type": "Point",
				"coordinates": [121.5918303, 25.26881328]
			},
			"properties": {
				"場館編號": 20573,
				"場館名稱": "籃球場",
				"所在地址": "新北市石門區茂林里茂林社區74號",
				"場館連絡電話": "02-26381269#301",
				"場館官方網站": "http://cwes.ntpc.edu.tw",
				"場館停車場類型": "無停車場"
			}
		},
		{
			"type": "Feature",
			"geometry": {
				"type": "Point",
				"coordinates": [121.5222881, 25.0228339]
			},
			"properties": {
				"場館編號": 20575,
				"場館名稱": "操場(含跑道)",
				"所在地址": "臺北市中正區汀州路二段180號",
				"場館連絡電話": "02-23677144",
				"場館官方網站": "http://www.htps.tp.edu.tw",
				"場館停車場類型": "無停車場"
			}
		},
		{
			"type": "Feature",
			"geometry": {
				"type": "Point",
				"coordinates": [121.5941617, 25.05383725]
			},
			"properties": {
				"場館編號": 20585,
				"場館名稱": "玉成國小游泳館",
				"所在地址": "臺北市南港區西新里向陽路31號",
				"場館連絡電話": "02-27836049#133",
				"場館官方網站": "http://www.yhes.tp.edu.tw",
				"場館停車場類型": "一般及無障礙停車場"
			}
		},
		{
			"type": "Feature",
			"geometry": {
				"type": "Point",
				"coordinates": [121.54553, 25.06060949]
			},
			"properties": {
				"場館編號": 20596,
				"場館名稱": "中山國中田徑場",
				"所在地址": "臺北市松山區復興北路361巷7號",
				"場館連絡電話": "02-27126701#313",
				"場館官方網站": "http://www.csjhs.tp.edu.tw",
				"場館停車場類型": "一般及無障礙停車場"
			}
		},
		{
			"type": "Feature",
			"geometry": {
				"type": "Point",
				"coordinates": [121.5886438, 25.06815592]
			},
			"properties": {
				"場館編號": 20597,
				"場館名稱": "新湖國小籃球場",
				"所在地址": "臺北市內湖區湖興里民權東路6段138號",
				"場館連絡電話": "02-27963721",
				"場館官方網站": "http://www.shes.tp.edu.tw",
				"場館停車場類型": "無停車場"
			}
		},
		{
			"type": "Feature",
			"geometry": {
				"type": "Point",
				"coordinates": [121.5175545, 25.06123635]
			},
			"properties": {
				"場館編號": 20607,
				"場館名稱": "活動中心",
				"所在地址": "臺北市大同區民權里錦西街51號",
				"場館連絡電話": "02-25570309#1024",
				"場館官方網站": "http://www.sles.tp.edu.tw",
				"場館停車場類型": ""
			}
		},
		{
			"type": "Feature",
			"geometry": {
				"type": "Point",
				"coordinates": [121.5464816, 25.02931573]
			},
			"properties": {
				"場館編號": 20612,
				"場館名稱": "建安國小田徑場",
				"所在地址": "臺北市大安區龍雲里大安路2段99號",
				"場館連絡電話": "02-27077119#814",
				"場館官方網站": "http://www.jnps.tp.edu.tw",
				"場館停車場類型": "無停車場"
			}
		},
		{
			"type": "Feature",
			"geometry": {
				"type": "Point",
				"coordinates": [121.6174829, 25.04219093]
			},
			"properties": {
				"場館編號": 20615,
				"場館名稱": "胡適國小體育館",
				"所在地址": "臺北市南港區中研里舊莊街1段1號",
				"場館連絡電話": "02-27824949#922",
				"場館官方網站": "http://www.hsps.tp.edu.tw",
				"場館停車場類型": "無停車場"
			}
		},
		{
			"type": "Feature",
			"geometry": {
				"type": "Point",
				"coordinates": [121.5078878, 25.08346117]
			},
			"properties": {
				"場館編號": 20616,
				"場館名稱": "葫蘆國小操場",
				"所在地址": "臺北市士林區環河北路3段95號",
				"場館連絡電話": "02-28129586#822",
				"場館官方網站": "http://www.hrps.tp.edu.tw",
				"場館停車場類型": "無停車場"
			}
		},
		{
			"type": "Feature",
			"geometry": {
				"type": "Point",
				"coordinates": [121.3639605, 24.90694137]
			},
			"properties": {
				"場館編號": 20618,
				"場館名稱": "明德高中田徑場",
				"所在地址": "新北市三峽區中正路二段399號",
				"場館連絡電話": "02-26723302#237",
				"場館官方網站": "http://www.mdhs.ntpc.edu.tw",
				"場館停車場類型": "無停車場"
			}
		},
		{
			"type": "Feature",
			"geometry": {
				"type": "Point",
				"coordinates": [121.5672129, 25.00073176]
			},
			"properties": {
				"場館編號": 20620,
				"場館名稱": "萬芳國小活動中心",
				"所在地址": "臺北市文山區萬芳里萬和街1號",
				"場館連絡電話": "02-22301232",
				"場館官方網站": "http://www.wfes.tp.edu.tw",
				"場館停車場類型": "無停車場"
			}
		},
		{
			"type": "Feature",
			"geometry": {
				"type": "Point",
				"coordinates": [121.566533, 25.000908]
			},
			"properties": {
				"場館編號": 20621,
				"場館名稱": "萬芳國小室外游泳池",
				"所在地址": "臺北市文山區萬芳里萬和街1號",
				"場館連絡電話": "02-22301232#824",
				"場館官方網站": "http://www.wfes.tp.edu.tw",
				"場館停車場類型": "無停車場"
			}
		},
		{
			"type": "Feature",
			"geometry": {
				"type": "Point",
				"coordinates": [121.577037, 24.98468966]
			},
			"properties": {
				"場館編號": 20623,
				"場館名稱": "北政國中上操場",
				"所在地址": "臺北市文山區指南里指南路3段2巷14號",
				"場館連絡電話": "02-29393651#34",
				"場館官方網站": "http://www.pcjh.tp.edu.tw",
				"場館停車場類型": "無停車場"
			}
		},
		{
			"type": "Feature",
			"geometry": {
				"type": "Point",
				"coordinates": [121.5506423, 25.00501978]
			},
			"properties": {
				"場館編號": 20637,
				"場館名稱": "興福國中運動場",
				"所在地址": "臺北市文山區興旺里福興路80號",
				"場館連絡電話": "02-29322024#340",
				"場館官方網站": "http://www.hfjh.tp.edu.tw",
				"場館停車場類型": "一般及無障礙停車場"
			}
		},
		{
			"type": "Feature",
			"geometry": {
				"type": "Point",
				"coordinates": [121.7334294, 25.02398834]
			},
			"properties": {
				"場館編號": 20645,
				"場館名稱": "新北市立平溪國中田徑場",
				"所在地址": "新北市平溪區靜安路二段295號",
				"場館連絡電話": "02-24951010#160",
				"場館官方網站": "http://www.phjh.ntpc.edu.tw",
				"場館停車場類型": "一般及無障礙停車場"
			}
		},
		{
			"type": "Feature",
			"geometry": {
				"type": "Point",
				"coordinates": [121.5060929, 25.0359309]
			},
			"properties": {
				"場館編號": 20650,
				"場館名稱": "龍山國中活動中心",
				"所在地址": "臺北市萬華區富裕里南寧路46號",
				"場館連絡電話": "02-23362789#303",
				"場館官方網站": "http://www.lsjh.tp.edu.tw",
				"場館停車場類型": "一般及無障礙停車場"
			}
		},
		{
			"type": "Feature",
			"geometry": {
				"type": "Point",
				"coordinates": [121.5052818, 25.0356733]
			},
			"properties": {
				"場館編號": 20651,
				"場館名稱": "龍山國中田徑場",
				"所在地址": "臺北市萬華區富裕里南寧路46號",
				"場館連絡電話": "02-23362789#303",
				"場館官方網站": "http://www.lsjh.tp.edu.tw",
				"場館停車場類型": "一般及無障礙停車場"
			}
		},
		{
			"type": "Feature",
			"geometry": {
				"type": "Point",
				"coordinates": [121.5612866, 24.98100106]
			},
			"properties": {
				"場館編號": 20654,
				"場館名稱": "力行國小田徑場",
				"所在地址": "臺北市文山區樟腳里木新路3段155巷7號",
				"場館連絡電話": "02-29363995#822",
				"場館官方網站": "http://www.lsps.tp.edu.tw",
				"場館停車場類型": "無停車場"
			}
		},
		{
			"type": "Feature",
			"geometry": {
				"type": "Point",
				"coordinates": [121.5502882, 25.00501978]
			},
			"properties": {
				"場館編號": 20660,
				"場館名稱": "興福國中內操場",
				"所在地址": "臺北市文山區興旺里福興路80號",
				"場館連絡電話": "02-29322024#340",
				"場館官方網站": "http://www.hfjh.tp.edu.tw",
				"場館停車場類型": "一般及無障礙停車場"
			}
		},
		{
			"type": "Feature",
			"geometry": {
				"type": "Point",
				"coordinates": [121.4202011, 25.16015953]
			},
			"properties": {
				"場館編號": 20661,
				"場館名稱": "大崁國小田徑場",
				"所在地址": "新北市八里區忠八街2號",
				"場館連絡電話": "02-86305678#152",
				"場館官方網站": "http://www.tkes.ntpc.edu.tw",
				"場館停車場類型": "一般及無障礙停車場"
			}
		},
		{
			"type": "Feature",
			"geometry": {
				"type": "Point",
				"coordinates": [121.4496678, 24.98469655]
			},
			"properties": {
				"場館編號": 20664,
				"場館名稱": "新北高工田徑場",
				"所在地址": "新北市土城區學府路一段241號",
				"場館連絡電話": "02-22612483#92",
				"場館官方網站": "http://www.ntvs.ntpc.edu.tw",
				"場館停車場類型": ""
			}
		},
		{
			"type": "Feature",
			"geometry": {
				"type": "Point",
				"coordinates": [121.3696092, 24.94026547]
			},
			"properties": {
				"場館編號": 20676,
				"場館名稱": "三峽國中田徑場",
				"所在地址": "新北市三峽區復興路238號",
				"場館連絡電話": "02-26711043",
				"場館官方網站": "http://www.shjhs.ntpc.edu.tw",
				"場館停車場類型": "無停車場"
			}
		},
		{
			"type": "Feature",
			"geometry": {
				"type": "Point",
				"coordinates": [121.6181655, 25.04763196]
			},
			"properties": {
				"場館編號": 20684,
				"場館名稱": "白雲國小田徑場",
				"所在地址": "新北市汐止區福山里民權街二段90號",
				"場館連絡電話": "02-26403909",
				"場館官方網站": "http://www.pyps.ntpc.edu.tw",
				"場館停車場類型": "無停車場"
			}
		},
		{
			"type": "Feature",
			"geometry": {
				"type": "Point",
				"coordinates": [121.4774166, 25.1347611]
			},
			"properties": {
				"場館編號": 20685,
				"場館名稱": "武揚館",
				"所在地址": "臺北市北投區一德里中央北路4段48號",
				"場館連絡電話": "02-28929633#243",
				"場館官方網站": "http://www.tyjh.tp.edu.tw/TYJHenable/",
				"場館停車場類型": "一般及無障礙停車場"
			}
		},
		{
			"type": "Feature",
			"geometry": {
				"type": "Point",
				"coordinates": [121.6614336, 25.06276705]
			},
			"properties": {
				"場館編號": 20686,
				"場館名稱": "秀峰國小風雨操場",
				"所在地址": "新北市汐止區仁愛路90號",
				"場館連絡電話": "02-26480611#821",
				"場館官方網站": "http://www.sfps.ntpc.edu.tw/",
				"場館停車場類型": "無停車場"
			}
		},
		{
			"type": "Feature",
			"geometry": {
				"type": "Point",
				"coordinates": [121.4428657, 25.04846035]
			},
			"properties": {
				"場館編號": 20690,
				"場館名稱": "新莊高中田徑場",
				"所在地址": "新北市新莊區中平路135號",
				"場館連絡電話": "02-29912391#202",
				"場館官方網站": "http://www.hcsh.ntpc.edu.tw",
				"場館停車場類型": "無停車場"
			}
		},
		{
			"type": "Feature",
			"geometry": {
				"type": "Point",
				"coordinates": [121.5149367, 25.02516953]
			},
			"properties": {
				"場館編號": 20693,
				"場館名稱": "螢橋國小游泳池",
				"所在地址": "臺北市中正區螢雪里詔安街29號",
				"場館連絡電話": "02-23054620",
				"場館官方網站": "http://www.yces.tp.edu.tw",
				"場館停車場類型": "無停車場"
			}
		},
		{
			"type": "Feature",
			"geometry": {
				"type": "Point",
				"coordinates": [121.5639246, 25.10606086]
			},
			"properties": {
				"場館編號": 20696,
				"場館名稱": "臺北市立雙溪國小籃球場",
				"所在地址": "臺北市士林區翠山里中社路2段66號",
				"場館連絡電話": "02-28411038#14",
				"場館官方網站": "http://www.sses.tp.edu.tw",
				"場館停車場類型": "無停車場"
			}
		},
		{
			"type": "Feature",
			"geometry": {
				"type": "Point",
				"coordinates": [121.5657967, 25.08611389]
			},
			"properties": {
				"場館編號": 20701,
				"場館名稱": "西湖國中網球場",
				"所在地址": "臺北市內湖區西湖里環山路1段27號",
				"場館連絡電話": "02-27991817#215",
				"場館官方網站": "http://www.xhjhs.tp.edu.tw",
				"場館停車場類型": "無停車場"
			}
		},
		{
			"type": "Feature",
			"geometry": {
				"type": "Point",
				"coordinates": [121.5156448, 25.03802571]
			},
			"properties": {
				"場館編號": 20704,
				"場館名稱": "臺北市立弘道國民中學操場",
				"所在地址": "臺北市中正區公園路21號",
				"場館連絡電話": "02-23715520#320",
				"場館官方網站": "http://www.htjh.tp.edu.tw",
				"場館停車場類型": "一般及無障礙停車場"
			}
		},
		{
			"type": "Feature",
			"geometry": {
				"type": "Point",
				"coordinates": [121.4494614, 25.17154233]
			},
			"properties": {
				"場館編號": 20710,
				"場館名稱": "鄧公露天籃球場",
				"所在地址": "新北市淡水區學府里學府路99號",
				"場館連絡電話": "02-26297121#151",
				"場館官方網站": "http://www.dkes.ntpc.edu.tw",
				"場館停車場類型": ""
			}
		},
		{
			"type": "Feature",
			"geometry": {
				"type": "Point",
				"coordinates": [121.4494656, 25.17163183]
			},
			"properties": {
				"場館編號": 20711,
				"場館名稱": "PU田徑場",
				"所在地址": "新北市淡水區學府里學府路99號",
				"場館連絡電話": "02-26297121#151",
				"場館官方網站": "http://www.dkes.ntpc.edu.tw",
				"場館停車場類型": ""
			}
		},
		{
			"type": "Feature",
			"geometry": {
				"type": "Point",
				"coordinates": [121.5547782, 24.98342988]
			},
			"properties": {
				"場館編號": 20717,
				"場館名稱": "臺北市立實踐國中活動中心",
				"所在地址": "臺北市文山區樟林里辛亥路七段67號",
				"場館連絡電話": "02-22362857#150",
				"場館官方網站": "http://www.sjjh.tp.edu.tw",
				"場館停車場類型": "一般及無障礙停車場"
			}
		},
		{
			"type": "Feature",
			"geometry": {
				"type": "Point",
				"coordinates": [121.5507013, 25.03590703]
			},
			"properties": {
				"場館編號": 20729,
				"場館名稱": "仁愛國小活動中心",
				"所在地址": "臺北市安和路1段60號",
				"場館連絡電話": "02-27095010#411",
				"場館官方網站": "http://www.japs.tp.edu.tw",
				"場館停車場類型": "無停車場"
			}
		},
		{
			"type": "Feature",
			"geometry": {
				"type": "Point",
				"coordinates": [121.5271086, 25.06212075]
			},
			"properties": {
				"場館編號": 20730,
				"場館名稱": "新興國中網球場",
				"所在地址": "臺北市中山區聚葉里林森北路511號",
				"場館連絡電話": "02-25714211",
				"場館官方網站": "http://www.hhjh.tp.edu.tw/xxjh2007/",
				"場館停車場類型": "無停車場"
			}
		},
		{
			"type": "Feature",
			"geometry": {
				"type": "Point",
				"coordinates": [121.5270817, 25.06163968]
			},
			"properties": {
				"場館編號": 20731,
				"場館名稱": "新興國中室外籃球場",
				"所在地址": "臺北市中山區聚葉里林森北路511號",
				"場館連絡電話": "02-25714211",
				"場館官方網站": "http://www.hhjh.tp.edu.tw/xxjh2007/",
				"場館停車場類型": "無停車場"
			}
		},
		{
			"type": "Feature",
			"geometry": {
				"type": "Point",
				"coordinates": [121.5264219, 25.06171257]
			},
			"properties": {
				"場館編號": 20732,
				"場館名稱": "新興國中操場",
				"所在地址": "臺北市中山區聚葉里林森北路511號",
				"場館連絡電話": "02-25714211",
				"場館官方網站": "http://www.hhjh.tp.edu.tw/xxjh2007/",
				"場館停車場類型": "一般及無障礙停車場"
			}
		},
		{
			"type": "Feature",
			"geometry": {
				"type": "Point",
				"coordinates": [121.3725241, 25.08234186]
			},
			"properties": {
				"場館編號": 20741,
				"場館名稱": "頭湖國小籃球場",
				"所在地址": "新北市林口區民權路101號",
				"場館連絡電話": "02-26080766#824",
				"場館官方網站": "http://web.thes.ntpc.edu.tw/",
				"場館停車場類型": "無停車場"
			}
		},
		{
			"type": "Feature",
			"geometry": {
				"type": "Point",
				"coordinates": [121.3722375, 25.08269327]
			},
			"properties": {
				"場館編號": 20743,
				"場館名稱": "頭湖國小田徑場",
				"所在地址": "新北市林口區民權路101號",
				"場館連絡電話": "02-26080766#824",
				"場館官方網站": "http://www.jles.ntpc.edu.tw/",
				"場館停車場類型": "無停車場"
			}
		},
		{
			"type": "Feature",
			"geometry": {
				"type": "Point",
				"coordinates": [121.4233521, 25.00420303]
			},
			"properties": {
				"場館編號": 20878,
				"場館名稱": "樹林國民運動中心",
				"所在地址": "新北市樹林區中正路188-6號",
				"場館連絡電話": "02-26819966",
				"場館官方網站": "https://www.ntcslsports.com.tw/",
				"場館停車場類型": "一般及無障礙停車場"
			}
		},
		{
			"type": "Feature",
			"geometry": {
				"type": "Point",
				"coordinates": [121.5152907, 25.03749108]
			},
			"properties": {
				"場館編號": 20923,
				"場館名稱": "弘道國中活動中心",
				"所在地址": "臺北市中正區公園路21號",
				"場館連絡電話": "02-23715520#320",
				"場館官方網站": "http://www.htjh.tp.edu.tw",
				"場館停車場類型": "無停車場"
			}
		},
		{
			"type": "Feature",
			"geometry": {
				"type": "Point",
				"coordinates": [121.5783307, 24.99095433]
			},
			"properties": {
				"場館編號": 20925,
				"場館名稱": "大誠高中高爾夫簡易練習場",
				"所在地址": "臺北市文山區萬興里秀明路2段175號",
				"場館連絡電話": "02-22348989#34",
				"場館官方網站": "http://www.tcsh.tp.edu.tw",
				"場館停車場類型": "一般及無障礙停車場"
			}
		},
		{
			"type": "Feature",
			"geometry": {
				"type": "Point",
				"coordinates": [121.4928299, 25.06254595]
			},
			"properties": {
				"場館編號": 20939,
				"場館名稱": "新北市三重區綜合運動場",
				"所在地址": "新北市三重區中正北路特2號",
				"場館連絡電話": "02-29867046",
				"場館官方網站": "HTTP://WWW.sanchong.ntpc.gov.tw",
				"場館停車場類型": "無停車場"
			}
		},
		{
			"type": "Feature",
			"geometry": {
				"type": "Point",
				"coordinates": [121.6158441, 25.06876331]
			},
			"properties": {
				"場館編號": 20953,
				"場館名稱": "東湖國小操場",
				"所在地址": "臺北市內湖區東湖里東湖路115號",
				"場館連絡電話": "02-26339984#832",
				"場館官方網站": "http://w3.dfps.tp.edu.tw",
				"場館停車場類型": "一般及無障礙停車場"
			}
		},
		{
			"type": "Feature",
			"geometry": {
				"type": "Point",
				"coordinates": [121.462419, 25.02667775]
			},
			"properties": {
				"場館編號": 21979,
				"場館名稱": "新埔國小操場",
				"所在地址": "新北市板橋區新翠里陽明街206號",
				"場館連絡電話": "02-22571830#613",
				"場館官方網站": "http://www.spes.ntpc.edu.tw",
				"場館停車場類型": "無停車場"
			}
		},
		{
			"type": "Feature",
			"geometry": {
				"type": "Point",
				"coordinates": [121.5456319, 25.09520605]
			},
			"properties": {
				"場館編號": 21986,
				"場館名稱": "東吳大學雙溪校區田徑場",
				"所在地址": "臺北市士林區臨溪路70號",
				"場館連絡電話": "02-28819471#5606",
				"場館官方網站": "http://www.scu.edu.tw/physical/",
				"場館停車場類型": ""
			}
		},
		{
			"type": "Feature",
			"geometry": {
				"type": "Point",
				"coordinates": [121.4643945, 24.99775267]
			},
			"properties": {
				"場館編號": 21987,
				"場館名稱": "和平羽球館",
				"所在地址": "新北市板橋區重慶路355號",
				"場館連絡電話": "02-29686911#279",
				"場館官方網站": "http://www.banqiao.ntpc.gov.tw/content/?parent_id=10057",
				"場館停車場類型": ""
			}
		},
		{
			"type": "Feature",
			"geometry": {
				"type": "Point",
				"coordinates": [121.4758945, 25.01336203]
			},
			"properties": {
				"場館編號": 22001,
				"場館名稱": "民生公園網球場",
				"所在地址": "新北市板橋區民生路1段30號",
				"場館連絡電話": "02-29686911#279",
				"場館官方網站": "http://www.banqiao.ntpc.gov.tw/content/?parent_id=10057",
				"場館停車場類型": "無停車場"
			}
		},
		{
			"type": "Feature",
			"geometry": {
				"type": "Point",
				"coordinates": [121.5295898, 25.0686286]
			},
			"properties": {
				"場館編號": 22015,
				"場館名稱": "新生公園游泳池",
				"所在地址": "臺北市中山區新生北路三段105號",
				"場館連絡電話": "02-25953997",
				"場館官方網站": "https://www.facebook.com/sunsportY/",
				"場館停車場類型": "無停車場"
			}
		},
		{
			"type": "Feature",
			"geometry": {
				"type": "Point",
				"coordinates": [121.5317453, 25.06849499]
			},
			"properties": {
				"場館編號": 22017,
				"場館名稱": "新生公園網球場",
				"所在地址": "臺北市中山區新生北路3段105號",
				"場館連絡電話": "02-25956489",
				"場館官方網站": "",
				"場館停車場類型": "無停車場"
			}
		},
		{
			"type": "Feature",
			"geometry": {
				"type": "Point",
				"coordinates": [121.5172112, 25.06071153]
			},
			"properties": {
				"場館編號": 22021,
				"場館名稱": "臺北市雙蓮國小操場",
				"所在地址": "臺北市大同區民權里錦西街51號",
				"場館連絡電話": "02-25570309#1024",
				"場館官方網站": "http://www.sles.tp.edu.tw",
				"場館停車場類型": "一般及無障礙停車場"
			}
		},
		{
			"type": "Feature",
			"geometry": {
				"type": "Point",
				"coordinates": [121.5170342, 25.06126065]
			},
			"properties": {
				"場館編號": 22022,
				"場館名稱": "臺北市雙蓮國小籃球場",
				"所在地址": "臺北市大同區民權里錦西街51號",
				"場館連絡電話": "02-25570309#1024",
				"場館官方網站": "http://x-hack.sles.tp.edu.tw/",
				"場館停車場類型": ""
			}
		},
		{
			"type": "Feature",
			"geometry": {
				"type": "Point",
				"coordinates": [121.6105843, 25.05722243]
			},
			"properties": {
				"場館編號": 22030,
				"場館名稱": "南港國民小學活動中心",
				"所在地址": "臺北市南港區三重里惠民街67號",
				"場館連絡電話": "02-27834678",
				"場館官方網站": "http://www.nkps.tp.edu.tw",
				"場館停車場類型": "一般及無障礙停車場"
			}
		},
		{
			"type": "Feature",
			"geometry": {
				"type": "Point",
				"coordinates": [121.5108222, 25.1228816]
			},
			"properties": {
				"場館編號": 22065,
				"場館名稱": "游泳健身館",
				"所在地址": "臺北市北投區立農街二段155號",
				"場館連絡電話": "02-28206000",
				"場館官方網站": "http://pe.web.ym.edu.tw/front/bin/home.phtml",
				"場館停車場類型": "無停車場"
			}
		},
		{
			"type": "Feature",
			"geometry": {
				"type": "Point",
				"coordinates": [121.611583, 25.071195]
			},
			"properties": {
				"場館編號": 22123,
				"場館名稱": "操場",
				"所在地址": "臺北市內湖區東湖里康寧路3段105號",
				"場館連絡電話": "02-26323477",
				"場館官方網站": "http://www.mhups.tp.edu.tw",
				"場館停車場類型": "無停車場"
			}
		},
		{
			"type": "Feature",
			"geometry": {
				"type": "Point",
				"coordinates": [121.5079281, 25.04683471]
			},
			"properties": {
				"場館編號": 22126,
				"場館名稱": "福星國小活動中心",
				"所在地址": "臺北市萬華區福星里中華路一段66號",
				"場館連絡電話": "02-23144668#125",
				"場館官方網站": "http://www.fhps.tp.edu.tw",
				"場館停車場類型": ""
			}
		},
		{
			"type": "Feature",
			"geometry": {
				"type": "Point",
				"coordinates": [121.426633, 25.05523486]
			},
			"properties": {
				"場館編號": 22127,
				"場館名稱": "泰山體育館",
				"所在地址": "新北市泰山區公園路54號",
				"場館連絡電話": "222969000",
				"場館官方網站": "https://reurl.cc/O1go89",
				"場館停車場類型": "一般及無障礙停車場"
			}
		},
		{
			"type": "Feature",
			"geometry": {
				"type": "Point",
				"coordinates": [121.3731846, 24.93923183]
			},
			"properties": {
				"場館編號": 22161,
				"場館名稱": "北大國小田徑場",
				"所在地址": "新北市三峽區國光街100號",
				"場館連絡電話": "02-86716836#823",
				"場館官方網站": "http://www.bdes.ntpc.edu.tw/",
				"場館停車場類型": "無停車場"
			}
		},
		{
			"type": "Feature",
			"geometry": {
				"type": "Point",
				"coordinates": [121.6105843, 25.07674653]
			},
			"properties": {
				"場館編號": 22162,
				"場館名稱": "戶外籃球場",
				"所在地址": "臺北市內湖區康寧路三段75巷137號",
				"場館連絡電話": "02-26321181#451",
				"場館官方網站": "http://www.ukn.edu.tw/ukn/index.html",
				"場館停車場類型": "無停車場"
			}
		},
		{
			"type": "Feature",
			"geometry": {
				"type": "Point",
				"coordinates": [121.4398026, 24.98261056]
			},
			"properties": {
				"場館編號": 22170,
				"場館名稱": "私立裕德高級中學活動中心",
				"所在地址": "新北市土城區擺接堡路1號(無完備保全系統，周邊無設置停車場，故不對外開放。)",
				"場館連絡電話": "02-82617889#222",
				"場館官方網站": "http://60.250.89.127",
				"場館停車場類型": "無停車場"
			}
		},
		{
			"type": "Feature",
			"geometry": {
				"type": "Point",
				"coordinates": [121.3829157, 24.94895744]
			},
			"properties": {
				"場館編號": 22171,
				"場館名稱": "桃子腳風雨操場",
				"所在地址": "新北市樹林區學勤路555號",
				"場館連絡電話": "02-89703225#8230",
				"場館官方網站": "http://www.tykjh.ntpc.edu.tw",
				"場館停車場類型": "無停車場"
			}
		},
		{
			"type": "Feature",
			"geometry": {
				"type": "Point",
				"coordinates": [121.557945, 24.98295255]
			},
			"properties": {
				"場館編號": 22176,
				"場館名稱": "實踐國小活動中心",
				"所在地址": "臺北市文山區樟文里忠順街1段4號",
				"場館連絡電話": "02-29360725#135",
				"場館官方網站": "http://www.zjps.tp.edu.tw",
				"場館停車場類型": "無停車場"
			}
		},
		{
			"type": "Feature",
			"geometry": {
				"type": "Point",
				"coordinates": [121.5702023, 24.9904207]
			},
			"properties": {
				"場館編號": 22184,
				"場館名稱": "木柵國小活動中心（3F）",
				"所在地址": "臺北市文山區木柵路三段191號",
				"場館連絡電話": "02-29391234#634",
				"場館官方網站": "http://www.mjes.tp.edu.tw/",
				"場館停車場類型": ""
			}
		},
		{
			"type": "Feature",
			"geometry": {
				"type": "Point",
				"coordinates": [121.5528417, 25.11987026]
			},
			"properties": {
				"場館編號": 22205,
				"場館名稱": "陽明山國小活動中心",
				"所在地址": "臺北市士林區新安里仰德大道3段61號",
				"場館連絡電話": "02-28616366",
				"場館官方網站": "http://www.ymps.tp.edu.tw",
				"場館停車場類型": ""
			}
		},
		{
			"type": "Feature",
			"geometry": {
				"type": "Point",
				"coordinates": [121.5126064, 25.06205594]
			},
			"properties": {
				"場館編號": 22209,
				"場館名稱": "太平國小操場",
				"所在地址": "臺北市大同區南芳里延平北路2段239號",
				"場館連絡電話": "02-25532229",
				"場館官方網站": "http://www.tpes.tp.edu.tw",
				"場館停車場類型": "一般及無障礙停車場"
			}
		},
		{
			"type": "Feature",
			"geometry": {
				"type": "Point",
				"coordinates": [121.4885759, 25.10281593]
			},
			"properties": {
				"場館編號": 22263,
				"場館名稱": "福安國中戶外運動場",
				"所在地址": "臺北市士林區福安里延平北路7段250號",
				"場館連絡電話": "02-28108766#141",
				"場館官方網站": "http://www.fajh.tp.edu.tw",
				"場館停車場類型": "一般及無障礙停車場"
			}
		},
		{
			"type": "Feature",
			"geometry": {
				"type": "Point",
				"coordinates": [121.4676279, 25.11987881]
			},
			"properties": {
				"場館編號": 22276,
				"場館名稱": "關渡國中多功能球場(籃球場)",
				"所在地址": "臺北市北投區關渡里知行路212號",
				"場館連絡電話": "02-28581770#31",
				"場館官方網站": "",
				"場館停車場類型": "無停車場"
			}
		},
		{
			"type": "Feature",
			"geometry": {
				"type": "Point",
				"coordinates": [121.5213633, 25.09938632]
			},
			"properties": {
				"場館編號": 22281,
				"場館名稱": "臺北市士林區文昌國小活動中心",
				"所在地址": "臺北市士林區文林路615巷20號",
				"場館連絡電話": "02-28365411#123",
				"場館官方網站": "http://www.wces.tp.edu.tw",
				"場館停車場類型": ""
			}
		},
		{
			"type": "Feature",
			"geometry": {
				"type": "Point",
				"coordinates": [121.558021, 25.04062838]
			},
			"properties": {
				"場館編號": 22294,
				"場館名稱": "臺北市光復國小活動中心",
				"所在地址": "臺北市信義區光復南路271號",
				"場館連絡電話": "02-27585076#831",
				"場館官方網站": "http://www.kfps.tp.edu.tw",
				"場館停車場類型": "無停車場"
			}
		},
		{
			"type": "Feature",
			"geometry": {
				"type": "Point",
				"coordinates": [121.5386125, 24.97154544]
			},
			"properties": {
				"場館編號": 22315,
				"場館名稱": "崇光女中操場",
				"所在地址": "新北市新店區三民路18號",
				"場館連絡電話": "02-29112543#215",
				"場館官方網站": "http://www.ckgsh.ntpc.edu.tw",
				"場館停車場類型": "一般及無障礙停車場"
			}
		},
		{
			"type": "Feature",
			"geometry": {
				"type": "Point",
				"coordinates": [121.599952, 25.08793092]
			},
			"properties": {
				"場館編號": 22323,
				"場館名稱": "大湖國小籃球場及網球場",
				"所在地址": "臺北市內湖區大湖里大湖山莊街170號",
				"場館連絡電話": "02-27915870",
				"場館官方網站": "http://www.dhps.tp.edu.tw",
				"場館停車場類型": "無停車場"
			}
		},
		{
			"type": "Feature",
			"geometry": {
				"type": "Point",
				"coordinates": [121.6112781, 25.07086404]
			},
			"properties": {
				"場館編號": 22327,
				"場館名稱": "明湖國小活動中心",
				"所在地址": "臺北市內湖區東湖里康寧路3段105號",
				"場館連絡電話": "02-26323477#41",
				"場館官方網站": "http://www.mhups.tp.edu.tw",
				"場館停車場類型": "無停車場"
			}
		},
		{
			"type": "Feature",
			"geometry": {
				"type": "Point",
				"coordinates": [121.3759822, 24.94884071]
			},
			"properties": {
				"場館編號": 22329,
				"場館名稱": "北大高中籃球場",
				"所在地址": "新北市三峽區大義路277號",
				"場館連絡電話": "02-26742666#302",
				"場館官方網站": "http://www.bdsh.ntpc.edu.tw",
				"場館停車場類型": "一般及無障礙停車場"
			}
		},
		{
			"type": "Feature",
			"geometry": {
				"type": "Point",
				"coordinates": [121.61479, 25.24335192]
			},
			"properties": {
				"場館編號": 22356,
				"場館名稱": "揚生館",
				"所在地址": "新北市金山區法鼓路700號",
				"場館連絡電話": "02-24980707#5575",
				"場館官方網站": "http://www.dila.edu.tw/",
				"場館停車場類型": "一般及無障礙停車場"
			}
		},
		{
			"type": "Feature",
			"geometry": {
				"type": "Point",
				"coordinates": [121.4704764, 25.01032855]
			},
			"properties": {
				"場館編號": 22374,
				"場館名稱": "海山國小體育館",
				"所在地址": "新北市板橋區漢生東路280號",
				"場館連絡電話": "02-29545725#528",
				"場館官方網站": "http://www.hsps.ntpc.edu.tw",
				"場館停車場類型": "無停車場"
			}
		},
		{
			"type": "Feature",
			"geometry": {
				"type": "Point",
				"coordinates": [121.5429161, 25.01241894]
			},
			"properties": {
				"場館編號": 22375,
				"場館名稱": "公館國小田徑場",
				"所在地址": "臺北市大安區基隆路4段41巷68弄2號",
				"場館連絡電話": "02-27351734",
				"場館官方網站": "http://www.gges.tp.edu.tw",
				"場館停車場類型": "無停車場"
			}
		},
		{
			"type": "Feature",
			"geometry": {
				"type": "Point",
				"coordinates": [121.5478428, 25.04991396]
			},
			"properties": {
				"場館編號": 22376,
				"場館名稱": "敦化國小學生活動中心羽球場",
				"所在地址": "臺北市松山區中正里敦化北路2號",
				"場館連絡電話": "02-27414065#134",
				"場館官方網站": "http://www.thps.tp.edu.tw",
				"場館停車場類型": "無停車場"
			}
		},
		{
			"type": "Feature",
			"geometry": {
				"type": "Point",
				"coordinates": [121.5290505, 25.05388387]
			},
			"properties": {
				"場館編號": 22386,
				"場館名稱": "吉林國小田徑場",
				"所在地址": "臺北市中山區中原里長春路116號",
				"場館連絡電話": "02-25219196#823",
				"場館官方網站": "http://www.clps.tp.edu.tw",
				"場館停車場類型": "無停車場"
			}
		},
		{
			"type": "Feature",
			"geometry": {
				"type": "Point",
				"coordinates": [121.3590023, 25.07503039]
			},
			"properties": {
				"場館編號": 22388,
				"場館名稱": "南勢國小風雨球場",
				"所在地址": "新北市林口區南勢街 南勢二街 交叉口",
				"場館連絡電話": "02-26091020#831",
				"場館官方網站": "http://www.nses.ntpc.edu.tw",
				"場館停車場類型": "無停車場"
			}
		},
		{
			"type": "Feature",
			"geometry": {
				"type": "Point",
				"coordinates": [121.5164709, 25.06022802]
			},
			"properties": {
				"場館編號": 22390,
				"場館名稱": "禮堂",
				"所在地址": "臺北市大同區民權里錦西街51號",
				"場館連絡電話": "02-25570309#1024",
				"場館官方網站": "http://x-hack.sles.tp.edu.tw/",
				"場館停車場類型": "一般及無障礙停車場"
			}
		},
		{
			"type": "Feature",
			"geometry": {
				"type": "Point",
				"coordinates": [121.541111, 25.04500735]
			},
			"properties": {
				"場館編號": 22396,
				"場館名稱": "懷生國小操場",
				"所在地址": "臺北市中山區埤頭里安東街16巷2號",
				"場館連絡電話": "02-27710846",
				"場館官方網站": "http://www.wses.tp.edu.tw",
				"場館停車場類型": "無停車場"
			}
		},
		{
			"type": "Feature",
			"geometry": {
				"type": "Point",
				"coordinates": [121.5026126, 25.0380889]
			},
			"properties": {
				"場館編號": 22399,
				"場館名稱": "老松國小活動中心",
				"所在地址": "臺北市萬華區福音里桂林路64號",
				"場館連絡電話": "02-23361266#122",
				"場館官方網站": "http://www.tlsps.tp.edu.tw",
				"場館停車場類型": "一般及無障礙停車場"
			}
		},
		{
			"type": "Feature",
			"geometry": {
				"type": "Point",
				"coordinates": [121.5263629, 25.06358341]
			},
			"properties": {
				"場館編號": 22400,
				"場館名稱": "田徑場",
				"所在地址": "臺北市中山區恆安里民權東路1段69號",
				"場館連絡電話": "02-25914085#8024",
				"場館官方網站": "http://www.csps.tp.edu.tw",
				"場館停車場類型": "無停車場"
			}
		},
		{
			"type": "Feature",
			"geometry": {
				"type": "Point",
				"coordinates": [121.5241769, 25.00310429]
			},
			"properties": {
				"場館編號": 22424,
				"場館名稱": "永和國民運動中心",
				"所在地址": "新北市永和區永利路250號",
				"場館連絡電話": "02-22318989",
				"場館官方網站": "https://yhcsc.cyc.org.tw/",
				"場館停車場類型": "一般及無障礙停車場"
			}
		},
		{
			"type": "Feature",
			"geometry": {
				"type": "Point",
				"coordinates": [121.6577053, 25.06541049]
			},
			"properties": {
				"場館編號": 22425,
				"場館名稱": "汐止國民運動中心",
				"所在地址": "新北市汐止區汐科路321號(主館)",
				"場館連絡電話": "02-86915691",
				"場館官方網站": "https://xzcsc.cyc.org.tw/",
				"場館停車場類型": "一般及無障礙停車場"
			}
		},
		{
			"type": "Feature",
			"geometry": {
				"type": "Point",
				"coordinates": [121.5231174, 25.10828562]
			},
			"properties": {
				"場館編號": 22457,
				"場館名稱": "環形或直線慢跑場（非田徑場）",
				"所在地址": "臺北市士林區蘭興里磺溪街57號",
				"場館連絡電話": "02-28366052",
				"場館官方網站": "http://www.lyps.tp.edu.tw",
				"場館停車場類型": "無停車場"
			}
		},
		{
			"type": "Feature",
			"geometry": {
				"type": "Point",
				"coordinates": [121.3364518, 24.94106319]
			},
			"properties": {
				"場館編號": 22486,
				"場館名稱": "二橋國小風雨操場(樂活廣場)",
				"所在地址": "新北市鶯歌區二橋里中正三路106號",
				"場館連絡電話": "02-26792364",
				"場館官方網站": "http://www.tbes.ntpc.edu.tw",
				"場館停車場類型": "無停車場"
			}
		},
		{
			"type": "Feature",
			"geometry": {
				"type": "Point",
				"coordinates": [121.4993595, 25.02860462]
			},
			"properties": {
				"場館編號": 22490,
				"場館名稱": "萬華國中田徑場與戶外籃球場",
				"所在地址": "臺北市萬華區日善里西藏路201號",
				"場館連絡電話": "02-23394567#133",
				"場館官方網站": "http://www.whjhs.tp.edu.tw",
				"場館停車場類型": "無停車場"
			}
		},
		{
			"type": "Feature",
			"geometry": {
				"type": "Point",
				"coordinates": [121.4798212, 24.99936073]
			},
			"properties": {
				"場館編號": 22496,
				"場館名稱": "體適能健身中心",
				"所在地址": "新北市中和區民安街66號",
				"場館連絡電話": "02-22234747#831",
				"場館官方網站": "http://www.gsjh.ntpc.edu.tw",
				"場館停車場類型": "一般及無障礙停車場"
			}
		},
		{
			"type": "Feature",
			"geometry": {
				"type": "Point",
				"coordinates": [121.4181787, 24.9818982]
			},
			"properties": {
				"場館編號": 22498,
				"場館名稱": "大同國小大操場",
				"所在地址": "新北市樹林區大同里大同街43號",
				"場館連絡電話": "02-86865486#833",
				"場館官方網站": "http://www.ttps.ntpc.edu.tw",
				"場館停車場類型": "無停車場"
			}
		},
		{
			"type": "Feature",
			"geometry": {
				"type": "Point",
				"coordinates": [121.4172077, 24.98150676]
			},
			"properties": {
				"場館編號": 22499,
				"場館名稱": "大同國小中庭操場",
				"所在地址": "新北市樹林區大同里大同街43號",
				"場館連絡電話": "02-86865486#833",
				"場館官方網站": "http://www.ttps.ntpc.edu.tw",
				"場館停車場類型": "無停車場"
			}
		},
		{
			"type": "Feature",
			"geometry": {
				"type": "Point",
				"coordinates": [121.4298892, 25.05775698]
			},
			"properties": {
				"場館編號": 22501,
				"場館名稱": "泰山高中田徑場",
				"所在地址": "新北市泰山區辭修路7號",
				"場館連絡電話": "02-22963625",
				"場館官方網站": "",
				"場館停車場類型": "無停車場"
			}
		},
		{
			"type": "Feature",
			"geometry": {
				"type": "Point",
				"coordinates": [121.5108007, 25.0612898]
			},
			"properties": {
				"場館編號": 22524,
				"場館名稱": "籃球場館",
				"所在地址": "臺北市大同區南芳里延平北路2段266號",
				"場館連絡電話": "02-25534882",
				"場館官方網站": "http://www.ylps.tp.edu.tw",
				"場館停車場類型": "一般及無障礙停車場"
			}
		},
		{
			"type": "Feature",
			"geometry": {
				"type": "Point",
				"coordinates": [121.5390605, 24.95661287]
			},
			"properties": {
				"場館編號": 22534,
				"場館名稱": "文山國中山下操場",
				"所在地址": "新北市新店區文中路38號",
				"場館連絡電話": "02-29134300#623",
				"場館官方網站": "http://www.wsjh.ntpc.edu.tw",
				"場館停車場類型": "無停車場"
			}
		},
		{
			"type": "Feature",
			"geometry": {
				"type": "Point",
				"coordinates": [121.5058655, 25.0077374]
			},
			"properties": {
				"場館編號": 22535,
				"場館名稱": "永平國小活動中心",
				"所在地址": "新北市永和區保生路25號",
				"場館連絡電話": "02-29259879",
				"場館官方網站": "http://www.ypes.ntpc.edu.tw",
				"場館停車場類型": "無停車場"
			}
		},
		{
			"type": "Feature",
			"geometry": {
				"type": "Point",
				"coordinates": [121.7778718, 25.04364086]
			},
			"properties": {
				"場館編號": 22550,
				"場館名稱": "十分國小田徑場",
				"所在地址": "新北市平溪區十分里十分街157號",
				"場館連絡電話": "02-24958305",
				"場館官方網站": "http://www.tsfes.ntpc.edu.tw",
				"場館停車場類型": "無障礙停車場"
			}
		},
		{
			"type": "Feature",
			"geometry": {
				"type": "Point",
				"coordinates": [121.4557725, 25.03801113]
			},
			"properties": {
				"場館編號": 22552,
				"場館名稱": "新莊國小手球場",
				"所在地址": "新北市新莊區立人里中正路86號",
				"場館連絡電話": "02-29931201#834",
				"場館官方網站": "http://www.scps.ntpc.edu.tw/",
				"場館停車場類型": "無停車場"
			}
		},
		{
			"type": "Feature",
			"geometry": {
				"type": "Point",
				"coordinates": [121.4274108, 24.92421994]
			},
			"properties": {
				"場館編號": 22556,
				"場館名稱": "大成國小籃球場",
				"所在地址": "新北市三峽區成福路251巷2號",
				"場館連絡電話": "02-26726521#115",
				"場館官方網站": "",
				"場館停車場類型": "無停車場"
			}
		},
		{
			"type": "Feature",
			"geometry": {
				"type": "Point",
				"coordinates": [121.5639246, 25.10606086]
			},
			"properties": {
				"場館編號": 22567,
				"場館名稱": "臺北市雙溪國小網球場",
				"所在地址": "臺北市士林區翠山里中社路2段66號",
				"場館連絡電話": "02-28411038#14",
				"場館官方網站": "http://www.sses.tp.edu.tw",
				"場館停車場類型": "無停車場"
			}
		},
		{
			"type": "Feature",
			"geometry": {
				"type": "Point",
				"coordinates": [121.5189546, 25.08599957]
			},
			"properties": {
				"場館編號": 22570,
				"場館名稱": "百齡國小操場",
				"所在地址": "臺北市士林區福中里福港街205號",
				"場館連絡電話": "02-28817683#851",
				"場館官方網站": "",
				"場館停車場類型": ""
			}
		},
		{
			"type": "Feature",
			"geometry": {
				"type": "Point",
				"coordinates": [121.3448042, 24.95181734]
			},
			"properties": {
				"場館編號": 22596,
				"場館名稱": "風雨球場",
				"所在地址": "新北市鶯歌區尖山埔路108號",
				"場館連絡電話": "02-26701461#230",
				"場館官方網站": "http://www.ykjhs.ntpc.edu.tw",
				"場館停車場類型": "無停車場"
			}
		},
		{
			"type": "Feature",
			"geometry": {
				"type": "Point",
				"coordinates": [121.5501916, 25.01983709]
			},
			"properties": {
				"場館編號": 22601,
				"場館名稱": "大安國小田徑場",
				"所在地址": "臺北市大安區芳和里臥龍街129號",
				"場館連絡電話": "02-27322332",
				"場館官方網站": "",
				"場館停車場類型": "無停車場"
			}
		},
		{
			"type": "Feature",
			"geometry": {
				"type": "Point",
				"coordinates": [121.5368128, 24.97182019]
			},
			"properties": {
				"場館編號": 22602,
				"場館名稱": "中正國小操場",
				"所在地址": "新北市新店區三民路36號",
				"場館連絡電話": "02-29125432#832",
				"場館官方網站": "http://www.ccps.ntpc.edu.tw",
				"場館停車場類型": "無停車場"
			}
		},
		{
			"type": "Feature",
			"geometry": {
				"type": "Point",
				"coordinates": [121.5490758, 25.02000723]
			},
			"properties": {
				"場館編號": 22603,
				"場館名稱": "大安國小網球場",
				"所在地址": "臺北市大安區芳和里臥龍街129號",
				"場館連絡電話": "02-27322332",
				"場館官方網站": "http://www.taes.tp.edu.tw/",
				"場館停車場類型": "無停車場"
			}
		},
		{
			"type": "Feature",
			"geometry": {
				"type": "Point",
				"coordinates": [121.5039825, 25.15489921]
			},
			"properties": {
				"場館編號": 22614,
				"場館名稱": "大屯國小籃球場",
				"所在地址": "臺北市北投區大屯里復興三路312號",
				"場館連絡電話": "02-28914353#14",
				"場館官方網站": "http://www.dtps.tp.edu.tw",
				"場館停車場類型": "無停車場"
			}
		},
		{
			"type": "Feature",
			"geometry": {
				"type": "Point",
				"coordinates": [121.5627614, 24.98733385]
			},
			"properties": {
				"場館編號": 22615,
				"場館名稱": "羽球場館",
				"所在地址": "臺北市文山區明興里木柵路2段138巷61號",
				"場館連絡電話": "02-29392821#14",
				"場館官方網站": "http://www.mdps.tp.edu.tw",
				"場館停車場類型": "無停車場"
			}
		},
		{
			"type": "Feature",
			"geometry": {
				"type": "Point",
				"coordinates": [121.3786697, 24.93030324]
			},
			"properties": {
				"場館編號": 22619,
				"場館名稱": "介壽國小操場",
				"所在地址": "新北市三峽區大同路1號",
				"場館連絡電話": "02-26712392#34",
				"場館官方網站": "http://www.jses.ntpc.edu.tw/",
				"場館停車場類型": ""
			}
		},
		{
			"type": "Feature",
			"geometry": {
				"type": "Point",
				"coordinates": [121.378482, 24.929773]
			},
			"properties": {
				"場館編號": 22620,
				"場館名稱": "介壽國小躲避球場",
				"所在地址": "新北市三峽區大同路1號",
				"場館連絡電話": "02-26712392#34",
				"場館官方網站": "http://www.jses.ntpc.edu.tw/",
				"場館停車場類型": ""
			}
		},
		{
			"type": "Feature",
			"geometry": {
				"type": "Point",
				"coordinates": [121.4737165, 25.08664831]
			},
			"properties": {
				"場館編號": 22622,
				"場館名稱": "三民高中操場",
				"所在地址": "新北市蘆洲區三民路96號",
				"場館連絡電話": "02-22894675#231",
				"場館官方網站": "",
				"場館停車場類型": "無停車場"
			}
		},
		{
			"type": "Feature",
			"geometry": {
				"type": "Point",
				"coordinates": [121.5241688, 25.14941704]
			},
			"properties": {
				"場館編號": 22628,
				"場館名稱": "泉源國小操場",
				"所在地址": "臺北市北投區泉源里東昇路34號",
				"場館連絡電話": "02-28951258",
				"場館官方網站": "http://www.cyps.tp.edu.tw",
				"場館停車場類型": "無停車場"
			}
		},
		{
			"type": "Feature",
			"geometry": {
				"type": "Point",
				"coordinates": [121.4735234, 25.08674548]
			},
			"properties": {
				"場館編號": 22629,
				"場館名稱": "三民高中半戶外籃球場",
				"所在地址": "新北市蘆洲區三民路96號",
				"場館連絡電話": "02-22894675#231",
				"場館官方網站": "http://www.smsh.ntpc.edu.tw",
				"場館停車場類型": "無停車場"
			}
		},
		{
			"type": "Feature",
			"geometry": {
				"type": "Point",
				"coordinates": [121.4738989, 25.08680378]
			},
			"properties": {
				"場館編號": 22630,
				"場館名稱": "三民高中半場籃球場",
				"所在地址": "新北市蘆洲區三民路96號",
				"場館連絡電話": "02-22894675#231",
				"場館官方網站": "http://www.smsh.ntpc.edu.tw",
				"場館停車場類型": "無停車場"
			}
		},
		{
			"type": "Feature",
			"geometry": {
				"type": "Point",
				"coordinates": [121.4734268, 25.0868135]
			},
			"properties": {
				"場館編號": 22631,
				"場館名稱": "三民高中網球場",
				"所在地址": "新北市蘆洲區三民路96號",
				"場館連絡電話": "02-22894675#231",
				"場館官方網站": "http://www.smsh.ntpc.edu.tw",
				"場館停車場類型": "無停車場"
			}
		},
		{
			"type": "Feature",
			"geometry": {
				"type": "Point",
				"coordinates": [121.4060095, 25.01641002]
			},
			"properties": {
				"場館編號": 22634,
				"場館名稱": "田徑場",
				"所在地址": "新北市樹林區三福街52號",
				"場館連絡電話": "02-26880698#133",
				"場館官方網站": "http://www.sdes.ntpc.edu.tw",
				"場館停車場類型": "無停車場"
			}
		},
		{
			"type": "Feature",
			"geometry": {
				"type": "Point",
				"coordinates": [121.4676547, 25.11987531]
			},
			"properties": {
				"場館編號": 22639,
				"場館名稱": "關渡關渡羽球場",
				"所在地址": "臺北市北投區關渡里知行路212號",
				"場館連絡電話": "922260726",
				"場館官方網站": "http://www.ktjhs.tp.edu.tw",
				"場館停車場類型": "無停車場"
			}
		},
		{
			"type": "Feature",
			"geometry": {
				"type": "Point",
				"coordinates": [121.5043795, 25.11928255]
			},
			"properties": {
				"場館編號": 22646,
				"場館名稱": "立農國小田徑場",
				"所在地址": "臺北市北投區立農里立農街1段250號",
				"場館連絡電話": "02-28210702#204",
				"場館官方網站": "http://www.lnes.tp.edu.tw",
				"場館停車場類型": "無停車場"
			}
		},
		{
			"type": "Feature",
			"geometry": {
				"type": "Point",
				"coordinates": [121.3661082, 24.90353185]
			},
			"properties": {
				"場館編號": 22659,
				"場館名稱": "明德高中角力館",
				"所在地址": "新北市三峽區中正路二段399號",
				"場館連絡電話": "02-26723302#237",
				"場館官方網站": "",
				"場館停車場類型": "無停車場"
			}
		},
		{
			"type": "Feature",
			"geometry": {
				"type": "Point",
				"coordinates": [121.3640395, 24.9062273]
			},
			"properties": {
				"場館編號": 22660,
				"場館名稱": "明德高中拳擊館",
				"所在地址": "新北市三峽區中正路二段399號",
				"場館連絡電話": "02-26723302#237",
				"場館官方網站": "https://www.mdhs.ntpc.edu.tw/",
				"場館停車場類型": "無停車場"
			}
		},
		{
			"type": "Feature",
			"geometry": {
				"type": "Point",
				"coordinates": [121.3639732, 24.90636892]
			},
			"properties": {
				"場館編號": 22661,
				"場館名稱": "明德高中柔道館",
				"所在地址": "新北市三峽區中正路二段399號",
				"場館連絡電話": "02-26723302#237",
				"場館官方網站": "",
				"場館停車場類型": "無停車場"
			}
		},
		{
			"type": "Feature",
			"geometry": {
				"type": "Point",
				"coordinates": [121.3653787, 24.90602745]
			},
			"properties": {
				"場館編號": 22662,
				"場館名稱": "明德高中射箭場",
				"所在地址": "新北市三峽區中正路二段399號",
				"場館連絡電話": "02-26723302#237",
				"場館官方網站": "https://www.mdhs.ntpc.edu.tw/",
				"場館停車場類型": "無停車場"
			}
		},
		{
			"type": "Feature",
			"geometry": {
				"type": "Point",
				"coordinates": [121.3635245, 24.90655992]
			},
			"properties": {
				"場館編號": 22663,
				"場館名稱": "明德高中游泳池",
				"所在地址": "新北市三峽區中正路二段399號",
				"場館連絡電話": "02-26723302#237",
				"場館官方網站": "",
				"場館停車場類型": "無停車場"
			}
		},
		{
			"type": "Feature",
			"geometry": {
				"type": "Point",
				"coordinates": [121.3755423, 24.9118992]
			},
			"properties": {
				"場館編號": 22681,
				"場館名稱": "躲避球場",
				"所在地址": "新北市三峽區嘉添里白雞路40號",
				"場館連絡電話": "02-26711895#830",
				"場館官方網站": "http://www.myes.ntpc.edu.tw/default.asp",
				"場館停車場類型": "一般及無障礙停車場"
			}
		},
		{
			"type": "Feature",
			"geometry": {
				"type": "Point",
				"coordinates": [121.5329196, 25.03110809]
			},
			"properties": {
				"場館編號": 22683,
				"場館名稱": "金華操場",
				"所在地址": "臺北市大安區福住里新生南路2段32號",
				"場館連絡電話": "02-33931799",
				"場館官方網站": "http://www.chwjh.tp.edu.tw",
				"場館停車場類型": "一般及無障礙停車場"
			}
		},
		{
			"type": "Feature",
			"geometry": {
				"type": "Point",
				"coordinates": [121.5004608, 25.13383472]
			},
			"properties": {
				"場館編號": 22692,
				"場館名稱": "北投國小游泳池",
				"所在地址": "臺北市北投區長安里中央北路1段73號",
				"場館連絡電話": "02-28912052",
				"場館官方網站": "http://www.ptes.tp.edu.tw",
				"場館停車場類型": "無停車場"
			}
		},
		{
			"type": "Feature",
			"geometry": {
				"type": "Point",
				"coordinates": [121.5009785, 25.13359554]
			},
			"properties": {
				"場館編號": 22693,
				"場館名稱": "北投國小活動中心",
				"所在地址": "臺北市北投區長安里中央北路1段73號",
				"場館連絡電話": "02-28912052",
				"場館官方網站": "http://www.ptes.tp.edu.tw",
				"場館停車場類型": ""
			}
		},
		{
			"type": "Feature",
			"geometry": {
				"type": "Point",
				"coordinates": [121.4997232, 25.13409333]
			},
			"properties": {
				"場館編號": 22694,
				"場館名稱": "北投國小操場",
				"所在地址": "臺北市北投區長安里中央北路1段73號",
				"場館連絡電話": "02-28912052",
				"場館官方網站": "http://www.ptes.tp.edu.tw",
				"場館停車場類型": "無停車場"
			}
		},
		{
			"type": "Feature",
			"geometry": {
				"type": "Point",
				"coordinates": [121.6608274, 25.06580409]
			},
			"properties": {
				"場館編號": 22696,
				"場館名稱": "秀峰高中壘球場",
				"所在地址": "新北市汐止區忠孝東路201號",
				"場館連絡電話": "02-26412134",
				"場館官方網站": "http://www.sfhs.ntpc.edu.tw",
				"場館停車場類型": "一般及無障礙停車場"
			}
		},
		{
			"type": "Feature",
			"geometry": {
				"type": "Point",
				"coordinates": [121.3778275, 25.07619749]
			},
			"properties": {
				"場館編號": 22698,
				"場館名稱": "林口國中籃球場",
				"所在地址": "新北市林口區民治路25號",
				"場館連絡電話": "02-26011014#21",
				"場館官方網站": "http://www.lkjh.ntpc.edu.tw",
				"場館停車場類型": "無停車場"
			}
		},
		{
			"type": "Feature",
			"geometry": {
				"type": "Point",
				"coordinates": [121.6608274, 25.06580409]
			},
			"properties": {
				"場館編號": 22699,
				"場館名稱": "秀峰高中田徑場",
				"所在地址": "新北市汐止區忠孝東路201號",
				"場館連絡電話": "02-26412134",
				"場館官方網站": "http://www.sfhs.ntpc.edu.tw",
				"場館停車場類型": "一般及無障礙停車場"
			}
		},
		{
			"type": "Feature",
			"geometry": {
				"type": "Point",
				"coordinates": [121.7828089, 25.04372186]
			},
			"properties": {
				"場館編號": 22714,
				"場館名稱": "南山社區籃球場",
				"所在地址": "新北市平溪區南山坪橋115號",
				"場館連絡電話": "02-24951510#131",
				"場館官方網站": "",
				"場館停車場類型": "無停車場"
			}
		},
		{
			"type": "Feature",
			"geometry": {
				"type": "Point",
				"coordinates": [121.5332294, 25.0122731]
			},
			"properties": {
				"場館編號": 22720,
				"場館名稱": "自來水園區親水體驗教育區",
				"所在地址": "臺北市中正區思源街1號",
				"場館連絡電話": "02-83695003",
				"場館官方網站": "https://waterpark.water.gov.taipei/",
				"場館停車場類型": "無停車場"
			}
		},
		{
			"type": "Feature",
			"geometry": {
				"type": "Point",
				"coordinates": [121.3698024, 25.07302248]
			},
			"properties": {
				"場館編號": 22725,
				"場館名稱": "林口扶輪公園",
				"所在地址": "新北市林口區文化二路一段309巷1號",
				"場館連絡電話": "02-26033111#205",
				"場館官方網站": "http://www.linkou.ntpc.gov.tw/",
				"場館停車場類型": "無停車場"
			}
		},
		{
			"type": "Feature",
			"geometry": {
				"type": "Point",
				"coordinates": [121.5378481, 25.11695113]
			},
			"properties": {
				"場館編號": 22726,
				"場館名稱": "天母國中田徑場",
				"所在地址": "臺北市士林區天和里天母東路120號",
				"場館連絡電話": "02-28754864",
				"場館官方網站": "http://www.tmjh.tp.edu.tw",
				"場館停車場類型": "無停車場"
			}
		},
		{
			"type": "Feature",
			"geometry": {
				"type": "Point",
				"coordinates": [121.4884257, 25.06023531]
			},
			"properties": {
				"場館編號": 22727,
				"場館名稱": "過圳公園簡易籃球場",
				"所在地址": "新北市三重區過圳街19號",
				"場館連絡電話": "02-29862345#353",
				"場館官方網站": "http://www.sanchong.ntpc.gov.tw/",
				"場館停車場類型": ""
			}
		},
		{
			"type": "Feature",
			"geometry": {
				"type": "Point",
				"coordinates": [121.4811194, 25.07683399]
			},
			"properties": {
				"場館編號": 22730,
				"場館名稱": "永福公園籃球場",
				"所在地址": "新北市三重區力行路162巷55號",
				"場館連絡電話": "02-29862345",
				"場館官方網站": "",
				"場館停車場類型": "無停車場"
			}
		},
		{
			"type": "Feature",
			"geometry": {
				"type": "Point",
				"coordinates": [121.5363246, 25.10076109]
			},
			"properties": {
				"場館編號": 22733,
				"場館名稱": "雙溪河濱公園",
				"所在地址": "臺北市士林區",
				"場館連絡電話": "02-28834360",
				"場館官方網站": "",
				"場館停車場類型": "無停車場"
			}
		},
		{
			"type": "Feature",
			"geometry": {
				"type": "Point",
				"coordinates": [121.5449882, 25.08237286]
			},
			"properties": {
				"場館編號": 22738,
				"場館名稱": "培英公園",
				"所在地址": "臺北市中山區北安路501巷實踐大學前",
				"場館連絡電話": "02-25850192",
				"場館官方網站": "http://pkl.taipei.gov.tw",
				"場館停車場類型": "無停車場"
			}
		},
		{
			"type": "Feature",
			"geometry": {
				"type": "Point",
				"coordinates": [121.5560549, 25.08572522]
			},
			"properties": {
				"場館編號": 22750,
				"場館名稱": "敬業公園",
				"所在地址": "\t臺北市中山區北安路821巷4弄",
				"場館連絡電話": "02-23032451",
				"場館官方網站": "http://pkl.taipei.gov.tw",
				"場館停車場類型": "無停車場"
			}
		},
		{
			"type": "Feature",
			"geometry": {
				"type": "Point",
				"coordinates": [121.5701902, 25.03133192]
			},
			"properties": {
				"場館編號": 22752,
				"場館名稱": "中強(象山)公園",
				"所在地址": "臺北市信義區信義路五段150巷",
				"場館連絡電話": "02-25702330",
				"場館官方網站": "https://sports.tms.gov.tw/",
				"場館停車場類型": "無停車場"
			}
		},
		{
			"type": "Feature",
			"geometry": {
				"type": "Point",
				"coordinates": [121.5533674, 25.07667851]
			},
			"properties": {
				"場館編號": 22753,
				"場館名稱": "美堤河濱公園",
				"所在地址": "臺北市中山區大直橋至中山高速公路(金泰段右岸)（基隆河右岸）",
				"場館連絡電話": "02-25702330#6411",
				"場館官方網站": "https://vbs.sports.taipei/",
				"場館停車場類型": ""
			}
		},
		{
			"type": "Feature",
			"geometry": {
				"type": "Point",
				"coordinates": [121.534777, 25.05012583]
			},
			"properties": {
				"場館編號": 22781,
				"場館名稱": "伊通公園",
				"所在地址": "臺北市中山區松江路85巷",
				"場館連絡電話": "02-25850192",
				"場館官方網站": "http://pkl.taipei.gov.tw",
				"場館停車場類型": "無停車場"
			}
		},
		{
			"type": "Feature",
			"geometry": {
				"type": "Point",
				"coordinates": [121.5417856, 25.04933221]
			},
			"properties": {
				"場館編號": 22784,
				"場館名稱": "朱崙公園",
				"所在地址": "臺北市中山區龍江路45巷",
				"場館連絡電話": "02-25850192",
				"場館官方網站": "http://pkl.taipei.gov.tw",
				"場館停車場類型": "無停車場"
			}
		},
		{
			"type": "Feature",
			"geometry": {
				"type": "Point",
				"coordinates": [121.4632237, 25.11734942]
			},
			"properties": {
				"場館編號": 22787,
				"場館名稱": "關渡水岸河濱公園籃球場",
				"所在地址": "臺北市北投區",
				"場館連絡電話": "02-28850533",
				"場館官方網站": "http://heo.gov.taipei/",
				"場館停車場類型": "無停車場"
			}
		},
		{
			"type": "Feature",
			"geometry": {
				"type": "Point",
				"coordinates": [121.5222325, 25.03135757]
			},
			"properties": {
				"場館編號": 22808,
				"場館名稱": "中正國中游泳池",
				"所在地址": "臺北市中正區新營里愛國東路158號",
				"場館連絡電話": "02-23587349",
				"場館官方網站": "http://www.ccjhs.tp.edu.tw",
				"場館停車場類型": "無停車場"
			}
		},
		{
			"type": "Feature",
			"geometry": {
				"type": "Point",
				"coordinates": [121.4419001, 25.03416462]
			},
			"properties": {
				"場館編號": 22834,
				"場館名稱": "國泰國小操場",
				"所在地址": "新北市新莊區中正路386號",
				"場館連絡電話": "02-2904369#303",
				"場館官方網站": "http://www.gtps.ntpc.edu.tw",
				"場館停車場類型": "一般及無障礙停車場"
			}
		},
		{
			"type": "Feature",
			"geometry": {
				"type": "Point",
				"coordinates": [121.4797407, 25.00035254]
			},
			"properties": {
				"場館編號": 22835,
				"場館名稱": " 積穗國中籃球場",
				"所在地址": "新北市中和區民安街66號",
				"場館連絡電話": "02-22234747#831",
				"場館官方網站": "",
				"場館停車場類型": ""
			}
		},
		{
			"type": "Feature",
			"geometry": {
				"type": "Point",
				"coordinates": [121.4797354, 25.00035254]
			},
			"properties": {
				"場館編號": 22836,
				"場館名稱": "積穗國中田徑場",
				"所在地址": "新北市中和區民安街66號",
				"場館連絡電話": "02-22234747#831",
				"場館官方網站": "",
				"場館停車場類型": "無停車場"
			}
		},
		{
			"type": "Feature",
			"geometry": {
				"type": "Point",
				"coordinates": [121.4564189, 25.08573007]
			},
			"properties": {
				"場館編號": 22838,
				"場館名稱": "成功國小籃球場",
				"所在地址": "新北市蘆洲區長安街311號",
				"場館連絡電話": "02-22858998#848",
				"場館官方網站": "http://www.tces.ntpc.edu.tw",
				"場館停車場類型": "無停車場"
			}
		},
		{
			"type": "Feature",
			"geometry": {
				"type": "Point",
				"coordinates": [121.4021659, 24.97539925]
			},
			"properties": {
				"場館編號": 22843,
				"場館名稱": "山佳國小操場",
				"所在地址": "新北市樹林區中山路三段5號",
				"場館連絡電話": "02-26806673#823",
				"場館官方網站": "https://www.sjes.ntpc.edu.tw/index.php",
				"場館停車場類型": "無停車場"
			}
		},
		{
			"type": "Feature",
			"geometry": {
				"type": "Point",
				"coordinates": [121.4494036, 25.05572892]
			},
			"properties": {
				"場館編號": 22845,
				"場館名稱": "中信國小室外籃球場",
				"所在地址": "新北市新莊區中信街168號",
				"場館連絡電話": "02-85211131#302",
				"場館官方網站": "http://www.ches.ntpc.edu.tw",
				"場館停車場類型": "無停車場"
			}
		},
		{
			"type": "Feature",
			"geometry": {
				"type": "Point",
				"coordinates": [121.5312821, 24.93814467]
			},
			"properties": {
				"場館編號": 22846,
				"場館名稱": "籃球場",
				"所在地址": "新北市新店區直潭路92號",
				"場館連絡電話": "02-26667278#830",
				"場館官方網站": "http://www.jtes.ntpc.edu.tw",
				"場館停車場類型": "無停車場"
			}
		},
		{
			"type": "Feature",
			"geometry": {
				"type": "Point",
				"coordinates": [121.4148474, 25.00180378]
			},
			"properties": {
				"場館編號": 22848,
				"場館名稱": "武林國小附設籃球場",
				"所在地址": "新北市樹林區保安街二段151號",
				"場館連絡電話": "02-26812475#831",
				"場館官方網站": "http://www.wles.ntpc.edu.tw",
				"場館停車場類型": "無停車場"
			}
		},
		{
			"type": "Feature",
			"geometry": {
				"type": "Point",
				"coordinates": [121.3331151, 24.95867013]
			},
			"properties": {
				"場館編號": 22849,
				"場館名稱": "永吉國小田徑場",
				"所在地址": "新北市鶯歌區德昌二街2號",
				"場館連絡電話": "02-26704177#203",
				"場館官方網站": "http://www.yces.ntpc.edu.tw",
				"場館停車場類型": "一般及無障礙停車場"
			}
		},
		{
			"type": "Feature",
			"geometry": {
				"type": "Point",
				"coordinates": [121.8620306, 25.0364461]
			},
			"properties": {
				"場館編號": 22851,
				"場館名稱": "雙溪高中田徑場",
				"所在地址": "新北市雙溪區梅竹蹊3號",
				"場館連絡電話": "02-24931028#221",
				"場館官方網站": "http://www.sxhs.ntpc.edu.tw",
				"場館停車場類型": "無停車場"
			}
		},
		{
			"type": "Feature",
			"geometry": {
				"type": "Point",
				"coordinates": [121.8234429, 25.11039581]
			},
			"properties": {
				"場館編號": 22852,
				"場館名稱": "瑞柑國小籃球場",
				"所在地址": "新北市瑞芳區明燈路一段18巷13號",
				"場館連絡電話": "02-24971009#15",
				"場館官方網站": "http://www.rges.ntpc.edu.tw",
				"場館停車場類型": ""
			}
		},
		{
			"type": "Feature",
			"geometry": {
				"type": "Point",
				"coordinates": [121.948505, 25.01737253]
			},
			"properties": {
				"場館編號": 22853,
				"場館名稱": "操場",
				"所在地址": "新北市貢寮區福隆里東興街35號",
				"場館連絡電話": "02-24991449",
				"場館官方網站": "http://www.flps.ntpc.edu.tw",
				"場館停車場類型": "無停車場"
			}
		},
		{
			"type": "Feature",
			"geometry": {
				"type": "Point",
				"coordinates": [121.4242673, 24.99767853]
			},
			"properties": {
				"場館編號": 22858,
				"場館名稱": "籃球場",
				"所在地址": "新北市樹林區千歲街59號",
				"場館連絡電話": "02-26812625#833",
				"場館官方網站": "http://www.twles.ntpc.edu.tw/default_page.asp",
				"場館停車場類型": ""
			}
		},
		{
			"type": "Feature",
			"geometry": {
				"type": "Point",
				"coordinates": [121.549851, 25.05110411]
			},
			"properties": {
				"場館編號": 22859,
				"場館名稱": "臺北小巨蛋多功能體育場館",
				"所在地址": "臺北市松山區南京東路四段2號",
				"場館連絡電話": "02-25783536",
				"場館官方網站": "https://www.arena.taipei/Default.aspx",
				"場館停車場類型": "一般及無障礙停車場"
			}
		},
		{
			"type": "Feature",
			"geometry": {
				"type": "Point",
				"coordinates": [121.4588088, 25.02331754]
			},
			"properties": {
				"場館編號": 22861,
				"場館名稱": "學校操場",
				"所在地址": "新北市板橋區新翠里英士路179號",
				"場館連絡電話": "02-22577193#52",
				"場館官方網站": "http://www.wdps.ntpc.edu.tw/",
				"場館停車場類型": "無停車場"
			}
		},
		{
			"type": "Feature",
			"geometry": {
				"type": "Point",
				"coordinates": [121.5630265, 25.29135761]
			},
			"properties": {
				"場館編號": 22862,
				"場館名稱": "石門國中田徑場",
				"所在地址": "新北市石門區中央路1之9號",
				"場館連絡電話": "02-26381273#134",
				"場館官方網站": "http://www.smjh.ntpc.edu.tw/default.asp",
				"場館停車場類型": "無停車場"
			}
		},
		{
			"type": "Feature",
			"geometry": {
				"type": "Point",
				"coordinates": [121.4588088, 25.02331754]
			},
			"properties": {
				"場館編號": 22863,
				"場館名稱": "文德國小籃球場",
				"所在地址": "新北市板橋區新翠里英士路179號",
				"場館連絡電話": "02-22577193#52",
				"場館官方網站": "http://www.wdps.ntpc.edu.tw/",
				"場館停車場類型": "無停車場"
			}
		},
		{
			"type": "Feature",
			"geometry": {
				"type": "Point",
				"coordinates": [121.4867882, 25.0763469]
			},
			"properties": {
				"場館編號": 22864,
				"場館名稱": "三和國中籃球場",
				"所在地址": "新北市三重區三和路四段216號",
				"場館連絡電話": "02-22879890#205",
				"場館官方網站": "",
				"場館停車場類型": "無停車場"
			}
		},
		{
			"type": "Feature",
			"geometry": {
				"type": "Point",
				"coordinates": [121.5151499, 24.98915288]
			},
			"properties": {
				"場館編號": 22869,
				"場館名稱": "景新國小操場",
				"所在地址": "新北市中和區景新街467巷37號",
				"場館連絡電話": "02-29448021#823",
				"場館官方網站": "http://www.jsps.ntpc.edu.tw",
				"場館停車場類型": "無停車場"
			}
		},
		{
			"type": "Feature",
			"geometry": {
				"type": "Point",
				"coordinates": [121.4562017, 25.23756803]
			},
			"properties": {
				"場館編號": 22870,
				"場館名稱": "屯山國小操場",
				"所在地址": "新北市淡水區淡金路五段111號",
				"場館連絡電話": "02-28012591#830",
				"場館官方網站": "http://www.ttses.ntpc.edu.tw",
				"場館停車場類型": "無停車場"
			}
		},
		{
			"type": "Feature",
			"geometry": {
				"type": "Point",
				"coordinates": [121.3686275, 25.06843775]
			},
			"properties": {
				"場館編號": 22871,
				"場館名稱": "田徑場",
				"所在地址": "新北市林口區公園路46號",
				"場館連絡電話": "02-26008457#166",
				"場館官方網站": "http://www.lles.ntpc.edu.tw",
				"場館停車場類型": "無停車場"
			}
		},
		{
			"type": "Feature",
			"geometry": {
				"type": "Point",
				"coordinates": [121.4310586, 25.05141163]
			},
			"properties": {
				"場館編號": 22874,
				"場館名稱": "義學國中籃球場",
				"所在地址": "新北市泰山區民生路33號",
				"場館連絡電話": "02-22961168#290",
				"場館官方網站": "http://www.yhjh.ntpc.edu.tw",
				"場館停車場類型": "無停車場"
			}
		},
		{
			"type": "Feature",
			"geometry": {
				"type": "Point",
				"coordinates": [121.5284336, 25.06935126]
			},
			"properties": {
				"場館編號": 22876,
				"場館名稱": "花博公園新生園區籃球場、羽球場",
				"所在地址": "臺北市中山區新生北路三段105號",
				"場館連絡電話": "02-25702330",
				"場館官方網站": "",
				"場館停車場類型": "無停車場"
			}
		},
		{
			"type": "Feature",
			"geometry": {
				"type": "Point",
				"coordinates": [121.4305651, 25.05053872]
			},
			"properties": {
				"場館編號": 22878,
				"場館名稱": "義學國中排球場",
				"所在地址": "新北市泰山區民生路33號",
				"場館連絡電話": "02-22961168#290",
				"場館官方網站": "http://www.yhjh.ntpc.edu.tw",
				"場館停車場類型": "無停車場"
			}
		},
		{
			"type": "Feature",
			"geometry": {
				"type": "Point",
				"coordinates": [121.6691865, 25.06957842]
			},
			"properties": {
				"場館編號": 22880,
				"場館名稱": "崇德國小籃球場",
				"所在地址": "新北市汐止區茄苳里茄苳路158號",
				"場館連絡電話": "02-86482052",
				"場館官方網站": "http://www.cdps.ntpc.edu.tw",
				"場館停車場類型": ""
			}
		},
		{
			"type": "Feature",
			"geometry": {
				"type": "Point",
				"coordinates": [121.6951436, 25.17788863]
			},
			"properties": {
				"場館編號": 22883,
				"場館名稱": "萬里國中田徑場",
				"所在地址": "新北市萬里區獅頭路24號",
				"場館連絡電話": "02-24922053#32",
				"場館官方網站": "http://www.wljhs.ntpc.edu.tw",
				"場館停車場類型": "無停車場"
			}
		},
		{
			"type": "Feature",
			"geometry": {
				"type": "Point",
				"coordinates": [121.6954386, 25.17791775]
			},
			"properties": {
				"場館編號": 22886,
				"場館名稱": "萬里國中半戶外籃球場",
				"所在地址": "新北市萬里區獅頭路24號",
				"場館連絡電話": "02-24922053#32",
				"場館官方網站": "http://www.wljhs.ntpc.edu.tw",
				"場館停車場類型": "無停車場"
			}
		},
		{
			"type": "Feature",
			"geometry": {
				"type": "Point",
				"coordinates": [121.6387904, 25.06498774]
			},
			"properties": {
				"場館編號": 22889,
				"場館名稱": "樟樹國際實中田徑場",
				"所在地址": "新北市汐止區樟樹二路135號",
				"場館連絡電話": "02-26430686#203",
				"場館官方網站": "http://www.ctjhs.ntpc.edu.tw",
				"場館停車場類型": "無停車場"
			}
		},
		{
			"type": "Feature",
			"geometry": {
				"type": "Point",
				"coordinates": [121.6023928, 25.21905482]
			},
			"properties": {
				"場館編號": 22892,
				"場館名稱": "新北市三和國小籃球場",
				"所在地址": "新北市金山區重和里十鄰六股林口38號",
				"場館連絡電話": "02-24080417#16",
				"場館官方網站": "http://www.sanho.ntpc.edu.tw",
				"場館停車場類型": "無停車場"
			}
		},
		{
			"type": "Feature",
			"geometry": {
				"type": "Point",
				"coordinates": [121.6022694, 25.21869569]
			},
			"properties": {
				"場館編號": 22894,
				"場館名稱": "新北市三和國小田徑場",
				"所在地址": "新北市金山區重和里十鄰六股林口38號",
				"場館連絡電話": "02-24080417#16",
				"場館官方網站": "http://www.sanho.ntpc.edu.tw",
				"場館停車場類型": "無停車場"
			}
		},
		{
			"type": "Feature",
			"geometry": {
				"type": "Point",
				"coordinates": [121.4702365, 24.9986809]
			},
			"properties": {
				"場館編號": 22900,
				"場館名稱": "自強國小田徑場",
				"所在地址": "新北市中和區莒光路200號",
				"場館連絡電話": "02-29557936",
				"場館官方網站": "http://www.jcps.ntpc.edu.tw",
				"場館停車場類型": "無停車場"
			}
		},
		{
			"type": "Feature",
			"geometry": {
				"type": "Point",
				"coordinates": [121.4675045, 25.01833016]
			},
			"properties": {
				"場館編號": 22902,
				"場館名稱": "中山國中朝陽館",
				"所在地址": "新北市板橋區文化路一段188巷56號",
				"場館連絡電話": "02-22508250#232",
				"場館官方網站": "https://www.csjh.ntpc.edu.tw/",
				"場館停車場類型": "無停車場"
			}
		},
		{
			"type": "Feature",
			"geometry": {
				"type": "Point",
				"coordinates": [121.4675152, 25.01830586]
			},
			"properties": {
				"場館編號": 22904,
				"場館名稱": "中山國中朝陽館地下室",
				"所在地址": "新北市板橋區文化路一段188巷56號",
				"場館連絡電話": "02-22508250#232",
				"場館官方網站": "https://www.csjh.ntpc.edu.tw/",
				"場館停車場類型": "無停車場"
			}
		},
		{
			"type": "Feature",
			"geometry": {
				"type": "Point",
				"coordinates": [121.445564, 25.14749895]
			},
			"properties": {
				"場館編號": 22906,
				"場館名稱": "籃球場",
				"所在地址": "新北市八里區米倉里龍米路2段129巷1號",
				"場館連絡電話": "02-26182202#224",
				"場館官方網站": "http://www.mtes.ntpc.edu.tw",
				"場館停車場類型": "一般及無障礙停車場"
			}
		},
		{
			"type": "Feature",
			"geometry": {
				"type": "Point",
				"coordinates": [121.4707101, 24.99848993]
			},
			"properties": {
				"場館編號": 22907,
				"場館名稱": "自強國小籃球場",
				"所在地址": "新北市中和區莒光路200號",
				"場館連絡電話": "02-29557936",
				"場館官方網站": "http://www.jcps.ntpc.edu.tw",
				"場館停車場類型": "無停車場"
			}
		},
		{
			"type": "Feature",
			"geometry": {
				"type": "Point",
				"coordinates": [121.7777637, 25.10270906]
			},
			"properties": {
				"場館編號": 22908,
				"場館名稱": "瑞亭國小籃球場",
				"所在地址": "新北市瑞芳區四腳亭埔路23號",
				"場館連絡電話": "02-24971726#203",
				"場館官方網站": "http://www.rtes.ntpc.edu.tw",
				"場館停車場類型": ""
			}
		},
		{
			"type": "Feature",
			"geometry": {
				"type": "Point",
				"coordinates": [121.4295995, 25.05764424]
			},
			"properties": {
				"場館編號": 22911,
				"場館名稱": "泰山高中排球場",
				"所在地址": "新北市泰山區辭修路7號",
				"場館連絡電話": "02-22963625#303",
				"場館官方網站": "http://www.tssh.ntpc.edu.tw",
				"場館停車場類型": ""
			}
		},
		{
			"type": "Feature",
			"geometry": {
				"type": "Point",
				"coordinates": [121.4652085, 25.0866556]
			},
			"properties": {
				"場館編號": 22974,
				"場館名稱": "田徑足球場",
				"所在地址": "新北市蘆洲區中正路265號",
				"場館連絡電話": "02-22811571#215",
				"場館官方網站": "http://www.lcjh.ntpc.edu.tw",
				"場館停車場類型": "無停車場"
			}
		},
		{
			"type": "Feature",
			"geometry": {
				"type": "Point",
				"coordinates": [121.4656189, 25.08571307]
			},
			"properties": {
				"場館編號": 22987,
				"場館名稱": "戶外籃球場",
				"所在地址": "新北市蘆洲區中正路265號",
				"場館連絡電話": "02-22811571#215",
				"場館官方網站": "http://www.lcjh.ntpc.edu.tw",
				"場館停車場類型": "無停車場"
			}
		},
		{
			"type": "Feature",
			"geometry": {
				"type": "Point",
				"coordinates": [121.4656001, 25.08617705]
			},
			"properties": {
				"場館編號": 22988,
				"場館名稱": "蘆洲國中排球場",
				"所在地址": "新北市蘆洲區中正路265號",
				"場館連絡電話": "02-22811571#215",
				"場館官方網站": "http://www.lcjh.ntpc.edu.tw",
				"場館停車場類型": "無停車場"
			}
		},
		{
			"type": "Feature",
			"geometry": {
				"type": "Point",
				"coordinates": [121.4893699, 25.06539591]
			},
			"properties": {
				"場館編號": 22996,
				"場館名稱": "修德國小操場",
				"所在地址": "新北市三重區重陽路三段3號",
				"場館連絡電話": "02-29800495#616",
				"場館官方網站": "http://www.sude.ntpc.edu.tw",
				"場館停車場類型": "無停車場"
			}
		},
		{
			"type": "Feature",
			"geometry": {
				"type": "Point",
				"coordinates": [121.4295995, 24.98917262]
			},
			"properties": {
				"場館編號": 22997,
				"場館名稱": "沙崙國小外操場",
				"所在地址": "新北市板橋區篤行路二段132號",
				"場館連絡電話": "02-26812764#824",
				"場館官方網站": "http://www.sles.ntpc.edu.tw",
				"場館停車場類型": "無停車場"
			}
		},
		{
			"type": "Feature",
			"geometry": {
				"type": "Point",
				"coordinates": [121.4665673, 25.08634044]
			},
			"properties": {
				"場館編號": 23000,
				"場館名稱": "蘆洲國中戶外籃球場",
				"所在地址": "新北市蘆洲區中正路265號",
				"場館連絡電話": "02-22811571#215",
				"場館官方網站": "http://www.lcjh.ntpc.edu.tw",
				"場館停車場類型": "無停車場"
			}
		},
		{
			"type": "Feature",
			"geometry": {
				"type": "Point",
				"coordinates": [121.312623, 25.11191899]
			},
			"properties": {
				"場館編號": 23005,
				"場館名稱": "高爾夫球練習場",
				"所在地址": "新北市林口區下福里十九鄰10之1號",
				"場館連絡電話": "02-26062895#200",
				"場館官方網站": "",
				"場館停車場類型": "無停車場"
			}
		},
		{
			"type": "Feature",
			"geometry": {
				"type": "Point",
				"coordinates": [121.6906004, 25.17721353]
			},
			"properties": {
				"場館編號": 23008,
				"場館名稱": "萬里籃球場",
				"所在地址": "新北市萬里區瑪鋉路54巷20號旁",
				"場館連絡電話": "02-24922064#404",
				"場館官方網站": "",
				"場館停車場類型": "無停車場"
			}
		},
		{
			"type": "Feature",
			"geometry": {
				"type": "Point",
				"coordinates": [121.4295352, 24.96287208]
			},
			"properties": {
				"場館編號": 23011,
				"場館名稱": "土城國中室外籃球場",
				"所在地址": "新北市土城區永寧路18號",
				"場館連絡電話": "02-22675135#401",
				"場館官方網站": "http://www.tcjh.ntpc.edu.tw",
				"場館停車場類型": "無停車場"
			}
		},
		{
			"type": "Feature",
			"geometry": {
				"type": "Point",
				"coordinates": [121.4897883, 25.0874548]
			},
			"properties": {
				"場館編號": 23025,
				"場館名稱": "新北高中籃球場",
				"所在地址": "新北市三重區三信路1號",
				"場館連絡電話": "02-28577326#127",
				"場館官方網站": "http://www.scsh.ntpc.edu.tw",
				"場館停車場類型": "一般及無障礙停車場"
			}
		},
		{
			"type": "Feature",
			"geometry": {
				"type": "Point",
				"coordinates": [121.4916873, 25.08819327]
			},
			"properties": {
				"場館編號": 23026,
				"場館名稱": "新北高中排球場",
				"所在地址": "新北市三重區三信路1號",
				"場館連絡電話": "02-28577326#127",
				"場館官方網站": "http://www.scsh.ntpc.edu.tw",
				"場館停車場類型": "一般及無障礙停車場"
			}
		},
		{
			"type": "Feature",
			"geometry": {
				"type": "Point",
				"coordinates": [121.4897937, 25.0874548]
			},
			"properties": {
				"場館編號": 23027,
				"場館名稱": "新北高中網球場",
				"所在地址": "新北市三重區三信路1號",
				"場館連絡電話": "02-28577326#127",
				"場館官方網站": "http://www.scsh.ntpc.edu.tw",
				"場館停車場類型": "一般及無障礙停車場"
			}
		},
		{
			"type": "Feature",
			"geometry": {
				"type": "Point",
				"coordinates": [121.563026, 25.05633092]
			},
			"properties": {
				"場館編號": 23034,
				"場館名稱": "健康國小操場",
				"所在地址": "臺北市松山區延壽街168號",
				"場館連絡電話": "02-25282814#132",
				"場館官方網站": "http://www.jkes.nss.tp.edu.tw/nss/p/index",
				"場館停車場類型": "一般及無障礙停車場"
			}
		},
		{
			"type": "Feature",
			"geometry": {
				"type": "Point",
				"coordinates": [121.4314878, 24.99687145]
			},
			"properties": {
				"場館編號": 23040,
				"場館名稱": "溪崑國民中學室外排球場",
				"所在地址": "新北市板橋區大觀路三段50巷30號",
				"場館連絡電話": "02-26869727",
				"場館官方網站": "http://www.ckjhs.ntpc.edu.tw/",
				"場館停車場類型": "無停車場"
			}
		},
		{
			"type": "Feature",
			"geometry": {
				"type": "Point",
				"coordinates": [121.5305418, 25.12570345]
			},
			"properties": {
				"場館編號": 23053,
				"場館名稱": "天母公園",
				"所在地址": "臺北市士林區中山北路7段319巷",
				"場館連絡電話": "02-25702330#6535",
				"場館官方網站": "https://sports.tms.gov.tw/",
				"場館停車場類型": ""
			}
		},
		{
			"type": "Feature",
			"geometry": {
				"type": "Point",
				"coordinates": [121.5299731, 25.10962338]
			},
			"properties": {
				"場館編號": 23054,
				"場館名稱": "臺北市士林區蘭雅公園滑輪場",
				"所在地址": "臺北市士林區忠誠路2段24號",
				"場館連絡電話": "02-28832130#211",
				"場館官方網站": "https://pkl.taipei.gov.tw",
				"場館停車場類型": "無停車場"
			}
		},
		{
			"type": "Feature",
			"geometry": {
				"type": "Point",
				"coordinates": [121.5230799, 25.11028399]
			},
			"properties": {
				"場館編號": 23055,
				"場館名稱": "蘭興公園網球場.網球場.練習壁",
				"所在地址": "臺北市士林區克強路10巷21弄附近",
				"場館連絡電話": "02-25702330#6535",
				"場館官方網站": "https://pkl.taipei.gov.tw",
				"場館停車場類型": ""
			}
		},
		{
			"type": "Feature",
			"geometry": {
				"type": "Point",
				"coordinates": [121.5078235, 25.08233691]
			},
			"properties": {
				"場館編號": 23056,
				"場館名稱": "臺北市士林區海光公園籃球場.半場籃球場",
				"所在地址": "臺北市士林區葫蘆街80號對面",
				"場館連絡電話": "02-28832130#211",
				"場館官方網站": "https://pkl.taipei.gov.tw",
				"場館停車場類型": "一般及無障礙停車場"
			}
		},
		{
			"type": "Feature",
			"geometry": {
				"type": "Point",
				"coordinates": [121.5061927, 25.09094013]
			},
			"properties": {
				"場館編號": 23057,
				"場館名稱": "社子公園",
				"所在地址": "臺北市士林區永平街20巷附近",
				"場館連絡電話": "02-28832130#211",
				"場館官方網站": "https://pkl.taipei.gov.tw",
				"場館停車場類型": ""
			}
		},
		{
			"type": "Feature",
			"geometry": {
				"type": "Point",
				"coordinates": [121.5177155, 25.09741789]
			},
			"properties": {
				"場館編號": 23059,
				"場館名稱": "美崙公園",
				"所在地址": "臺北市士林區美崙街152巷",
				"場館連絡電話": "02-25702330",
				"場館官方網站": "https://pkl.taipei.gov.tw",
				"場館停車場類型": ""
			}
		},
		{
			"type": "Feature",
			"geometry": {
				"type": "Point",
				"coordinates": [121.5055677, 25.1365099]
			},
			"properties": {
				"場館編號": 23060,
				"場館名稱": "北投一號公園",
				"所在地址": "臺北市北投區中山路",
				"場館連絡電話": "02-28832130#210",
				"場館官方網站": "https://pkl.gov.tw",
				"場館停車場類型": ""
			}
		},
		{
			"type": "Feature",
			"geometry": {
				"type": "Point",
				"coordinates": [121.5104574, 25.11626335]
			},
			"properties": {
				"場館編號": 23062,
				"場館名稱": "臺北市北投區石牌公園",
				"所在地址": "臺北市北投區石牌路1段39巷",
				"場館連絡電話": "02-28832130#211",
				"場館官方網站": "http://pkl.taipei.gov.tw",
				"場館停車場類型": ""
			}
		},
		{
			"type": "Feature",
			"geometry": {
				"type": "Point",
				"coordinates": [121.5242976, 25.12585401]
			},
			"properties": {
				"場館編號": 23063,
				"場館名稱": "行義公園",
				"所在地址": "臺北市北投區石牌路二段343巷",
				"場館連絡電話": "02-25702330#6508",
				"場館官方網站": "https://sports.gov.taipei/",
				"場館停車場類型": ""
			}
		},
		{
			"type": "Feature",
			"geometry": {
				"type": "Point",
				"coordinates": [121.5220714, 25.11052492]
			},
			"properties": {
				"場館編號": 23064,
				"場館名稱": "榮華公園",
				"所在地址": "臺北市北投區明德路150巷",
				"場館連絡電話": "02-25702330#6530",
				"場館官方網站": "https://pkl.gov.tw",
				"場館停車場類型": ""
			}
		},
		{
			"type": "Feature",
			"geometry": {
				"type": "Point",
				"coordinates": [121.5034729, 25.11824508]
			},
			"properties": {
				"場館編號": 23066,
				"場館名稱": "立農公園",
				"所在地址": "臺北市北投區承德路7段378號",
				"場館連絡電話": "02-25702330",
				"場館官方網站": "https://sports.gov.taipei/",
				"場館停車場類型": ""
			}
		},
		{
			"type": "Feature",
			"geometry": {
				"type": "Point",
				"coordinates": [121.5092504, 25.14166777]
			},
			"properties": {
				"場館編號": 23068,
				"場館名稱": "泉源48公園",
				"所在地址": "臺北市北投區泉源路80號",
				"場館連絡電話": "02-25702330",
				"場館官方網站": "https://sports.gov.taipei/",
				"場館停車場類型": ""
			}
		},
		{
			"type": "Feature",
			"geometry": {
				"type": "Point",
				"coordinates": [121.5039262, 25.13140815]
			},
			"properties": {
				"場館編號": 23069,
				"場館名稱": "大豐公園",
				"所在地址": "臺北市北投區公館路13號",
				"場館連絡電話": "02-25702330",
				"場館官方網站": "https://sports.gov.taipei/",
				"場館停車場類型": ""
			}
		},
		{
			"type": "Feature",
			"geometry": {
				"type": "Point",
				"coordinates": [121.5295494, 25.12594726]
			},
			"properties": {
				"場館編號": 23070,
				"場館名稱": "臺北市北投區172綠地(天溪綠地)",
				"所在地址": "臺北市北投區行義路58巷33號",
				"場館連絡電話": "02-25702330",
				"場館官方網站": "https://sports.gov.taipei/",
				"場館停車場類型": ""
			}
		},
		{
			"type": "Feature",
			"geometry": {
				"type": "Point",
				"coordinates": [121.4636877, 25.123581]
			},
			"properties": {
				"場館編號": 23071,
				"場館名稱": "臺北市北投區觀海公園",
				"所在地址": "臺北市北投區中央北路四段601巷",
				"場館連絡電話": "02-25702330",
				"場館官方網站": "https://sports.gov.taipei/",
				"場館停車場類型": ""
			}
		},
		{
			"type": "Feature",
			"geometry": {
				"type": "Point",
				"coordinates": [121.4999431, 25.12804053]
			},
			"properties": {
				"場館編號": 23072,
				"場館名稱": "中央簡易公園",
				"所在地址": "臺北市北投區中央南路2段6巷",
				"場館連絡電話": "02-28832130#210",
				"場館官方網站": "https://pkl.gov.tw",
				"場館停車場類型": ""
			}
		},
		{
			"type": "Feature",
			"geometry": {
				"type": "Point",
				"coordinates": [121.6853864, 25.20274867]
			},
			"properties": {
				"場館編號": 23073,
				"場館名稱": "野柳籃球場",
				"所在地址": "新北市萬里區玉田路(野柳市民活動中心旁)",
				"場館連絡電話": "02-24922064#404",
				"場館官方網站": "",
				"場館停車場類型": "無停車場"
			}
		},
		{
			"type": "Feature",
			"geometry": {
				"type": "Point",
				"coordinates": [121.534152, 25.12027534]
			},
			"properties": {
				"場館編號": 23077,
				"場館名稱": "天和公園溜冰場",
				"所在地址": "臺北市士林區天母東路69巷",
				"場館連絡電話": "02-28832130#211",
				"場館官方網站": "",
				"場館停車場類型": ""
			}
		},
		{
			"type": "Feature",
			"geometry": {
				"type": "Point",
				"coordinates": [121.5335619, 25.12293697]
			},
			"properties": {
				"場館編號": 23078,
				"場館名稱": "東和公園",
				"所在地址": "臺北市士林區中山北路7段114巷",
				"場館連絡電話": "02-25702330",
				"場館官方網站": "https://sports.tms.gov.tw",
				"場館停車場類型": ""
			}
		},
		{
			"type": "Feature",
			"geometry": {
				"type": "Point",
				"coordinates": [121.4890587, 25.02655485]
			},
			"properties": {
				"場館編號": 23082,
				"場館名稱": "華中河濱公園羽球場",
				"所在地址": "臺北市萬華區雙園河濱公園",
				"場館連絡電話": "02-23086457",
				"場館官方網站": "",
				"場館停車場類型": "無停車場"
			}
		},
		{
			"type": "Feature",
			"geometry": {
				"type": "Point",
				"coordinates": [121.5917993, 25.04514551]
			},
			"properties": {
				"場館編號": 23084,
				"場館名稱": "南港公園",
				"所在地址": "臺北市南港區東新街170號",
				"場館連絡電話": "02-25702330",
				"場館官方網站": "https://sports.tms.gov.tw/",
				"場館停車場類型": "無停車場"
			}
		},
		{
			"type": "Feature",
			"geometry": {
				"type": "Point",
				"coordinates": [121.5850711, 25.04249128]
			},
			"properties": {
				"場館編號": 23085,
				"場館名稱": "玉成公園",
				"所在地址": "臺北市南港區中坡南路55號",
				"場館連絡電話": "02-25702330",
				"場館官方網站": "https://sports.tms.gov.tw/",
				"場館停車場類型": "無停車場"
			}
		},
		{
			"type": "Feature",
			"geometry": {
				"type": "Point",
				"coordinates": [121.4916929, 25.01800593]
			},
			"properties": {
				"場館編號": 23101,
				"場館名稱": "華中河濱公園溜冰場(華中橋下游約300M)",
				"所在地址": "臺北市萬華區華中河濱公園",
				"場館連絡電話": "02-23086457",
				"場館官方網站": "http://heo.gov.taipei/",
				"場館停車場類型": "無停車場"
			}
		},
		{
			"type": "Feature",
			"geometry": {
				"type": "Point",
				"coordinates": [121.4940022, 25.01444209]
			},
			"properties": {
				"場館編號": 23104,
				"場館名稱": "華中河濱公園溜冰場(華中橋下游約100M)",
				"所在地址": "臺北市萬華區華中河濱公園",
				"場館連絡電話": "02-23086457",
				"場館官方網站": "http://heo.gov.taipei/",
				"場館停車場類型": "無停車場"
			}
		},
		{
			"type": "Feature",
			"geometry": {
				"type": "Point",
				"coordinates": [121.5075123, 25.0500401]
			},
			"properties": {
				"場館編號": 23123,
				"場館名稱": "玉泉公園游泳池",
				"所在地址": "臺北市大同區西寧北路28號",
				"場館連絡電話": "02-25509828",
				"場館官方網站": "https://www.facebook.com/winpoweryuquan/",
				"場館停車場類型": ""
			}
		},
		{
			"type": "Feature",
			"geometry": {
				"type": "Point",
				"coordinates": [121.6134489, 25.04683616]
			},
			"properties": {
				"場館編號": 23134,
				"場館名稱": "中研公園",
				"所在地址": "臺北市南港區研究路2段12巷58弄",
				"場館連絡電話": "02-25702330",
				"場館官方網站": "https://sports.tms.gov.tw/",
				"場館停車場類型": "無停車場"
			}
		},
		{
			"type": "Feature",
			"geometry": {
				"type": "Point",
				"coordinates": [121.6130465, 25.04689546]
			},
			"properties": {
				"場館編號": 23135,
				"場館名稱": "胡適公園",
				"所在地址": "臺北市南港區研究院路二段",
				"場館連絡電話": "02-25702330",
				"場館官方網站": "https://sports.tms.gov.tw/",
				"場館停車場類型": "無停車場"
			}
		},
		{
			"type": "Feature",
			"geometry": {
				"type": "Point",
				"coordinates": [121.5437597, 24.99559761]
			},
			"properties": {
				"場館編號": 23136,
				"場館名稱": "景華公園",
				"所在地址": "臺北市文山區景興路與景華街交叉口",
				"場館連絡電話": "02-22300340",
				"場館官方網站": "",
				"場館停車場類型": "無停車場"
			}
		},
		{
			"type": "Feature",
			"geometry": {
				"type": "Point",
				"coordinates": [121.5378642, 24.99348166]
			},
			"properties": {
				"場館編號": 23137,
				"場館名稱": "萬慶公園",
				"所在地址": "臺北市文山區育英街45巷旁",
				"場館連絡電話": "02-27853819",
				"場館官方網站": "",
				"場館停車場類型": "無停車場"
			}
		},
		{
			"type": "Feature",
			"geometry": {
				"type": "Point",
				"coordinates": [121.5441942, 25.00231086]
			},
			"properties": {
				"場館編號": 23138,
				"場館名稱": "景美運動公園",
				"所在地址": "臺北市文山區景豐街80號",
				"場館連絡電話": "02-25702330",
				"場館官方網站": "https://sports.tms.gov.tw/",
				"場館停車場類型": "無停車場"
			}
		},
		{
			"type": "Feature",
			"geometry": {
				"type": "Point",
				"coordinates": [121.5589571, 24.98703438]
			},
			"properties": {
				"場館編號": 23139,
				"場館名稱": "木柵公園",
				"所在地址": "臺北市文山區興隆路4段49號",
				"場館連絡電話": "02-22300340",
				"場館官方網站": "",
				"場館停車場類型": "無停車場"
			}
		},
		{
			"type": "Feature",
			"geometry": {
				"type": "Point",
				"coordinates": [121.5695357, 25.00158452]
			},
			"properties": {
				"場館編號": 23141,
				"場館名稱": "萬芳4號公園",
				"所在地址": "臺北市文山區萬和街",
				"場館連絡電話": "02-25702330",
				"場館官方網站": "https://sports.tms.gov.tw/",
				"場館停車場類型": "無停車場"
			}
		},
		{
			"type": "Feature",
			"geometry": {
				"type": "Point",
				"coordinates": [121.5698791, 25.00294677]
			},
			"properties": {
				"場館編號": 23142,
				"場館名稱": "萬芳7號公園",
				"所在地址": "臺北市文山區萬芳社區萬美街2段與萬寧街之間",
				"場館連絡電話": "02-22300340",
				"場館官方網站": "",
				"場館停車場類型": "無停車場"
			}
		},
		{
			"type": "Feature",
			"geometry": {
				"type": "Point",
				"coordinates": [121.6913992, 24.98126428]
			},
			"properties": {
				"場館編號": 23153,
				"場館名稱": "華梵大學健身房",
				"所在地址": "新北市石碇區華梵路1號",
				"場館連絡電話": "02-26632102#2710",
				"場館官方網站": "http://www.hfu.edu.tw",
				"場館停車場類型": "無停車場"
			}
		},
		{
			"type": "Feature",
			"geometry": {
				"type": "Point",
				"coordinates": [121.6034603, 25.05458269]
			},
			"properties": {
				"場館編號": 23159,
				"場館名稱": "東明公園",
				"所在地址": "臺北市南港區南港路2段86巷9弄",
				"場館連絡電話": "02-27834988",
				"場館官方網站": "",
				"場館停車場類型": "無停車場"
			}
		},
		{
			"type": "Feature",
			"geometry": {
				"type": "Point",
				"coordinates": [121.6163886, 25.04711756]
			},
			"properties": {
				"場館編號": 23160,
				"場館名稱": "六福公園",
				"所在地址": "臺北市南港區研究院路二段35巷23弄",
				"場館連絡電話": "02-27834988",
				"場館官方網站": "",
				"場館停車場類型": "無停車場"
			}
		},
		{
			"type": "Feature",
			"geometry": {
				"type": "Point",
				"coordinates": [121.5365285, 25.00302845]
			},
			"properties": {
				"場館編號": 23161,
				"場館名稱": "萬和三號公園",
				"所在地址": "臺北市文山區萬隆街72至80號對面",
				"場館連絡電話": "02-25702330",
				"場館官方網站": "https://sports.gov.taipei/",
				"場館停車場類型": "無停車場"
			}
		},
		{
			"type": "Feature",
			"geometry": {
				"type": "Point",
				"coordinates": [121.5416354, 25.00072982]
			},
			"properties": {
				"場館編號": 23162,
				"場館名稱": "萬有二號公園",
				"所在地址": "臺北市文山區景明街11巷6弄8號前",
				"場館連絡電話": "02-25702330",
				"場館官方網站": "https://sports.gov.taipei/",
				"場館停車場類型": "無停車場"
			}
		},
		{
			"type": "Feature",
			"geometry": {
				"type": "Point",
				"coordinates": [121.5449238, 25.00011286]
			},
			"properties": {
				"場館編號": 23163,
				"場館名稱": "景豐公園",
				"所在地址": "臺北市文山區興隆路1段251巷3弄",
				"場館連絡電話": "02-25702330",
				"場館官方網站": "https://sports.gov.taipei/",
				"場館停車場類型": "無停車場"
			}
		},
		{
			"type": "Feature",
			"geometry": {
				"type": "Point",
				"coordinates": [121.4897883, 25.0874548]
			},
			"properties": {
				"場館編號": 23164,
				"場館名稱": "新北高中運動操場",
				"所在地址": "新北市三重區三信路1號",
				"場館連絡電話": "02-28577326#127",
				"場館官方網站": "http://www.scsh.ntpc.edu.tw",
				"場館停車場類型": "一般及無障礙停車場"
			}
		},
		{
			"type": "Feature",
			"geometry": {
				"type": "Point",
				"coordinates": [121.5928794, 25.06043843]
			},
			"properties": {
				"場館編號": 23183,
				"場館名稱": "南湖右岸河濱公園",
				"所在地址": "臺北市內湖區安康路32巷",
				"場館連絡電話": "02-25702330#6411",
				"場館官方網站": "https://sports.tms.gov.tw/",
				"場館停車場類型": "一般停車場"
			}
		},
		{
			"type": "Feature",
			"geometry": {
				"type": "Point",
				"coordinates": [121.5714965, 25.06330646]
			},
			"properties": {
				"場館編號": 23184,
				"場館名稱": "彩虹河濱公園",
				"所在地址": "臺北市內湖區基隆河中山高速公路至麥帥一橋間(舊宗段右岸)（基隆河右岸）",
				"場館連絡電話": "02-25702330#6411",
				"場館官方網站": "https://vbs.sports.taipei/",
				"場館停車場類型": ""
			}
		},
		{
			"type": "Feature",
			"geometry": {
				"type": "Point",
				"coordinates": [121.5885043, 25.05744597]
			},
			"properties": {
				"場館編號": 23186,
				"場館名稱": "成美右岸河濱公園",
				"所在地址": "臺北市內湖區基隆河成美橋至成功橋間（基隆河右岸）",
				"場館連絡電話": "02-25702330#6411",
				"場館官方網站": "https://vbs.sports.taipei/",
				"場館停車場類型": ""
			}
		},
		{
			"type": "Feature",
			"geometry": {
				"type": "Point",
				"coordinates": [121.5343398, 25.00491186]
			},
			"properties": {
				"場館編號": 23207,
				"場館名稱": "溪洲河濱公園溜冰場",
				"所在地址": "臺北市文山區",
				"場館連絡電話": "02-23086457",
				"場館官方網站": "https://sports.gov.taipei/",
				"場館停車場類型": "無停車場"
			}
		},
		{
			"type": "Feature",
			"geometry": {
				"type": "Point",
				"coordinates": [121.5245014, 25.03475663]
			},
			"properties": {
				"場館編號": 23241,
				"場館名稱": "金甌女中籃球場",
				"所在地址": "臺北市大安區光明里杭州南路2段1號",
				"場館連絡電話": "02-23214765#206",
				"場館官方網站": "http://www.cogsh.tp.edu.tw",
				"場館停車場類型": "無停車場"
			}
		},
		{
			"type": "Feature",
			"geometry": {
				"type": "Point",
				"coordinates": [121.5400502, 24.95788164]
			},
			"properties": {
				"場館編號": 23326,
				"場館名稱": "能仁家商室外籃球場",
				"所在地址": "新北市新店區文中路53巷10號",
				"場館連絡電話": "02-29182399",
				"場館官方網站": "http://www.nrvs.ntpc.edu.tw",
				"場館停車場類型": "無停車場"
			}
		},
		{
			"type": "Feature",
			"geometry": {
				"type": "Point",
				"coordinates": [121.5388513, 24.99418277]
			},
			"properties": {
				"場館編號": 23328,
				"場館名稱": "溪口國小游泳池",
				"所在地址": "臺北市文山區景慶里景福街225號",
				"場館連絡電話": "02-29350955#714",
				"場館官方網站": "http://web.skps.tp.edu.tw/enableweb/",
				"場館停車場類型": "無停車場"
			}
		},
		{
			"type": "Feature",
			"geometry": {
				"type": "Point",
				"coordinates": [121.5476543, 24.98934411]
			},
			"properties": {
				"場館編號": 23330,
				"場館名稱": "棒、壘球打擊練習場",
				"所在地址": "臺北市文山區木柵路一段17巷1號",
				"場館連絡電話": "02-22368225#3065",
				"場館官方網站": "http://www.shu.edu.tw",
				"場館停車場類型": "無停車場"
			}
		},
		{
			"type": "Feature",
			"geometry": {
				"type": "Point",
				"coordinates": [121.5835235, 25.04198923]
			},
			"properties": {
				"場館編號": 23347,
				"場館名稱": "臺北市協和祐德高中籃球場、排球場",
				"所在地址": "臺北市信義區忠孝東路五段790巷27號",
				"場館連絡電話": "02-27265775#124",
				"場館官方網站": "http://www.hhvs.tp.edu.tw/bin/home.php",
				"場館停車場類型": "無停車場"
			}
		},
		{
			"type": "Feature",
			"geometry": {
				"type": "Point",
				"coordinates": [121.4539701, 25.1756226]
			},
			"properties": {
				"場館編號": 23348,
				"場館名稱": "淡江大學五虎崗球場",
				"所在地址": "新北市淡水區英專路151號",
				"場館連絡電話": "02-26230985",
				"場館官方網站": "http://www.tku.edu.tw",
				"場館停車場類型": ""
			}
		},
		{
			"type": "Feature",
			"geometry": {
				"type": "Point",
				"coordinates": [121.4981997, 25.02339693]
			},
			"properties": {
				"場館編號": 23361,
				"場館名稱": "東園國小棒球打擊場",
				"所在地址": "臺北市萬華區全德里東園街195號",
				"場館連絡電話": "02-23034803",
				"場館官方網站": "http://www.tyes.tp.edu.tw",
				"場館停車場類型": ""
			}
		},
		{
			"type": "Feature",
			"geometry": {
				"type": "Point",
				"coordinates": [121.4917302, 25.02956039]
			},
			"properties": {
				"場館編號": 23362,
				"場館名稱": "大理高中棒壘球打擊練習場",
				"所在地址": "臺北市萬華區綠堤里長順街2號",
				"場館連絡電話": "02-23026959#136",
				"場館官方網站": "http://www.tlsh.tp.edu.tw",
				"場館停車場類型": "一般及無障礙停車場"
			}
		},
		{
			"type": "Feature",
			"geometry": {
				"type": "Point",
				"coordinates": [121.5136921, 25.02988281]
			},
			"properties": {
				"場館編號": 23365,
				"場館名稱": "臺北市立建國高級中學棒球場",
				"所在地址": "臺北市中正區龍光里南海路56號",
				"場館連絡電話": "02-23034381#303",
				"場館官方網站": "https://www2.ck.tp.edu.tw/",
				"場館停車場類型": "無停車場"
			}
		},
		{
			"type": "Feature",
			"geometry": {
				"type": "Point",
				"coordinates": [121.51631, 25.09310493]
			},
			"properties": {
				"場館編號": 23368,
				"場館名稱": "陽明高中棒球場",
				"所在地址": "臺北市士林區後港里中正路510號",
				"場館連絡電話": "02-28316675#195",
				"場館官方網站": "http://www.ymsh.tp.edu.tw",
				"場館停車場類型": "一般及無障礙停車場"
			}
		},
		{
			"type": "Feature",
			"geometry": {
				"type": "Point",
				"coordinates": [121.5376335, 24.97884368]
			},
			"properties": {
				"場館編號": 23379,
				"場館名稱": "大豐國小棒球打擊練習場",
				"所在地址": "新北市新店區民族路108號",
				"場館連絡電話": "02-22192619#834",
				"場館官方網站": "http://www.dfes.ntpc.edu.tw",
				"場館停車場類型": "無停車場"
			}
		},
		{
			"type": "Feature",
			"geometry": {
				"type": "Point",
				"coordinates": [121.5076894, 25.05099719]
			},
			"properties": {
				"場館編號": 23380,
				"場館名稱": "忠孝國中綜合球場",
				"所在地址": "臺北市大同區玉泉里西寧北路32號",
				"場館連絡電話": "02-25524890",
				"場館官方網站": "",
				"場館停車場類型": "無停車場"
			}
		},
		{
			"type": "Feature",
			"geometry": {
				"type": "Point",
				"coordinates": [121.5077645, 25.05150747]
			},
			"properties": {
				"場館編號": 23381,
				"場館名稱": "忠孝國中田徑場",
				"所在地址": "臺北市大同區玉泉里西寧北路32號",
				"場館連絡電話": "02-25524890#78",
				"場館官方網站": "",
				"場館停車場類型": "無停車場"
			}
		},
		{
			"type": "Feature",
			"geometry": {
				"type": "Point",
				"coordinates": [121.6287535, 25.06856895]
			},
			"properties": {
				"場館編號": 23389,
				"場館名稱": "金龍國小內野紅土棒球練習場",
				"所在地址": "新北市汐止區明峰街201號",
				"場館連絡電話": "02-26959941#224",
				"場館官方網站": "http://www.gdps.ntpc.edu.tw/",
				"場館停車場類型": "無停車場"
			}
		},
		{
			"type": "Feature",
			"geometry": {
				"type": "Point",
				"coordinates": [121.5044224, 25.11952055]
			},
			"properties": {
				"場館編號": 23394,
				"場館名稱": "操場兼簡易棒球練習場",
				"所在地址": "臺北市北投區立農里立農街1段250號",
				"場館連絡電話": "02-28210702#204",
				"場館官方網站": "http://www.lnes.tp.edu.tw",
				"場館停車場類型": "無停車場"
			}
		},
		{
			"type": "Feature",
			"geometry": {
				"type": "Point",
				"coordinates": [121.6551733, 25.06675649]
			},
			"properties": {
				"場館編號": 23397,
				"場館名稱": "汐止國小田徑場暨簡易棒球場",
				"所在地址": "新北市汐止區大同路二段313號",
				"場館連絡電話": "02-26477271#203",
				"場館官方網站": "http://www.hjes.ntpc.edu.tw",
				"場館停車場類型": ""
			}
		},
		{
			"type": "Feature",
			"geometry": {
				"type": "Point",
				"coordinates": [121.4193803, 25.16033744]
			},
			"properties": {
				"場館編號": 23398,
				"場館名稱": "大崁國小籃球場",
				"所在地址": "新北市八里區忠八街2號",
				"場館連絡電話": "02-86305678#151",
				"場館官方網站": "",
				"場館停車場類型": ""
			}
		},
		{
			"type": "Feature",
			"geometry": {
				"type": "Point",
				"coordinates": [121.438027, 24.97567643]
			},
			"properties": {
				"場館編號": 23405,
				"場館名稱": "中華高中棒壘球打擊訓練場",
				"所在地址": "新北市土城區城林路2號",
				"場館連絡電話": "02-22693684",
				"場館官方網站": "",
				"場館停車場類型": "無停車場"
			}
		},
		{
			"type": "Feature",
			"geometry": {
				"type": "Point",
				"coordinates": [121.4071333, 25.15111659]
			},
			"properties": {
				"場館編號": 23407,
				"場館名稱": "八里國中棒球場",
				"所在地址": "新北市八里區八里大道7號",
				"場館連絡電話": "02-26102016",
				"場館官方網站": "http://www.pljhs.ntpc.edu.tw",
				"場館停車場類型": "無停車場"
			}
		},
		{
			"type": "Feature",
			"geometry": {
				"type": "Point",
				"coordinates": [121.6690725, 25.07739761]
			},
			"properties": {
				"場館編號": 23412,
				"場館名稱": "崇義高中室內棒球打擊場",
				"所在地址": "新北市汐止區大同路三段68號",
				"場館連絡電話": "02-86482078",
				"場館官方網站": "",
				"場館停車場類型": "無停車場"
			}
		},
		{
			"type": "Feature",
			"geometry": {
				"type": "Point",
				"coordinates": [121.8148264, 25.10728983]
			},
			"properties": {
				"場館編號": 23415,
				"場館名稱": "瑞芳國中棒球打擊練習場",
				"所在地址": "新北市瑞芳區三爪子坑路1號",
				"場館連絡電話": "02-24972145",
				"場館官方網站": "http://www.rfjh.ntpc.edu.tw",
				"場館停車場類型": "無停車場"
			}
		},
		{
			"type": "Feature",
			"geometry": {
				"type": "Point",
				"coordinates": [121.6586607, 25.06690249]
			},
			"properties": {
				"場館編號": 23418,
				"場館名稱": "汐止國中棒球打擊場",
				"所在地址": "新北市汐止區禮門里大同路二段394號",
				"場館連絡電話": "02-26412065#1206",
				"場館官方網站": "",
				"場館停車場類型": "一般及無障礙停車場"
			}
		},
		{
			"type": "Feature",
			"geometry": {
				"type": "Point",
				"coordinates": [121.6108418, 25.07400029]
			},
			"properties": {
				"場館編號": 23432,
				"場館名稱": "東湖2號公園",
				"所在地址": "臺北市內湖區康寧路三段99巷39弄27號前",
				"場館連絡電話": "02-25702330",
				"場館官方網站": "https://sports.tms.gov.tw/",
				"場館停車場類型": "無停車場"
			}
		},
		{
			"type": "Feature",
			"geometry": {
				"type": "Point",
				"coordinates": [121.5990293, 25.08650418]
			},
			"properties": {
				"場館編號": 23436,
				"場館名稱": "煙波庭公園",
				"所在地址": "臺北市內湖區大湖街131巷18弄61號",
				"場館連絡電話": "02-25702330",
				"場館官方網站": "https://sports.tms.gov.tw/",
				"場館停車場類型": "無停車場"
			}
		},
		{
			"type": "Feature",
			"geometry": {
				"type": "Point",
				"coordinates": [121.5244907, 25.11690742]
			},
			"properties": {
				"場館編號": 23439,
				"場館名稱": "天壽公園",
				"所在地址": "臺北市士林區中山北路6段405巷右側",
				"場館連絡電話": "02-25702330#6535",
				"場館官方網站": "https://sports.gov.taipei/",
				"場館停車場類型": "無停車場"
			}
		},
		{
			"type": "Feature",
			"geometry": {
				"type": "Point",
				"coordinates": [121.814974, 25.10790188]
			},
			"properties": {
				"場館編號": 23450,
				"場館名稱": "瑞中田徑場",
				"所在地址": "新北市瑞芳區三爪子坑路1號",
				"場館連絡電話": "02-24972145#0223",
				"場館官方網站": "http://www.rfjh.ntpc.edu.tw",
				"場館停車場類型": ""
			}
		},
		{
			"type": "Feature",
			"geometry": {
				"type": "Point",
				"coordinates": [121.6187918, 25.00020183]
			},
			"properties": {
				"場館編號": 23477,
				"場館名稱": "風雨球場",
				"所在地址": "新北市深坑區文化街41號",
				"場館連絡電話": "02-26621455#32",
				"場館官方網站": "",
				"場館停車場類型": "無停車場"
			}
		},
		{
			"type": "Feature",
			"geometry": {
				"type": "Point",
				"coordinates": [121.5309548, 24.93779444]
			},
			"properties": {
				"場館編號": 23478,
				"場館名稱": "直潭國小操場",
				"所在地址": "新北市新店區直潭路92號",
				"場館連絡電話": "02-26667278#830",
				"場館官方網站": "http://www.jtes.ntpc.edu.tw",
				"場館停車場類型": "無停車場"
			}
		},
		{
			"type": "Feature",
			"geometry": {
				"type": "Point",
				"coordinates": [121.41702, 24.98993882]
			},
			"properties": {
				"場館編號": 23479,
				"場館名稱": "樹林國小籃球場",
				"所在地址": "新北市樹林區樹西里育英街176號",
				"場館連絡電話": "02-26812014#831",
				"場館官方網站": "",
				"場館停車場類型": "無停車場"
			}
		},
		{
			"type": "Feature",
			"geometry": {
				"type": "Point",
				"coordinates": [121.4060122, 25.01641974]
			},
			"properties": {
				"場館編號": 23480,
				"場館名稱": "三多國小籃球場",
				"所在地址": "新北市樹林區三福街52號",
				"場館連絡電話": "02-26880698#133",
				"場館官方網站": "http://www.sdes.ntpc.edu.tw",
				"場館停車場類型": "無停車場"
			}
		},
		{
			"type": "Feature",
			"geometry": {
				"type": "Point",
				"coordinates": [121.365999, 25.07833534]
			},
			"properties": {
				"場館編號": 23486,
				"場館名稱": "新北市立新北特殊教育學校田徑場",
				"所在地址": "新北市林口區文化北路一段425號",
				"場館連絡電話": "02-26006768",
				"場館官方網站": "",
				"場館停車場類型": "無停車場"
			}
		},
		{
			"type": "Feature",
			"geometry": {
				"type": "Point",
				"coordinates": [121.4349103, 25.0713143]
			},
			"properties": {
				"場館編號": 23490,
				"場館名稱": "風雨操場",
				"所在地址": "新北市五股區明德路2號",
				"場館連絡電話": "987068920",
				"場館官方網站": "",
				"場館停車場類型": "無停車場"
			}
		},
		{
			"type": "Feature",
			"geometry": {
				"type": "Point",
				"coordinates": [121.4867842, 25.07634811]
			},
			"properties": {
				"場館編號": 23493,
				"場館名稱": "三和國中排球場",
				"所在地址": "新北市三重區三和路四段216號",
				"場館連絡電話": "02-22879890#205",
				"場館官方網站": "",
				"場館停車場類型": "無停車場"
			}
		},
		{
			"type": "Feature",
			"geometry": {
				"type": "Point",
				"coordinates": [121.4548069, 24.98689435]
			},
			"properties": {
				"場館編號": 23495,
				"場館名稱": "廣福國小",
				"所在地址": "新北市土城區學府路一段127號",
				"場館連絡電話": "02-22626782#303",
				"場館官方網站": "http://www.gfes.ntpc.edu.tw",
				"場館停車場類型": "無停車場"
			}
		},
		{
			"type": "Feature",
			"geometry": {
				"type": "Point",
				"coordinates": [121.5194106, 25.0130266]
			},
			"properties": {
				"場館編號": 23497,
				"場館名稱": "網溪國小活力館",
				"所在地址": "新北市永和區竹林路79號",
				"場館連絡電話": "02-89264470#830",
				"場館官方網站": "",
				"場館停車場類型": ""
			}
		},
		{
			"type": "Feature",
			"geometry": {
				"type": "Point",
				"coordinates": [121.4548069, 24.98689435]
			},
			"properties": {
				"場館編號": 23498,
				"場館名稱": "廣福躲避球場",
				"所在地址": "新北市土城區學府路一段127號",
				"場館連絡電話": "02-22626782#303",
				"場館官方網站": "http://www.gfes.ntpc.edu.tw",
				"場館停車場類型": "無停車場"
			}
		},
		{
			"type": "Feature",
			"geometry": {
				"type": "Point",
				"coordinates": [121.4548142, 24.98683527]
			},
			"properties": {
				"場館編號": 23500,
				"場館名稱": "廣福國小排球場兼樂樂足球場兼躲避球場",
				"所在地址": "新北市土城區學府路一段127號",
				"場館連絡電話": "02-22626782#303",
				"場館官方網站": "http://www.gfes.ntpc.edu.tw",
				"場館停車場類型": "無停車場"
			}
		},
		{
			"type": "Feature",
			"geometry": {
				"type": "Point",
				"coordinates": [121.5194106, 25.0130266]
			},
			"properties": {
				"場館編號": 23502,
				"場館名稱": "網溪國小田徑場",
				"所在地址": "新北市永和區竹林路79號",
				"場館連絡電話": "02-89264470#830",
				"場館官方網站": "",
				"場館停車場類型": ""
			}
		},
		{
			"type": "Feature",
			"geometry": {
				"type": "Point",
				"coordinates": [121.8019813, 25.11313819]
			},
			"properties": {
				"場館編號": 23514,
				"場館名稱": "新北市義方國小",
				"所在地址": "新北市瑞芳區龍山里逢甲路360號",
				"場館連絡電話": "02-24970961#211",
				"場館官方網站": "https://web.jfps.ntpc.edu.tw",
				"場館停車場類型": "無停車場"
			}
		},
		{
			"type": "Feature",
			"geometry": {
				"type": "Point",
				"coordinates": [121.4912217, 25.06555299]
			},
			"properties": {
				"場館編號": 23574,
				"場館名稱": "大同公園籃球場",
				"所在地址": "新北市三重區大同北路184巷",
				"場館連絡電話": "02-29862345",
				"場館官方網站": "",
				"場館停車場類型": "無停車場"
			}
		},
		{
			"type": "Feature",
			"geometry": {
				"type": "Point",
				"coordinates": [121.5083814, 25.01058621]
			},
			"properties": {
				"場館編號": 23580,
				"場館名稱": "永平高中田徑場",
				"所在地址": "新北市永和區永平路205號",
				"場館連絡電話": "02-22319670",
				"場館官方網站": "",
				"場館停車場類型": "無停車場"
			}
		},
		{
			"type": "Feature",
			"geometry": {
				"type": "Point",
				"coordinates": [121.5025274, 25.25744172]
			},
			"properties": {
				"場館編號": 23581,
				"場館名稱": "三芝國小籃球場",
				"所在地址": "新北市三芝區埔頭里育英街22號",
				"場館連絡電話": "02-26362005#131",
				"場館官方網站": "",
				"場館停車場類型": "無停車場"
			}
		},
		{
			"type": "Feature",
			"geometry": {
				"type": "Point",
				"coordinates": [121.494922, 25.08241173]
			},
			"properties": {
				"場館編號": 23593,
				"場館名稱": "碧華國中田徑場",
				"所在地址": "新北市三重區自強路五段66號",
				"場館連絡電話": "02-29851121#133",
				"場館官方網站": "",
				"場館停車場類型": ""
			}
		},
		{
			"type": "Feature",
			"geometry": {
				"type": "Point",
				"coordinates": [121.5941628, 25.05219512]
			},
			"properties": {
				"場館編號": 23660,
				"場館名稱": "南港高中田徑場",
				"所在地址": "臺北市南港區西新里向陽路21號",
				"場館連絡電話": "02-27837863#245",
				"場館官方網站": "",
				"場館停車場類型": "無停車場"
			}
		},
		{
			"type": "Feature",
			"geometry": {
				"type": "Point",
				"coordinates": [121.5455246, 25.02114632]
			},
			"properties": {
				"場館編號": 23672,
				"場館名稱": "臺北市和平實小附屬籃球館",
				"所在地址": "臺北市大安區敦南街76巷28 號",
				"場館連絡電話": "02-66170101",
				"場館官方網站": "",
				"場館停車場類型": "一般及無障礙停車場"
			}
		},
		{
			"type": "Feature",
			"geometry": {
				"type": "Point",
				"coordinates": [121.5932884, 25.05282515]
			},
			"properties": {
				"場館編號": 23700,
				"場館名稱": "南港高中游泳池",
				"所在地址": "臺北市南港區西新里向陽路21號",
				"場館連絡電話": "02-27837863#230",
				"場館官方網站": "",
				"場館停車場類型": "無停車場"
			}
		},
		{
			"type": "Feature",
			"geometry": {
				"type": "Point",
				"coordinates": [121.4895684, 25.08528834]
			},
			"properties": {
				"場館編號": 23766,
				"場館名稱": "碧華國小運動場",
				"所在地址": "新北市三重區五華街160號",
				"場館連絡電話": "02-28577792#734",
				"場館官方網站": "http://www2.bhes.ntpc.edu.tw/",
				"場館停車場類型": ""
			}
		},
		{
			"type": "Feature",
			"geometry": {
				"type": "Point",
				"coordinates": [121.4895201, 25.08521546]
			},
			"properties": {
				"場館編號": 23767,
				"場館名稱": "碧華國小舞蹈教室",
				"所在地址": "新北市三重區五華街160號",
				"場館連絡電話": "02-28577792#734",
				"場館官方網站": "http://www2.bhes.ntpc.edu.tw/",
				"場館停車場類型": "一般及無障礙停車場"
			}
		},
		{
			"type": "Feature",
			"geometry": {
				"type": "Point",
				"coordinates": [121.4895898, 25.08535112]
			},
			"properties": {
				"場館編號": 23768,
				"場館名稱": "碧華國小桌球場",
				"所在地址": "新北市三重區五華街160號",
				"場館連絡電話": "02-28577792#734",
				"場館官方網站": "http://www2.bhes.ntpc.edu.tw/",
				"場館停車場類型": "一般及無障礙停車場"
			}
		},
		{
			"type": "Feature",
			"geometry": {
				"type": "Point",
				"coordinates": [121.3772643, 25.06865155]
			},
			"properties": {
				"場館編號": 23829,
				"場館名稱": "東勢市民活動中心附設羽球場",
				"所在地址": "新北市林口區麗園一街35號3樓",
				"場館連絡電話": "02-26033111#607",
				"場館官方網站": "",
				"場館停車場類型": "一般及無障礙停車場"
			}
		},
		{
			"type": "Feature",
			"geometry": {
				"type": "Point",
				"coordinates": [121.3675323, 25.06895519]
			},
			"properties": {
				"場館編號": 23830,
				"場館名稱": "麗林市民活動中心附設羽球場",
				"所在地址": "新北市林口區麗林里公園路59號3樓",
				"場館連絡電話": "02-26033111#607",
				"場館官方網站": "",
				"場館停車場類型": "一般及無障礙停車場"
			}
		},
		{
			"type": "Feature",
			"geometry": {
				"type": "Point",
				"coordinates": [121.5878606, 25.04714369]
			},
			"properties": {
				"場館編號": 23836,
				"場館名稱": "籃球場",
				"所在地址": "臺北市南港區聯成里東新街65號",
				"場館連絡電話": "02-27851376#152",
				"場館官方網站": "http://www.ctps.tp.edu.tw",
				"場館停車場類型": "無停車場"
			}
		},
		{
			"type": "Feature",
			"geometry": {
				"type": "Point",
				"coordinates": [121.8580995, 25.03480128]
			},
			"properties": {
				"場館編號": 23855,
				"場館名稱": "平林3號橋下籃球場",
				"所在地址": "新北市雙溪區平林里梅竹蹊平林三號橋下",
				"場館連絡電話": "02-24931111#222",
				"場館官方網站": "",
				"場館停車場類型": "無停車場"
			}
		},
		{
			"type": "Feature",
			"geometry": {
				"type": "Point",
				"coordinates": [121.5549284, 25.05042859]
			},
			"properties": {
				"場館編號": 23867,
				"場館名稱": "寧安公園",
				"所在地址": "臺北市松山區寧安街50巷",
				"場館連絡電話": "02-25850192",
				"場館官方網站": "http://pkl.taipei.gov.tw",
				"場館停車場類型": "無停車場"
			}
		},
		{
			"type": "Feature",
			"geometry": {
				"type": "Point",
				"coordinates": [121.6438467, 25.22423322]
			},
			"properties": {
				"場館編號": 23868,
				"場館名稱": "磺港籃球場",
				"所在地址": "新北市金山區磺港里磺港路171-1號",
				"場館連絡電話": "02-24985965#185",
				"場館官方網站": "",
				"場館停車場類型": "無停車場"
			}
		},
		{
			"type": "Feature",
			"geometry": {
				"type": "Point",
				"coordinates": [121.9297807, 25.0288678]
			},
			"properties": {
				"場館編號": 23872,
				"場館名稱": "貢寮區龍門公園",
				"所在地址": "新北市貢寮區龍門里鄰台二線旁",
				"場館連絡電話": "02-24941601#402",
				"場館官方網站": "",
				"場館停車場類型": ""
			}
		},
		{
			"type": "Feature",
			"geometry": {
				"type": "Point",
				"coordinates": [121.5513343, 25.05133738]
			},
			"properties": {
				"場館編號": 23877,
				"場館名稱": "臺北網球場",
				"所在地址": "臺北市松山區南京東路4段6號",
				"場館連絡電話": "02-25795439",
				"場館官方網站": "https://zh-tw.facebook.com/TPTennisCourt/",
				"場館停車場類型": "無停車場"
			}
		},
		{
			"type": "Feature",
			"geometry": {
				"type": "Point",
				"coordinates": [121.4197558, 24.98358305]
			},
			"properties": {
				"場館編號": 23895,
				"場館名稱": "新北市樹林區大同公園",
				"所在地址": "新北市樹林區太平路33巷8號",
				"場館連絡電話": "02-26812106#2610",
				"場館官方網站": "",
				"場館停車場類型": "無停車場"
			}
		},
		{
			"type": "Feature",
			"geometry": {
				"type": "Point",
				"coordinates": [121.5966475, 25.06744649]
			},
			"properties": {
				"場館編號": 23906,
				"場館名稱": "臺北市網球中心附設健身房",
				"所在地址": "臺北市內湖區民權東路6段208號",
				"場館連絡電話": "02-25702330",
				"場館官方網站": "https://sports.gov.taipei/",
				"場館停車場類型": "一般及無障礙停車場"
			}
		},
		{
			"type": "Feature",
			"geometry": {
				"type": "Point",
				"coordinates": [121.8600512, 25.12228905]
			},
			"properties": {
				"場館編號": 23976,
				"場館名稱": "濂洞國小籃球場",
				"所在地址": "新北市瑞芳區?洞里洞頂路101巷80號",
				"場館連絡電話": "02-24961330#12",
				"場館官方網站": "",
				"場館停車場類型": "無停車場"
			}
		},
		{
			"type": "Feature",
			"geometry": {
				"type": "Point",
				"coordinates": [121.5636726, 24.98772326]
			},
			"properties": {
				"場館編號": 23977,
				"場館名稱": "操場籃球場",
				"所在地址": "臺北市文山區明興里木柵路2段138巷61號",
				"場館連絡電話": "02-29392821#20",
				"場館官方網站": "http://www.mdps.tp.edu.tw",
				"場館停車場類型": "無停車場"
			}
		},
		{
			"type": "Feature",
			"geometry": {
				"type": "Point",
				"coordinates": [121.5170085, 25.06504743]
			},
			"properties": {
				"場館編號": 23981,
				"場館名稱": "臺北市立大同國小田徑場",
				"所在地址": "臺北市大同區蓬萊里大龍街51號",
				"場館連絡電話": "02-25965407#333",
				"場館官方網站": "",
				"場館停車場類型": "無停車場"
			}
		},
		{
			"type": "Feature",
			"geometry": {
				"type": "Point",
				"coordinates": [121.5170944, 25.06511546]
			},
			"properties": {
				"場館編號": 23982,
				"場館名稱": "臺北市立大同國小籃球場",
				"所在地址": "臺北市大同區蓬萊里大龍街51號",
				"場館連絡電話": "02-25965407#333",
				"場館官方網站": "",
				"場館停車場類型": "無障礙停車場"
			}
		},
		{
			"type": "Feature",
			"geometry": {
				"type": "Point",
				"coordinates": [121.5155381, 25.09421705]
			},
			"properties": {
				"場館編號": 23994,
				"場館名稱": "士商壘球場",
				"所在地址": "臺北市士林區後港里士商路150號",
				"場館連絡電話": "02-28313114#406",
				"場館官方網站": "http://www.slhs.tp.edu.tw",
				"場館停車場類型": ""
			}
		},
		{
			"type": "Feature",
			"geometry": {
				"type": "Point",
				"coordinates": [121.5156822, 25.09429012]
			},
			"properties": {
				"場館編號": 23995,
				"場館名稱": "士商籃球場",
				"所在地址": "臺北市士林區後港里士商路150號",
				"場館連絡電話": "02-28313114#406",
				"場館官方網站": "http://slhs.tp.edu.tw/",
				"場館停車場類型": "一般及無障礙停車場"
			}
		},
		{
			"type": "Feature",
			"geometry": {
				"type": "Point",
				"coordinates": [121.5158217, 25.09438242]
			},
			"properties": {
				"場館編號": 23996,
				"場館名稱": "士商田徑場",
				"所在地址": "臺北市士林區後港里士商路150號",
				"場館連絡電話": "02-28313114",
				"場館官方網站": "http://www.slhs.tp.edu.tw",
				"場館停車場類型": "一般及無障礙停車場"
			}
		},
		{
			"type": "Feature",
			"geometry": {
				"type": "Point",
				"coordinates": [121.5858076, 25.036599]
			},
			"properties": {
				"場館編號": 24000,
				"場館名稱": "?公國中操場",
				"所在地址": "臺北市信義區福德街221巷15號",
				"場館連絡電話": "02-27261481#401",
				"場館官方網站": "",
				"場館停車場類型": "一般及無障礙停車場"
			}
		},
		{
			"type": "Feature",
			"geometry": {
				"type": "Point",
				"coordinates": [121.5854074, 25.03653233]
			},
			"properties": {
				"場館編號": 24003,
				"場館名稱": "?公國中游泳池",
				"所在地址": "臺北市信義區福德街221巷15號",
				"場館連絡電話": "02-27261481#310",
				"場館官方網站": "",
				"場館停車場類型": "一般及無障礙停車場"
			}
		},
		{
			"type": "Feature",
			"geometry": {
				"type": "Point",
				"coordinates": [121.5382219, 24.97806187]
			},
			"properties": {
				"場館編號": 24040,
				"場館名稱": "大豐國小和平樓前球場",
				"所在地址": "新北市新店區民族路108號",
				"場館連絡電話": "02-22192619#834",
				"場館官方網站": "http://www.dfes.ntpc.edu.tw",
				"場館停車場類型": "無停車場"
			}
		},
		{
			"type": "Feature",
			"geometry": {
				"type": "Point",
				"coordinates": [121.5378947, 24.97847358]
			},
			"properties": {
				"場館編號": 24042,
				"場館名稱": "大豐國小大豐樓前球場",
				"所在地址": "新北市新店區民族路108號",
				"場館連絡電話": "02-22192619#834",
				"場館官方網站": "http://www.dfes.ntpc.edu.tw",
				"場館停車場類型": "無停車場"
			}
		},
		{
			"type": "Feature",
			"geometry": {
				"type": "Point",
				"coordinates": [121.6577911, 25.06628029]
			},
			"properties": {
				"場館編號": 24053,
				"場館名稱": "汐止國中風雨球場",
				"所在地址": "新北市汐止區禮門里大同路二段394號",
				"場館連絡電話": "02-26412065#1206",
				"場館官方網站": "http://www.hcjhs.ntpc.edu.tw",
				"場館停車場類型": ""
			}
		},
		{
			"type": "Feature",
			"geometry": {
				"type": "Point",
				"coordinates": [121.5669666, 25.29192366]
			},
			"properties": {
				"場館編號": 24061,
				"場館名稱": "高爾夫打擊練習場",
				"所在地址": "新北市石門區尖鹿里中央路9號",
				"場館連絡電話": "02-26381263#21",
				"場館官方網站": "http://www.smes.ntpc.edu.tw",
				"場館停車場類型": "一般及無障礙停車場"
			}
		},
		{
			"type": "Feature",
			"geometry": {
				"type": "Point",
				"coordinates": [121.5876603, 25.04739155]
			},
			"properties": {
				"場館編號": 24066,
				"場館名稱": "操場",
				"所在地址": "臺北市南港區聯成里東新街65號",
				"場館連絡電話": "02-27851376#152",
				"場館官方網站": "http://www.ctps.tp.edu.tw",
				"場館停車場類型": "無停車場"
			}
		},
		{
			"type": "Feature",
			"geometry": {
				"type": "Point",
				"coordinates": [121.6197717, 25.0541564]
			},
			"properties": {
				"場館編號": 24067,
				"場館名稱": "臺北市立誠正國民中學學生活動中心",
				"所在地址": "臺北市南港區新富里富康街1巷24號",
				"場館連絡電話": "02-27828094#1510",
				"場館官方網站": "http://www.ccjh.tp.edu.tw/default.asp",
				"場館停車場類型": "無停車場"
			}
		},
		{
			"type": "Feature",
			"geometry": {
				"type": "Point",
				"coordinates": [121.51465, 25.03820284]
			},
			"properties": {
				"場館編號": 24068,
				"場館名稱": "北一女中游泳池",
				"所在地址": "臺北市中正區黎明里重慶南路1段165號",
				"場館連絡電話": "02-23820484#530",
				"場館官方網站": "http://www.fg.tp.edu.tw/bin/home.php",
				"場館停車場類型": ""
			}
		},
		{
			"type": "Feature",
			"geometry": {
				"type": "Point",
				"coordinates": [121.5875763, 25.04485912]
			},
			"properties": {
				"場館編號": 24071,
				"場館名稱": "成德國中操場",
				"所在地址": "臺北市南港區成福里東新街108巷23號",
				"場館連絡電話": "02-26515636#330",
				"場館官方網站": "",
				"場館停車場類型": "無停車場"
			}
		},
		{
			"type": "Feature",
			"geometry": {
				"type": "Point",
				"coordinates": [121.4989133, 25.02689362]
			},
			"properties": {
				"場館編號": 24086,
				"場館名稱": "操場",
				"所在地址": "臺北市萬華區日善里東園街73巷65號",
				"場館連絡電話": "02-23030257#112",
				"場館官方網站": "http://www.hups.tp.edu.tw",
				"場館停車場類型": "無停車場"
			}
		},
		{
			"type": "Feature",
			"geometry": {
				"type": "Point",
				"coordinates": [121.4466746, 25.00541853]
			},
			"properties": {
				"場館編號": 24125,
				"場館名稱": "華僑高級中學桌球教室",
				"所在地址": "新北市板橋區大觀路一段32號",
				"場館連絡電話": "02-29684131#341",
				"場館官方網站": "http://www.nocsh.ntpc.edu.tw",
				"場館停車場類型": ""
			}
		},
		{
			"type": "Feature",
			"geometry": {
				"type": "Point",
				"coordinates": [121.4982695, 25.03041039]
			},
			"properties": {
				"場館編號": 24137,
				"場館名稱": "雙園國小田徑場",
				"所在地址": "臺北市萬華區雙園里莒光路315號",
				"場館連絡電話": "02-23061893#165",
				"場館官方網站": "http://www.syps.tp.edu.tw",
				"場館停車場類型": "無停車場"
			}
		},
		{
			"type": "Feature",
			"geometry": {
				"type": "Point",
				"coordinates": [121.5322551, 25.11090948]
			},
			"properties": {
				"場館編號": 24139,
				"場館名稱": "蘭雅國中田徑場",
				"所在地址": "臺北市士林區三玉里忠誠路2段51號",
				"場館連絡電話": "02-28329377#230",
				"場館官方網站": "http://163.21.26.20/enable01/",
				"場館停車場類型": "一般及無障礙停車場"
			}
		},
		{
			"type": "Feature",
			"geometry": {
				"type": "Point",
				"coordinates": [121.5467262, 24.99887941]
			},
			"properties": {
				"場館編號": 24140,
				"場館名稱": "靜心中學綜合球場",
				"所在地址": "臺北市文山區興福里興隆路2段46號",
				"場館連絡電話": "02-29359063",
				"場館官方網站": "https://zh-tw.facebook.com/sunsportc",
				"場館停車場類型": "無停車場"
			}
		},
		{
			"type": "Feature",
			"geometry": {
				"type": "Point",
				"coordinates": [121.358349, 25.07463795]
			},
			"properties": {
				"場館編號": 24142,
				"場館名稱": "南勢國小操場",
				"所在地址": "新北市林口區南勢五街2號",
				"場館連絡電話": "02-26091020#823",
				"場館官方網站": "http://www.nses.ntpc.edu.tw",
				"場館停車場類型": "無停車場"
			}
		},
		{
			"type": "Feature",
			"geometry": {
				"type": "Point",
				"coordinates": [121.3843098, 25.08058409]
			},
			"properties": {
				"場館編號": 24144,
				"場館名稱": "佳林國中籃球場",
				"所在地址": "新北市林口區中山路268號",
				"場館連絡電話": "02-26028555#340",
				"場館官方網站": "http://www.jljh.ntpc.edu.tw/default.asp",
				"場館停車場類型": "無停車場"
			}
		},
		{
			"type": "Feature",
			"geometry": {
				"type": "Point",
				"coordinates": [121.5735445, 25.06757568]
			},
			"properties": {
				"場館編號": 24149,
				"場館名稱": "攀岩場/抱石場",
				"所在地址": "臺北市內湖區舊宗路二段2號",
				"場館連絡電話": "02-27206833",
				"場館官方網站": "",
				"場館停車場類型": ""
			}
		},
		{
			"type": "Feature",
			"geometry": {
				"type": "Point",
				"coordinates": [121.491267, 25.03416293]
			},
			"properties": {
				"場館編號": 24152,
				"場館名稱": "環形或直線慢跑場（非田徑場）",
				"所在地址": "臺北市萬華區環河南路2段250巷42弄2號",
				"場館連絡電話": "02-23064352#134",
				"場館官方網站": "http://web.hces.tp.edu.tw/front/bin/home.phtml",
				"場館停車場類型": "無停車場"
			}
		},
		{
			"type": "Feature",
			"geometry": {
				"type": "Point",
				"coordinates": [121.5316163, 25.11026964]
			},
			"properties": {
				"場館編號": 24153,
				"場館名稱": "蘭雅國中籃球場",
				"所在地址": "臺北市士林區三玉里忠誠路2段51號",
				"場館連絡電話": "02-28329377#230",
				"場館官方網站": "http://163.21.26.20/enable01/",
				"場館停車場類型": "一般及無障礙停車場"
			}
		},
		{
			"type": "Feature",
			"geometry": {
				"type": "Point",
				"coordinates": [121.5320438, 24.97555]
			},
			"properties": {
				"場館編號": 24174,
				"場館名稱": "新店高中游泳池",
				"所在地址": "新北市新店區中央路93號",
				"場館連絡電話": "02-22193700",
				"場館官方網站": "http://www.htsh.ntpc.edu.tw",
				"場館停車場類型": ""
			}
		},
		{
			"type": "Feature",
			"geometry": {
				"type": "Point",
				"coordinates": [121.3899243, 25.07419079]
			},
			"properties": {
				"場館編號": 24190,
				"場館名稱": "康橋雙語學校(林口校區)",
				"所在地址": "新北市林口區興林路55號",
				"場館連絡電話": "02-85128239",
				"場館官方網站": "http://www.kcbs.ntpc.edu.tw/_LinkouCampus/zh/",
				"場館停車場類型": "一般及無障礙停車場"
			}
		},
		{
			"type": "Feature",
			"geometry": {
				"type": "Point",
				"coordinates": [121.4823543, 24.99913868]
			},
			"properties": {
				"場館編號": 24193,
				"場館名稱": "積穗國小操場",
				"所在地址": "新北市中和區員山路154號",
				"場館連絡電話": "02-22225533#822",
				"場館官方網站": "http://www.tjsps.ntpc.edu.tw",
				"場館停車場類型": "一般及無障礙停車場"
			}
		},
		{
			"type": "Feature",
			"geometry": {
				"type": "Point",
				"coordinates": [121.4992368, 25.02915173]
			},
			"properties": {
				"場館編號": 24195,
				"場館名稱": "萬華國中游泳池",
				"所在地址": "臺北市萬華區日善里西藏路201號",
				"場館連絡電話": "02-23390988",
				"場館官方網站": "",
				"場館停車場類型": "無停車場"
			}
		},
		{
			"type": "Feature",
			"geometry": {
				"type": "Point",
				"coordinates": [121.4683789, 25.0280471]
			},
			"properties": {
				"場館編號": 24201,
				"場館名稱": "江翠國中游泳池",
				"所在地址": "新北市板橋區松江街63號",
				"場館連絡電話": "02-22500125",
				"場館官方網站": "https://www.facebook.com/HDPZZ/?rf=164525586929881",
				"場館停車場類型": "一般及無障礙停車場"
			}
		},
		{
			"type": "Feature",
			"geometry": {
				"type": "Point",
				"coordinates": [121.5348698, 25.03728014]
			},
			"properties": {
				"場館編號": 24225,
				"場館名稱": "臺北市大安區幸安國民小學",
				"所在地址": "臺北市大安區民炤里仁愛路3段22號",
				"場館連絡電話": "02-27074191",
				"場館官方網站": "http://www.haps.tp.edu.tw",
				"場館停車場類型": "無停車場"
			}
		},
		{
			"type": "Feature",
			"geometry": {
				"type": "Point",
				"coordinates": [121.3683255, 24.93796474]
			},
			"properties": {
				"場館編號": 24233,
				"場館名稱": "三鶯國民運動中心",
				"所在地址": "新北市三峽區文化路210巷12號",
				"場館連絡電話": "02-26749088",
				"場館官方網站": "https://scysports.com.tw/",
				"場館停車場類型": "一般及無障礙停車場"
			}
		},
		{
			"type": "Feature",
			"geometry": {
				"type": "Point",
				"coordinates": [121.3577701, 24.95385494]
			},
			"properties": {
				"場館編號": 24234,
				"場館名稱": "鶯歌國民運動中心",
				"所在地址": "新北市鶯歌區館前路250號",
				"場館連絡電話": "02-86782677",
				"場館官方網站": "https://scysports.com.tw/",
				"場館停車場類型": "一般及無障礙停車場"
			}
		},
		{
			"type": "Feature",
			"geometry": {
				"type": "Point",
				"coordinates": [121.5811356, 25.05828339]
			},
			"properties": {
				"場館編號": 25234,
				"場館名稱": "田徑場",
				"所在地址": "臺北市內湖區週美里21鄰行善路179號",
				"場館連絡電話": "02-27917334#232",
				"場館官方網站": "http://www.tmes.tp.edu.tw",
				"場館停車場類型": "一般及無障礙停車場"
			}
		},
		{
			"type": "Feature",
			"geometry": {
				"type": "Point",
				"coordinates": [121.5820181, 25.05808165]
			},
			"properties": {
				"場館編號": 25236,
				"場館名稱": "臺北市內湖區潭美國民小多功能體育場",
				"所在地址": "臺北市內湖區週美里21鄰行善路179號",
				"場館連絡電話": "02-27917334#225",
				"場館官方網站": "http://www.tmes.tp.edu.tw",
				"場館停車場類型": "一般及無障礙停車場"
			}
		},
		{
			"type": "Feature",
			"geometry": {
				"type": "Point",
				"coordinates": [121.3608878, 25.07115769]
			},
			"properties": {
				"場館編號": 25255,
				"場館名稱": "新北市林口區新林國民小學",
				"所在地址": "新北市林口區三民路101號",
				"場館連絡電話": "02-26086521#830",
				"場館官方網站": "",
				"場館停車場類型": "無停車場"
			}
		},
		{
			"type": "Feature",
			"geometry": {
				"type": "Point",
				"coordinates": [121.5529811, 24.95275604]
			},
			"properties": {
				"場館編號": 25271,
				"場館名稱": "環形或直線慢跑場（非田徑場）",
				"所在地址": "新北市新店區北宜路二段80號",
				"場館連絡電話": "02-22173146#231",
				"場館官方網站": "",
				"場館停車場類型": "無停車場"
			}
		},
		{
			"type": "Feature",
			"geometry": {
				"type": "Point",
				"coordinates": [121.6184806, 25.05316111]
			},
			"properties": {
				"場館編號": 25329,
				"場館名稱": "誠正田徑場",
				"所在地址": "臺北市南港區新富里富康街1巷24號",
				"場館連絡電話": "02-27828094#1510",
				"場館官方網站": "http://163.21.132.5",
				"場館停車場類型": "無停車場"
			}
		},
		{
			"type": "Feature",
			"geometry": {
				"type": "Point",
				"coordinates": [121.4961827, 24.91150998]
			},
			"properties": {
				"場館編號": 25342,
				"場館名稱": "私立康橋高中足球場",
				"所在地址": "新北市新店區華城路800號",
				"場館連絡電話": "02-81952175",
				"場館官方網站": "http://www.kcbs.ntpc.edu.tw",
				"場館停車場類型": "無停車場"
			}
		},
		{
			"type": "Feature",
			"geometry": {
				"type": "Point",
				"coordinates": [121.5497262, 25.07963845]
			},
			"properties": {
				"場館編號": 25366,
				"場館名稱": "永安田徑場附屬足球場",
				"所在地址": "臺北市中山區明水路397巷19弄1號",
				"場館連絡電話": "02-25335672",
				"場館官方網站": "http://web.yaes.tp.edu.tw/front/bin/home.phtml",
				"場館停車場類型": "一般及無障礙停車場"
			}
		},
		{
			"type": "Feature",
			"geometry": {
				"type": "Point",
				"coordinates": [121.6182366, 25.00066408]
			},
			"properties": {
				"場館編號": 25383,
				"場館名稱": "足球場",
				"所在地址": "新北市深坑區文化街41號",
				"場館連絡電話": "02-26621455",
				"場館官方網站": "",
				"場館停車場類型": "無停車場"
			}
		},
		{
			"type": "Feature",
			"geometry": {
				"type": "Point",
				"coordinates": [121.5274626, 25.11970998]
			},
			"properties": {
				"場館編號": 25396,
				"場館名稱": "天母人工草皮足球場",
				"所在地址": "臺北市士林區天玉里天玉街12號",
				"場館連絡電話": "02-28723336#9502",
				"場館官方網站": "https://www.tmups.tp.edu.tw/",
				"場館停車場類型": "無停車場"
			}
		},
		{
			"type": "Feature",
			"geometry": {
				"type": "Point",
				"coordinates": [121.4994952, 25.05971311]
			},
			"properties": {
				"場館編號": 25411,
				"場館名稱": "光興國小操場",
				"所在地址": "新北市三重區正義南路62號",
				"場館連絡電話": "02-29755352#131",
				"場館官方網站": "http://www.kses.ntpc.edu.tw",
				"場館停車場類型": "一般及無障礙停車場"
			}
		},
		{
			"type": "Feature",
			"geometry": {
				"type": "Point",
				"coordinates": [121.3662005, 24.9412492]
			},
			"properties": {
				"場館編號": 25494,
				"場館名稱": "北大綜合體育館",
				"所在地址": "新北市三峽區大學路151號",
				"場館連絡電話": "02-26748189#68512",
				"場館官方網站": "http://www.ntpu.edu.tw/chinese/",
				"場館停車場類型": "一般及無障礙停車場"
			}
		},
		{
			"type": "Feature",
			"geometry": {
				"type": "Point",
				"coordinates": [121.3678059, 25.07800791]
			},
			"properties": {
				"場館編號": 25528,
				"場館名稱": "第二運動公園網球場",
				"所在地址": "新北市林口區民族路205號",
				"場館連絡電話": "02-26033111#204",
				"場館官方網站": "",
				"場館停車場類型": ""
			}
		},
		{
			"type": "Feature",
			"geometry": {
				"type": "Point",
				"coordinates": [121.4203033, 25.16090083]
			},
			"properties": {
				"場館編號": 25540,
				"場館名稱": "北河公園天幕籃球場",
				"所在地址": "新北市八里區忠孝路與忠八路口",
				"場館連絡電話": "02-26102621",
				"場館官方網站": "http://www.bali.ntpc.gov.tw/web/Home?command=display&page=flash",
				"場館停車場類型": "無停車場"
			}
		},
		{
			"type": "Feature",
			"geometry": {
				"type": "Point",
				"coordinates": [121.4507568, 25.13205116]
			},
			"properties": {
				"場館編號": 25542,
				"場館名稱": "龍米市民活動中心天幕籃球場",
				"所在地址": "新北市八里區龍形二街9號",
				"場館連絡電話": "02-26102621#253",
				"場館官方網站": "http://www.bali.ntpc.gov.tw/web/Home?command=display&page=flash",
				"場館停車場類型": "無停車場"
			}
		},
		{
			"type": "Feature",
			"geometry": {
				"type": "Point",
				"coordinates": [121.4071565, 25.15368772]
			},
			"properties": {
				"場館編號": 25547,
				"場館名稱": "頂罟市民活動中心天幕籃球場",
				"所在地址": "新北市八里區八里大道12號",
				"場館連絡電話": "02-26102621#253",
				"場館官方網站": "http://www.bali.ntpc.gov.tw/web/Home?command=display&page=flash",
				"場館停車場類型": "一般及無障礙停車場"
			}
		},
		{
			"type": "Feature",
			"geometry": {
				"type": "Point",
				"coordinates": [121.5450311, 25.2892348]
			},
			"properties": {
				"場館編號": 25559,
				"場館名稱": "老梅國小風雨操場",
				"所在地址": "新北市石門區老梅里老梅路10號",
				"場館連絡電話": "02-26381258#13",
				"場館官方網站": "https://www.lmes.ntpc.edu.tw",
				"場館停車場類型": "一般及無障礙停車場"
			}
		},
		{
			"type": "Feature",
			"geometry": {
				"type": "Point",
				"coordinates": [121.4612925, 24.98485215]
			},
			"properties": {
				"場館編號": 25571,
				"場館名稱": "清水國小羽球場",
				"所在地址": "新北市土城區金城路二段356號",
				"場館連絡電話": "02-22618316#832",
				"場館官方網站": "http://www.cses.ntpc.edu.tw",
				"場館停車場類型": "無停車場"
			}
		},
		{
			"type": "Feature",
			"geometry": {
				"type": "Point",
				"coordinates": [121.3699681, 24.94110331]
			},
			"properties": {
				"場館編號": 25586,
				"場館名稱": "風雨操場",
				"所在地址": "新北市三峽區復興路238號",
				"場館連絡電話": "02-26711043#136",
				"場館官方網站": "http://www.shjhs.ntpc.edu.tw",
				"場館停車場類型": ""
			}
		},
		{
			"type": "Feature",
			"geometry": {
				"type": "Point",
				"coordinates": [121.5480181, 25.0303891]
			},
			"properties": {
				"場館編號": 25607,
				"場館名稱": "大安國中游泳池",
				"所在地址": "臺北市大安區大安路2段63號",
				"場館連絡電話": "02-27557131",
				"場館官方網站": "",
				"場館停車場類型": "無停車場"
			}
		},
		{
			"type": "Feature",
			"geometry": {
				"type": "Point",
				"coordinates": [121.594502, 25.05355865]
			},
			"properties": {
				"場館編號": 25608,
				"場館名稱": "四維樓",
				"所在地址": "臺北市南港區西新里向陽路31號",
				"場館連絡電話": "02-27836049#133",
				"場館官方網站": "http://www.yhes.tp.edu.tw",
				"場館停車場類型": "一般及無障礙停車場"
			}
		},
		{
			"type": "Feature",
			"geometry": {
				"type": "Point",
				"coordinates": [121.6198169, 25.07310485]
			},
			"properties": {
				"場館編號": 25609,
				"場館名稱": "東湖國中學生活動中心",
				"所在地址": "臺北市內湖區樂康里康樂街131號",
				"場館連絡電話": "02-26330373#634",
				"場館官方網站": "http://www.dhjh.tp.edu.tw/",
				"場館停車場類型": "無停車場"
			}
		},
		{
			"type": "Feature",
			"geometry": {
				"type": "Point",
				"coordinates": [121.5195247, 25.07576413]
			},
			"properties": {
				"場館編號": 25614,
				"場館名稱": "明倫高中綜合體育館",
				"所在地址": "臺北市大同區保安里承德路3段336號",
				"場館連絡電話": "02-25961567#147",
				"場館官方網站": "http://www.mlsh.tp.edu.tw",
				"場館停車場類型": "一般及無障礙停車場"
			}
		},
		{
			"type": "Feature",
			"geometry": {
				"type": "Point",
				"coordinates": [121.5145898, 25.10446689]
			},
			"properties": {
				"場館編號": 25627,
				"場館名稱": "中正高中網球場",
				"所在地址": "臺北市北投區文林北路77號",
				"場館連絡電話": "02-28234811#330",
				"場館官方網站": "http://www.ccsh.tp.edu.tw",
				"場館停車場類型": "無停車場"
			}
		},
		{
			"type": "Feature",
			"geometry": {
				"type": "Point",
				"coordinates": [121.3747052, 24.93924432]
			},
			"properties": {
				"場館編號": 25643,
				"場館名稱": "三峽區龍埔公園籃球場",
				"所在地址": "新北市三峽區國光街60號",
				"場館連絡電話": "02-26711017#703",
				"場館官方網站": "",
				"場館停車場類型": ""
			}
		},
		{
			"type": "Feature",
			"geometry": {
				"type": "Point",
				"coordinates": [121.3701618, 25.06841345]
			},
			"properties": {
				"場館編號": 25657,
				"場館名稱": "崇智樓活動中心",
				"所在地址": "新北市林口區文化一路一段20號",
				"場館連絡電話": "02-26095829#124",
				"場館官方網站": "",
				"場館停車場類型": "一般及無障礙停車場"
			}
		},
		{
			"type": "Feature",
			"geometry": {
				"type": "Point",
				"coordinates": [121.5051574, 25.13837426]
			},
			"properties": {
				"場館編號": 25664,
				"場館名稱": "逸仙國小活動中心",
				"所在地址": "臺北市北投區中心里新民路2號",
				"場館連絡電話": "02-28914537#123",
				"場館官方網站": "http://www2.ysps.tp.edu.tw",
				"場館停車場類型": "無停車場"
			}
		},
		{
			"type": "Feature",
			"geometry": {
				"type": "Point",
				"coordinates": [121.6210338, 25.23014184]
			},
			"properties": {
				"場館編號": 25715,
				"場館名稱": "三界壇廣場籃球場",
				"所在地址": "新北市金山區三界里三界壇路101-1號",
				"場館連絡電話": "02-24985965#185",
				"場館官方網站": "",
				"場館停車場類型": "無停車場"
			}
		},
		{
			"type": "Feature",
			"geometry": {
				"type": "Point",
				"coordinates": [121.5107923, 25.0304382]
			},
			"properties": {
				"場館編號": 25721,
				"場館名稱": "臺北市國語實驗國民小學戶外籃球場",
				"所在地址": "臺北市中正區龍光里南海路58號",
				"場館連絡電話": "02-23033555#601",
				"場館官方網站": "http://www.meps.tp.edu.tw",
				"場館停車場類型": ""
			}
		},
		{
			"type": "Feature",
			"geometry": {
				"type": "Point",
				"coordinates": [121.5325373, 25.11057835]
			},
			"properties": {
				"場館編號": 25722,
				"場館名稱": "蘭雅國中游泳池",
				"所在地址": "臺北市士林區三玉里忠誠路2段51號",
				"場館連絡電話": "02-28329377#230",
				"場館官方網站": "http://163.21.26.20/enable01/",
				"場館停車場類型": "無停車場"
			}
		},
		{
			"type": "Feature",
			"geometry": {
				"type": "Point",
				"coordinates": [121.5658933, 25.08542885]
			},
			"properties": {
				"場館編號": 25726,
				"場館名稱": "西湖國中游泳池",
				"所在地址": "臺北市內湖區西湖里環山路1段27號",
				"場館連絡電話": "02-27991817#215",
				"場館官方網站": "http://www.xhjhs.tp.edu.tw",
				"場館停車場類型": "無停車場"
			}
		},
		{
			"type": "Feature",
			"geometry": {
				"type": "Point",
				"coordinates": [121.5063842, 25.13818979]
			},
			"properties": {
				"場館編號": 25728,
				"場館名稱": "臺北市立新民國中游泳池",
				"所在地址": "臺北市北投區林泉里新民路10號",
				"場館連絡電話": "02-28979001#350",
				"場館官方網站": "http://www.hmjh.tp.edu.tw",
				"場館停車場類型": ""
			}
		},
		{
			"type": "Feature",
			"geometry": {
				"type": "Point",
				"coordinates": [121.432175, 24.99610302]
			},
			"properties": {
				"場館編號": 25737,
				"場館名稱": "溪崑國中室外籃球場",
				"所在地址": "新北市板橋區大觀路三段50巷30號",
				"場館連絡電話": "02-26869727#383",
				"場館官方網站": "http://www.ckjhs.ntpc.edu.tw/",
				"場館停車場類型": "無停車場"
			}
		},
		{
			"type": "Feature",
			"geometry": {
				"type": "Point",
				"coordinates": [121.5483731, 25.15169443]
			},
			"properties": {
				"場館編號": 25738,
				"場館名稱": "前山公園游泳池",
				"所在地址": "臺北市北投區建國街4號",
				"場館連絡電話": "937982098",
				"場館官方網站": "https://sports.gov.taipei/cp.aspx?n=6293F95CF8D99D64",
				"場館停車場類型": "無停車場"
			}
		},
		{
			"type": "Feature",
			"geometry": {
				"type": "Point",
				"coordinates": [121.5208429, 25.08523937]
			},
			"properties": {
				"場館編號": 25740,
				"場館名稱": "前港公園游泳池",
				"所在地址": "臺北市士林區前港街45號",
				"場館連絡電話": "02-28805598",
				"場館官方網站": "https://sports.gov.taipei/cp.aspx?n=6293F95CF8D99D64",
				"場館停車場類型": "無停車場"
			}
		},
		{
			"type": "Feature",
			"geometry": {
				"type": "Point",
				"coordinates": [121.5219533, 25.10772701]
			},
			"properties": {
				"場館編號": 25741,
				"場館名稱": "克強公園游泳池(閉館整修中)",
				"所在地址": "臺北市士林區磺溪街55巷2號",
				"場館連絡電話": "02-88665105",
				"場館官方網站": "https://zh-tw.facebook.com/pages/category/Public-Swimming-Pool/%E9%81%8B%E5%8D%9A%E5%85%8B%E5%BC%B7%E5%85%AC%E5%9C%92%E6%B8%B8%E6%B3%B3%E6%B1%A0-114122908662385/",
				"場館停車場類型": "無停車場"
			}
		},
		{
			"type": "Feature",
			"geometry": {
				"type": "Point",
				"coordinates": [121.5012789, 25.13643657]
			},
			"properties": {
				"場館編號": 25742,
				"場館名稱": "七虎公園游泳池",
				"所在地址": "臺北市北投區育仁路108號",
				"場館連絡電話": "02-28916759",
				"場館官方網站": "https://sports.gov.taipei/cp.aspx?n=6293F95CF8D99D64",
				"場館停車場類型": "無停車場"
			}
		},
		{
			"type": "Feature",
			"geometry": {
				"type": "Point",
				"coordinates": [121.5310943, 25.12870979]
			},
			"properties": {
				"場館編號": 25743,
				"場館名稱": "天溪綠地游泳池",
				"所在地址": "臺北市北投區中山北路7段219巷3弄170號",
				"場館連絡電話": "02-28748122",
				"場館官方網站": "https://sports.gov.taipei/cp.aspx?n=6293F95CF8D99D64",
				"場館停車場類型": "無停車場"
			}
		},
		{
			"type": "Feature",
			"geometry": {
				"type": "Point",
				"coordinates": [121.5812409, 25.08222225]
			},
			"properties": {
				"場館編號": 25744,
				"場館名稱": "碧湖公園游泳池",
				"所在地址": "臺北市內湖區內湖路二段175號",
				"場館連絡電話": "02-25702330",
				"場館官方網站": "https://sports.tms.gov.tw/",
				"場館停車場類型": "無停車場"
			}
		},
		{
			"type": "Feature",
			"geometry": {
				"type": "Point",
				"coordinates": [121.5604538, 24.98695756]
			},
			"properties": {
				"場館編號": 25745,
				"場館名稱": "木柵公園游泳池",
				"所在地址": "臺北市文山區興隆路四段50號",
				"場館連絡電話": "02-22342863",
				"場館官方網站": "http://www.wdygsports.com.tw/swimming.asp?major=c47OxrbPc7TJfvK1",
				"場館停車場類型": "無停車場"
			}
		},
		{
			"type": "Feature",
			"geometry": {
				"type": "Point",
				"coordinates": [121.5131012, 25.11588127]
			},
			"properties": {
				"場館編號": 25746,
				"場館名稱": "石牌國中室外籃球場",
				"所在地址": "臺北市北投區吉利里石牌路1段139號",
				"場館連絡電話": "02-28224682",
				"場館官方網站": "http://www.spjh.tp.edu.tw/",
				"場館停車場類型": "一般及無障礙停車場"
			}
		},
		{
			"type": "Feature",
			"geometry": {
				"type": "Point",
				"coordinates": [121.51297, 25.11590221]
			},
			"properties": {
				"場館編號": 25747,
				"場館名稱": "石牌國中室外排球場",
				"所在地址": "臺北市北投區吉利里石牌路1段139號",
				"場館連絡電話": "02-28224682",
				"場館官方網站": "http://www.spjh.tp.edu.tw/",
				"場館停車場類型": "一般及無障礙停車場"
			}
		},
		{
			"type": "Feature",
			"geometry": {
				"type": "Point",
				"coordinates": [121.5858597, 25.04183128]
			},
			"properties": {
				"場館編號": 25766,
				"場館名稱": "玉成公園游泳池(閉館整修中)",
				"所在地址": "臺北市南港區中坡南路55號",
				"場館連絡電話": "02-27265151",
				"場館官方網站": "http://www.wdygsports.com.tw/index.asp",
				"場館停車場類型": "無停車場"
			}
		},
		{
			"type": "Feature",
			"geometry": {
				"type": "Point",
				"coordinates": [121.5665638, 25.06114888]
			},
			"properties": {
				"場館編號": 25770,
				"場館名稱": "三民公園游泳池",
				"所在地址": "臺北市松山區撫遠街298號",
				"場館連絡電話": "02-87876527",
				"場館官方網站": "https://sports.gov.taipei/cp.aspx?n=6293F95CF8D99D64",
				"場館停車場類型": "無停車場"
			}
		},
		{
			"type": "Feature",
			"geometry": {
				"type": "Point",
				"coordinates": [121.5371651, 24.97812617]
			},
			"properties": {
				"場館編號": 25795,
				"場館名稱": "大豐國小仁愛樓前球場",
				"所在地址": "新北市新店區民族路108號",
				"場館連絡電話": "02-22192619#834",
				"場館官方網站": "http://www.dfes.ntpc.edu.tw",
				"場館停車場類型": "無停車場"
			}
		},
		{
			"type": "Feature",
			"geometry": {
				"type": "Point",
				"coordinates": [121.515103, 25.1047833]
			},
			"properties": {
				"場館編號": 25830,
				"場館名稱": "中正高中游泳館",
				"所在地址": "臺北市北投區文林北路77號",
				"場館連絡電話": "02-28234811#330",
				"場館官方網站": "http://www.ccsh.tp.edu.tw",
				"場館停車場類型": ""
			}
		},
		{
			"type": "Feature",
			"geometry": {
				"type": "Point",
				"coordinates": [121.4417261, 25.03413935]
			},
			"properties": {
				"場館編號": 25883,
				"場館名稱": "國泰國小跳遠場",
				"所在地址": "新北市新莊區中正路386號",
				"場館連絡電話": "02-29043693#303",
				"場館官方網站": "https://www.gtps.ntpc.edu.tw/",
				"場館停車場類型": "無停車場"
			}
		},
		{
			"type": "Feature",
			"geometry": {
				"type": "Point",
				"coordinates": [121.380558, 25.08604587]
			},
			"properties": {
				"場館編號": 25919,
				"場館名稱": "林口國民運動中心",
				"所在地址": "新北市林口區文化二路2段299號",
				"場館連絡電話": "02-26029092",
				"場館官方網站": "https://lkcsc.cyc.org.tw/",
				"場館停車場類型": "無停車場"
			}
		},
		{
			"type": "Feature",
			"geometry": {
				"type": "Point",
				"coordinates": [121.628378, 25.00483504]
			},
			"properties": {
				"場館編號": 25920,
				"場館名稱": "新北市深坑區昇高市民活動中心籃球場",
				"所在地址": "新北市深坑區旺?路25號",
				"場館連絡電話": "02-26623116",
				"場館官方網站": "",
				"場館停車場類型": ""
			}
		},
		{
			"type": "Feature",
			"geometry": {
				"type": "Point",
				"coordinates": [121.5482931, 25.15123325]
			},
			"properties": {
				"場館編號": 25942,
				"場館名稱": "臺北市前山公園",
				"所在地址": "臺北市北投區建國街4號",
				"場館連絡電話": "02-28616361#211",
				"場館官方網站": "https://pkl.gov.tw",
				"場館停車場類型": "無停車場"
			}
		},
		{
			"type": "Feature",
			"geometry": {
				"type": "Point",
				"coordinates": [121.4693204, 25.01001476]
			},
			"properties": {
				"場館編號": 25944,
				"場館名稱": "?動精準健康促進中心板橋店",
				"所在地址": "新北市板橋區漢生東路278號1樓",
				"場館連絡電話": "02-29550277",
				"場館官方網站": "https://www.facebook.com/TSoXsports",
				"場館停車場類型": "無停車場"
			}
		},
		{
			"type": "Feature",
			"geometry": {
				"type": "Point",
				"coordinates": [121.4332766, 25.01945294]
			},
			"properties": {
				"場館編號": 25945,
				"場館名稱": "運動易利站新莊店",
				"所在地址": "新北市新莊區新樹路222號7樓",
				"場館連絡電話": "02-22083069",
				"場館官方網站": "https://easygym.com.tw/",
				"場館停車場類型": "無停車場"
			}
		},
		{
			"type": "Feature",
			"geometry": {
				"type": "Point",
				"coordinates": [121.5084504, 25.01050732]
			},
			"properties": {
				"場館編號": 25996,
				"場館名稱": "永平高中游泳池",
				"所在地址": "新北市永和區永平路205號",
				"場館連絡電話": "02-27852354",
				"場館官方網站": "http://www.yphs.ntpc.edu.tw/",
				"場館停車場類型": "一般及無障礙停車場"
			}
		},
		{
			"type": "Feature",
			"geometry": {
				"type": "Point",
				"coordinates": [121.4478753, 25.17872801]
			},
			"properties": {
				"場館編號": 26010,
				"場館名稱": "正德國中柔道場",
				"所在地址": "新北市淡水區北新路109號",
				"場館連絡電話": "02-26205136",
				"場館官方網站": "http://www.jdjh.ntpc.edu.tw",
				"場館停車場類型": ""
			}
		},
		{
			"type": "Feature",
			"geometry": {
				"type": "Point",
				"coordinates": [121.4527898, 25.02614547]
			},
			"properties": {
				"場館編號": 26027,
				"場館名稱": "板橋國中沙灘排球場",
				"所在地址": "新北市板橋區中正路437號",
				"場館連絡電話": "02-29666498#650",
				"場館官方網站": "https://www.pcjh.ntpc.edu.tw/",
				"場館停車場類型": "一般及無障礙停車場"
			}
		},
		{
			"type": "Feature",
			"geometry": {
				"type": "Point",
				"coordinates": [121.4151263, 24.9853238]
			},
			"properties": {
				"場館編號": 26029,
				"場館名稱": "操場-育林國小籃球場",
				"所在地址": "新北市樹林區復興路395號",
				"場館連絡電話": "02-26832112#204",
				"場館官方網站": "",
				"場館停車場類型": "無停車場"
			}
		},
		{
			"type": "Feature",
			"geometry": {
				"type": "Point",
				"coordinates": [121.4301431, 24.96113787]
			},
			"properties": {
				"場館編號": 26103,
				"場館名稱": "土城國中操場旁排球場",
				"所在地址": "新北市土城區永寧路18號",
				"場館連絡電話": "02-22675135#401",
				"場館官方網站": "http://www.tcjh.ntpc.edu.tw",
				"場館停車場類型": "無停車場"
			}
		},
		{
			"type": "Feature",
			"geometry": {
				"type": "Point",
				"coordinates": [121.365999, 25.07833534]
			},
			"properties": {
				"場館編號": 26126,
				"場館名稱": "新北特教戶外籃球場",
				"所在地址": "新北市林口區文化北路一段425號",
				"場館連絡電話": "02-26006768#3005",
				"場館官方網站": "http://210.60.207.4/default.asp",
				"場館停車場類型": "一般及無障礙停車場"
			}
		},
		{
			"type": "Feature",
			"geometry": {
				"type": "Point",
				"coordinates": [121.5754254, 25.00176657]
			},
			"properties": {
				"場館編號": 26131,
				"場館名稱": "田徑場",
				"所在地址": "臺北市文山區木柵路4段159巷14號之1",
				"場館連絡電話": "02-22302585#122",
				"場館官方網站": "",
				"場館停車場類型": "無停車場"
			}
		},
		{
			"type": "Feature",
			"geometry": {
				"type": "Point",
				"coordinates": [121.6101853, 25.06803195]
			},
			"properties": {
				"場館編號": 26132,
				"場館名稱": "南湖國小田徑場",
				"所在地址": "臺北市內湖區葫洲里康寧路3段200號",
				"場館連絡電話": "02-26321296#54",
				"場館官方網站": "http://www.nhps.tp.edu.tw",
				"場館停車場類型": "無停車場"
			}
		},
		{
			"type": "Feature",
			"geometry": {
				"type": "Point",
				"coordinates": [121.5696485, 25.04768102]
			},
			"properties": {
				"場館編號": 26133,
				"場館名稱": "興雅國小操場",
				"所在地址": "臺北市信義區雅祥里基隆路1段83巷9號",
				"場館連絡電話": "02-27618156#639",
				"場館官方網站": "http://www.hyps.tp.edu.tw",
				"場館停車場類型": "一般及無障礙停車場"
			}
		},
		{
			"type": "Feature",
			"geometry": {
				"type": "Point",
				"coordinates": [121.5702351, 25.0478171]
			},
			"properties": {
				"場館編號": 26134,
				"場館名稱": "興雅國小游泳池",
				"所在地址": "臺北市信義區雅祥里基隆路1段83巷9號",
				"場館連絡電話": "02-27618156#639",
				"場館官方網站": "http://www.hyps.tp.edu.tw",
				"場館停車場類型": "一般及無障礙停車場"
			}
		},
		{
			"type": "Feature",
			"geometry": {
				"type": "Point",
				"coordinates": [121.5151425, 25.09440482]
			},
			"properties": {
				"場館編號": 26138,
				"場館名稱": "士商排球場",
				"所在地址": "臺北市士林區後港里士商路150號",
				"場館連絡電話": "02-28313114#306",
				"場館官方網站": "http://www.slhs.tp.edu.tw",
				"場館停車場類型": "無停車場"
			}
		},
		{
			"type": "Feature",
			"geometry": {
				"type": "Point",
				"coordinates": [121.5465893, 25.08013008]
			},
			"properties": {
				"場館編號": 26139,
				"場館名稱": "大直國小溫水游泳池",
				"所在地址": "臺北市中山區大直里大直街2號",
				"場館連絡電話": "02-25323449",
				"場館官方網站": "http://www.tzes.tp.edu.tw/default.asp",
				"場館停車場類型": "無停車場"
			}
		},
		{
			"type": "Feature",
			"geometry": {
				"type": "Point",
				"coordinates": [121.503326, 25.02596204]
			},
			"properties": {
				"場館編號": 26140,
				"場館名稱": "新和國小活動中心",
				"所在地址": "臺北市萬華區西藏路125巷31號",
				"場館連絡電話": "02-23038298#1303",
				"場館官方網站": "http://www.soes.tp.edu.tw",
				"場館停車場類型": "無停車場"
			}
		},
		{
			"type": "Feature",
			"geometry": {
				"type": "Point",
				"coordinates": [121.5722367, 25.03641998]
			},
			"properties": {
				"場館編號": 26150,
				"場館名稱": "興雅國中滾球場",
				"所在地址": "臺北市信義區松德路168巷15號",
				"場館連絡電話": "02-27232771#330",
				"場館官方網站": "http://www.syajh.tp.edu.tw",
				"場館停車場類型": "無停車場"
			}
		},
		{
			"type": "Feature",
			"geometry": {
				"type": "Point",
				"coordinates": [121.4796925, 25.00030879]
			},
			"properties": {
				"場館編號": 26173,
				"場館名稱": "飛輪教室",
				"所在地址": "新北市中和區民安街66號",
				"場館連絡電話": "02-22234747#831",
				"場館官方網站": "http://www.gsjh.ntpc.edu.tw",
				"場館停車場類型": "一般及無障礙停車場"
			}
		},
		{
			"type": "Feature",
			"geometry": {
				"type": "Point",
				"coordinates": [121.5141749, 25.11499367]
			},
			"properties": {
				"場館編號": 26174,
				"場館名稱": "石牌國中活動中心3樓綜合球場",
				"所在地址": "臺北市北投區吉利里石牌路1段139號",
				"場館連絡電話": "02-28224682#253",
				"場館官方網站": "http://www.spjh.tp.edu.tw",
				"場館停車場類型": "無停車場"
			}
		},
		{
			"type": "Feature",
			"geometry": {
				"type": "Point",
				"coordinates": [121.4060122, 25.01641974]
			},
			"properties": {
				"場館編號": 26205,
				"場館名稱": "羽球場",
				"所在地址": "新北市樹林區三福街52號",
				"場館連絡電話": "02-26880698#133",
				"場館官方網站": "",
				"場館停車場類型": "無停車場"
			}
		},
		{
			"type": "Feature",
			"geometry": {
				"type": "Point",
				"coordinates": [121.617365, 25.04249736]
			},
			"properties": {
				"場館編號": 26217,
				"場館名稱": "戶外籃球場",
				"所在地址": "臺北市南港區中研里舊莊街1段1號",
				"場館連絡電話": "02-27824949#932",
				"場館官方網站": "",
				"場館停車場類型": "無停車場"
			}
		},
		{
			"type": "Feature",
			"geometry": {
				"type": "Point",
				"coordinates": [121.4480374, 25.09481589]
			},
			"properties": {
				"場館編號": 26235,
				"場館名稱": "五股國民運動中心",
				"所在地址": "新北市五股區成泰路三段296號",
				"場館連絡電話": "02-22928255",
				"場館官方網站": "https://wgsc.chanchao.com.tw",
				"場館停車場類型": "一般及無障礙停車場"
			}
		},
		{
			"type": "Feature",
			"geometry": {
				"type": "Point",
				"coordinates": [121.4503437, 25.05985142]
			},
			"properties": {
				"場館編號": 26236,
				"場館名稱": "Waypoint FITNESS",
				"所在地址": "新北市新莊區新北大道四段1號2樓",
				"場館連絡電話": "02-25791710",
				"場館官方網站": "https://www.facebook.com/WPFitness2020/?ref=page_internal",
				"場館停車場類型": "無停車場"
			}
		},
		{
			"type": "Feature",
			"geometry": {
				"type": "Point",
				"coordinates": [121.6328734, 25.23920326]
			},
			"properties": {
				"場館編號": 26250,
				"場館名稱": "中角灣衝浪中心",
				"所在地址": "新北市金山區海興路162-1號",
				"場館連絡電話": "02-24988226",
				"場館官方網站": "https://www.facebook.com/jinshansurfing/",
				"場館停車場類型": "無停車場"
			}
		},
		{
			"type": "Feature",
			"geometry": {
				"type": "Point",
				"coordinates": [121.5045471, 25.01118575]
			},
			"properties": {
				"場館編號": 26278,
				"場館名稱": "永和公一公園籃球場",
				"所在地址": "新北市永和區保生路55-2號",
				"場館連絡電話": "02-29282828#318",
				"場館官方網站": "https://www.yonghe.ntpc.gov.tw/",
				"場館停車場類型": "無停車場"
			}
		},
		{
			"type": "Feature",
			"geometry": {
				"type": "Point",
				"coordinates": [121.3465751, 24.9472432]
			},
			"properties": {
				"場館編號": 26281,
				"場館名稱": "鶯歌尖山公園籃球場",
				"所在地址": "新北市鶯歌區尖山路156巷71弄5號",
				"場館連絡電話": "02-26780202#515",
				"場館官方網站": "https://www.yingge.ntpc.gov.tw/",
				"場館停車場類型": "無停車場"
			}
		}
	]
}
